// ifu_rvc_exp oracle, gen_ifu_rvc_exp_oracle.py. Do not edit.
// LLVM version 21.0.0git
// disassembly --mattr=+c,+m,+f,+d,+zba,+zbb,+zcb,+zcmop
// re-encode -march=rv64imafd_zba_zbb
// {class[7:0], expected[31:0]}, index = encoding
// class 0 NA      16384
// class 1 LLVM    46396
// class 2 RSV      1369
// class 3 ILL0        1
// class 4 HINT      363
// class 5 MOP         8
// class 6 RSVLLVM    23
// class 7 MVALT     992
0300000000
0100000013
0400001013
0000000000
0200000004
0400100013
0400101013
0000000000
0200000008
0400200013
0400201013
0000000000
020000000c
0400300013
0400301013
0000000000
0200000010
0400400013
0400401013
0000000000
0200000014
0400500013
0400501013
0000000000
0200000018
0400600013
0400601013
0000000000
020000001c
0400700013
0400701013
0000000000
0100810413
0400800013
0400801013
0000000000
0100810493
0400900013
0400901013
0000000000
0100810513
0400a00013
0400a01013
0000000000
0100810593
0400b00013
0400b01013
0000000000
0100810613
0400c00013
0400c01013
0000000000
0100810693
0400d00013
0400d01013
0000000000
0100810713
0400e00013
0400e01013
0000000000
0100810793
0400f00013
0400f01013
0000000000
0100410413
0401000013
0401001013
0000000000
0100410493
0401100013
0401101013
0000000000
0100410513
0401200013
0401201013
0000000000
0100410593
0401300013
0401301013
0000000000
0100410613
0401400013
0401401013
0000000000
0100410693
0401500013
0401501013
0000000000
0100410713
0401600013
0401601013
0000000000
0100410793
0401700013
0401701013
0000000000
0100c10413
0401800013
0401801013
0000000000
0100c10493
0401900013
0401901013
0000000000
0100c10513
0401a00013
0401a01013
0000000000
0100c10593
0401b00013
0401b01013
0000000000
0100c10613
0401c00013
0401c01013
0000000000
0100c10693
0401d00013
0401d01013
0000000000
0100c10713
0401e00013
0401e01013
0000000000
0100c10793
0401f00013
0401f01013
0000000000
0104010413
0400008093
0400009093
0000000000
0104010493
0100108093
0100109093
0000000000
0104010513
0100208093
0100209093
0000000000
0104010593
0100308093
0100309093
0000000000
0104010613
0100408093
0100409093
0000000000
0104010693
0100508093
0100509093
0000000000
0104010713
0100608093
0100609093
0000000000
0104010793
0100708093
0100709093
0000000000
0104810413
0100808093
0100809093
0000000000
0104810493
0100908093
0100909093
0000000000
0104810513
0100a08093
0100a09093
0000000000
0104810593
0100b08093
0100b09093
0000000000
0104810613
0100c08093
0100c09093
0000000000
0104810693
0100d08093
0100d09093
0000000000
0104810713
0100e08093
0100e09093
0000000000
0104810793
0100f08093
0100f09093
0000000000
0104410413
0101008093
0101009093
0000000000
0104410493
0101108093
0101109093
0000000000
0104410513
0101208093
0101209093
0000000000
0104410593
0101308093
0101309093
0000000000
0104410613
0101408093
0101409093
0000000000
0104410693
0101508093
0101509093
0000000000
0104410713
0101608093
0101609093
0000000000
0104410793
0101708093
0101709093
0000000000
0104c10413
0101808093
0101809093
0000000000
0104c10493
0101908093
0101909093
0000000000
0104c10513
0101a08093
0101a09093
0000000000
0104c10593
0101b08093
0101b09093
0000000000
0104c10613
0101c08093
0101c09093
0000000000
0104c10693
0101d08093
0101d09093
0000000000
0104c10713
0101e08093
0101e09093
0000000000
0104c10793
0101f08093
0101f09093
0000000000
0108010413
0400010113
0400011113
0000000000
0108010493
0100110113
0100111113
0000000000
0108010513
0100210113
0100211113
0000000000
0108010593
0100310113
0100311113
0000000000
0108010613
0100410113
0100411113
0000000000
0108010693
0100510113
0100511113
0000000000
0108010713
0100610113
0100611113
0000000000
0108010793
0100710113
0100711113
0000000000
0108810413
0100810113
0100811113
0000000000
0108810493
0100910113
0100911113
0000000000
0108810513
0100a10113
0100a11113
0000000000
0108810593
0100b10113
0100b11113
0000000000
0108810613
0100c10113
0100c11113
0000000000
0108810693
0100d10113
0100d11113
0000000000
0108810713
0100e10113
0100e11113
0000000000
0108810793
0100f10113
0100f11113
0000000000
0108410413
0101010113
0101011113
0000000000
0108410493
0101110113
0101111113
0000000000
0108410513
0101210113
0101211113
0000000000
0108410593
0101310113
0101311113
0000000000
0108410613
0101410113
0101411113
0000000000
0108410693
0101510113
0101511113
0000000000
0108410713
0101610113
0101611113
0000000000
0108410793
0101710113
0101711113
0000000000
0108c10413
0101810113
0101811113
0000000000
0108c10493
0101910113
0101911113
0000000000
0108c10513
0101a10113
0101a11113
0000000000
0108c10593
0101b10113
0101b11113
0000000000
0108c10613
0101c10113
0101c11113
0000000000
0108c10693
0101d10113
0101d11113
0000000000
0108c10713
0101e10113
0101e11113
0000000000
0108c10793
0101f10113
0101f11113
0000000000
010c010413
0400018193
0400019193
0000000000
010c010493
0100118193
0100119193
0000000000
010c010513
0100218193
0100219193
0000000000
010c010593
0100318193
0100319193
0000000000
010c010613
0100418193
0100419193
0000000000
010c010693
0100518193
0100519193
0000000000
010c010713
0100618193
0100619193
0000000000
010c010793
0100718193
0100719193
0000000000
010c810413
0100818193
0100819193
0000000000
010c810493
0100918193
0100919193
0000000000
010c810513
0100a18193
0100a19193
0000000000
010c810593
0100b18193
0100b19193
0000000000
010c810613
0100c18193
0100c19193
0000000000
010c810693
0100d18193
0100d19193
0000000000
010c810713
0100e18193
0100e19193
0000000000
010c810793
0100f18193
0100f19193
0000000000
010c410413
0101018193
0101019193
0000000000
010c410493
0101118193
0101119193
0000000000
010c410513
0101218193
0101219193
0000000000
010c410593
0101318193
0101319193
0000000000
010c410613
0101418193
0101419193
0000000000
010c410693
0101518193
0101519193
0000000000
010c410713
0101618193
0101619193
0000000000
010c410793
0101718193
0101719193
0000000000
010cc10413
0101818193
0101819193
0000000000
010cc10493
0101918193
0101919193
0000000000
010cc10513
0101a18193
0101a19193
0000000000
010cc10593
0101b18193
0101b19193
0000000000
010cc10613
0101c18193
0101c19193
0000000000
010cc10693
0101d18193
0101d19193
0000000000
010cc10713
0101e18193
0101e19193
0000000000
010cc10793
0101f18193
0101f19193
0000000000
0110010413
0400020213
0400021213
0000000000
0110010493
0100120213
0100121213
0000000000
0110010513
0100220213
0100221213
0000000000
0110010593
0100320213
0100321213
0000000000
0110010613
0100420213
0100421213
0000000000
0110010693
0100520213
0100521213
0000000000
0110010713
0100620213
0100621213
0000000000
0110010793
0100720213
0100721213
0000000000
0110810413
0100820213
0100821213
0000000000
0110810493
0100920213
0100921213
0000000000
0110810513
0100a20213
0100a21213
0000000000
0110810593
0100b20213
0100b21213
0000000000
0110810613
0100c20213
0100c21213
0000000000
0110810693
0100d20213
0100d21213
0000000000
0110810713
0100e20213
0100e21213
0000000000
0110810793
0100f20213
0100f21213
0000000000
0110410413
0101020213
0101021213
0000000000
0110410493
0101120213
0101121213
0000000000
0110410513
0101220213
0101221213
0000000000
0110410593
0101320213
0101321213
0000000000
0110410613
0101420213
0101421213
0000000000
0110410693
0101520213
0101521213
0000000000
0110410713
0101620213
0101621213
0000000000
0110410793
0101720213
0101721213
0000000000
0110c10413
0101820213
0101821213
0000000000
0110c10493
0101920213
0101921213
0000000000
0110c10513
0101a20213
0101a21213
0000000000
0110c10593
0101b20213
0101b21213
0000000000
0110c10613
0101c20213
0101c21213
0000000000
0110c10693
0101d20213
0101d21213
0000000000
0110c10713
0101e20213
0101e21213
0000000000
0110c10793
0101f20213
0101f21213
0000000000
0114010413
0400028293
0400029293
0000000000
0114010493
0100128293
0100129293
0000000000
0114010513
0100228293
0100229293
0000000000
0114010593
0100328293
0100329293
0000000000
0114010613
0100428293
0100429293
0000000000
0114010693
0100528293
0100529293
0000000000
0114010713
0100628293
0100629293
0000000000
0114010793
0100728293
0100729293
0000000000
0114810413
0100828293
0100829293
0000000000
0114810493
0100928293
0100929293
0000000000
0114810513
0100a28293
0100a29293
0000000000
0114810593
0100b28293
0100b29293
0000000000
0114810613
0100c28293
0100c29293
0000000000
0114810693
0100d28293
0100d29293
0000000000
0114810713
0100e28293
0100e29293
0000000000
0114810793
0100f28293
0100f29293
0000000000
0114410413
0101028293
0101029293
0000000000
0114410493
0101128293
0101129293
0000000000
0114410513
0101228293
0101229293
0000000000
0114410593
0101328293
0101329293
0000000000
0114410613
0101428293
0101429293
0000000000
0114410693
0101528293
0101529293
0000000000
0114410713
0101628293
0101629293
0000000000
0114410793
0101728293
0101729293
0000000000
0114c10413
0101828293
0101829293
0000000000
0114c10493
0101928293
0101929293
0000000000
0114c10513
0101a28293
0101a29293
0000000000
0114c10593
0101b28293
0101b29293
0000000000
0114c10613
0101c28293
0101c29293
0000000000
0114c10693
0101d28293
0101d29293
0000000000
0114c10713
0101e28293
0101e29293
0000000000
0114c10793
0101f28293
0101f29293
0000000000
0118010413
0400030313
0400031313
0000000000
0118010493
0100130313
0100131313
0000000000
0118010513
0100230313
0100231313
0000000000
0118010593
0100330313
0100331313
0000000000
0118010613
0100430313
0100431313
0000000000
0118010693
0100530313
0100531313
0000000000
0118010713
0100630313
0100631313
0000000000
0118010793
0100730313
0100731313
0000000000
0118810413
0100830313
0100831313
0000000000
0118810493
0100930313
0100931313
0000000000
0118810513
0100a30313
0100a31313
0000000000
0118810593
0100b30313
0100b31313
0000000000
0118810613
0100c30313
0100c31313
0000000000
0118810693
0100d30313
0100d31313
0000000000
0118810713
0100e30313
0100e31313
0000000000
0118810793
0100f30313
0100f31313
0000000000
0118410413
0101030313
0101031313
0000000000
0118410493
0101130313
0101131313
0000000000
0118410513
0101230313
0101231313
0000000000
0118410593
0101330313
0101331313
0000000000
0118410613
0101430313
0101431313
0000000000
0118410693
0101530313
0101531313
0000000000
0118410713
0101630313
0101631313
0000000000
0118410793
0101730313
0101731313
0000000000
0118c10413
0101830313
0101831313
0000000000
0118c10493
0101930313
0101931313
0000000000
0118c10513
0101a30313
0101a31313
0000000000
0118c10593
0101b30313
0101b31313
0000000000
0118c10613
0101c30313
0101c31313
0000000000
0118c10693
0101d30313
0101d31313
0000000000
0118c10713
0101e30313
0101e31313
0000000000
0118c10793
0101f30313
0101f31313
0000000000
011c010413
0400038393
0400039393
0000000000
011c010493
0100138393
0100139393
0000000000
011c010513
0100238393
0100239393
0000000000
011c010593
0100338393
0100339393
0000000000
011c010613
0100438393
0100439393
0000000000
011c010693
0100538393
0100539393
0000000000
011c010713
0100638393
0100639393
0000000000
011c010793
0100738393
0100739393
0000000000
011c810413
0100838393
0100839393
0000000000
011c810493
0100938393
0100939393
0000000000
011c810513
0100a38393
0100a39393
0000000000
011c810593
0100b38393
0100b39393
0000000000
011c810613
0100c38393
0100c39393
0000000000
011c810693
0100d38393
0100d39393
0000000000
011c810713
0100e38393
0100e39393
0000000000
011c810793
0100f38393
0100f39393
0000000000
011c410413
0101038393
0101039393
0000000000
011c410493
0101138393
0101139393
0000000000
011c410513
0101238393
0101239393
0000000000
011c410593
0101338393
0101339393
0000000000
011c410613
0101438393
0101439393
0000000000
011c410693
0101538393
0101539393
0000000000
011c410713
0101638393
0101639393
0000000000
011c410793
0101738393
0101739393
0000000000
011cc10413
0101838393
0101839393
0000000000
011cc10493
0101938393
0101939393
0000000000
011cc10513
0101a38393
0101a39393
0000000000
011cc10593
0101b38393
0101b39393
0000000000
011cc10613
0101c38393
0101c39393
0000000000
011cc10693
0101d38393
0101d39393
0000000000
011cc10713
0101e38393
0101e39393
0000000000
011cc10793
0101f38393
0101f39393
0000000000
0120010413
0400040413
0400041413
0000000000
0120010493
0100140413
0100141413
0000000000
0120010513
0100240413
0100241413
0000000000
0120010593
0100340413
0100341413
0000000000
0120010613
0100440413
0100441413
0000000000
0120010693
0100540413
0100541413
0000000000
0120010713
0100640413
0100641413
0000000000
0120010793
0100740413
0100741413
0000000000
0120810413
0100840413
0100841413
0000000000
0120810493
0100940413
0100941413
0000000000
0120810513
0100a40413
0100a41413
0000000000
0120810593
0100b40413
0100b41413
0000000000
0120810613
0100c40413
0100c41413
0000000000
0120810693
0100d40413
0100d41413
0000000000
0120810713
0100e40413
0100e41413
0000000000
0120810793
0100f40413
0100f41413
0000000000
0120410413
0101040413
0101041413
0000000000
0120410493
0101140413
0101141413
0000000000
0120410513
0101240413
0101241413
0000000000
0120410593
0101340413
0101341413
0000000000
0120410613
0101440413
0101441413
0000000000
0120410693
0101540413
0101541413
0000000000
0120410713
0101640413
0101641413
0000000000
0120410793
0101740413
0101741413
0000000000
0120c10413
0101840413
0101841413
0000000000
0120c10493
0101940413
0101941413
0000000000
0120c10513
0101a40413
0101a41413
0000000000
0120c10593
0101b40413
0101b41413
0000000000
0120c10613
0101c40413
0101c41413
0000000000
0120c10693
0101d40413
0101d41413
0000000000
0120c10713
0101e40413
0101e41413
0000000000
0120c10793
0101f40413
0101f41413
0000000000
0124010413
0400048493
0400049493
0000000000
0124010493
0100148493
0100149493
0000000000
0124010513
0100248493
0100249493
0000000000
0124010593
0100348493
0100349493
0000000000
0124010613
0100448493
0100449493
0000000000
0124010693
0100548493
0100549493
0000000000
0124010713
0100648493
0100649493
0000000000
0124010793
0100748493
0100749493
0000000000
0124810413
0100848493
0100849493
0000000000
0124810493
0100948493
0100949493
0000000000
0124810513
0100a48493
0100a49493
0000000000
0124810593
0100b48493
0100b49493
0000000000
0124810613
0100c48493
0100c49493
0000000000
0124810693
0100d48493
0100d49493
0000000000
0124810713
0100e48493
0100e49493
0000000000
0124810793
0100f48493
0100f49493
0000000000
0124410413
0101048493
0101049493
0000000000
0124410493
0101148493
0101149493
0000000000
0124410513
0101248493
0101249493
0000000000
0124410593
0101348493
0101349493
0000000000
0124410613
0101448493
0101449493
0000000000
0124410693
0101548493
0101549493
0000000000
0124410713
0101648493
0101649493
0000000000
0124410793
0101748493
0101749493
0000000000
0124c10413
0101848493
0101849493
0000000000
0124c10493
0101948493
0101949493
0000000000
0124c10513
0101a48493
0101a49493
0000000000
0124c10593
0101b48493
0101b49493
0000000000
0124c10613
0101c48493
0101c49493
0000000000
0124c10693
0101d48493
0101d49493
0000000000
0124c10713
0101e48493
0101e49493
0000000000
0124c10793
0101f48493
0101f49493
0000000000
0128010413
0400050513
0400051513
0000000000
0128010493
0100150513
0100151513
0000000000
0128010513
0100250513
0100251513
0000000000
0128010593
0100350513
0100351513
0000000000
0128010613
0100450513
0100451513
0000000000
0128010693
0100550513
0100551513
0000000000
0128010713
0100650513
0100651513
0000000000
0128010793
0100750513
0100751513
0000000000
0128810413
0100850513
0100851513
0000000000
0128810493
0100950513
0100951513
0000000000
0128810513
0100a50513
0100a51513
0000000000
0128810593
0100b50513
0100b51513
0000000000
0128810613
0100c50513
0100c51513
0000000000
0128810693
0100d50513
0100d51513
0000000000
0128810713
0100e50513
0100e51513
0000000000
0128810793
0100f50513
0100f51513
0000000000
0128410413
0101050513
0101051513
0000000000
0128410493
0101150513
0101151513
0000000000
0128410513
0101250513
0101251513
0000000000
0128410593
0101350513
0101351513
0000000000
0128410613
0101450513
0101451513
0000000000
0128410693
0101550513
0101551513
0000000000
0128410713
0101650513
0101651513
0000000000
0128410793
0101750513
0101751513
0000000000
0128c10413
0101850513
0101851513
0000000000
0128c10493
0101950513
0101951513
0000000000
0128c10513
0101a50513
0101a51513
0000000000
0128c10593
0101b50513
0101b51513
0000000000
0128c10613
0101c50513
0101c51513
0000000000
0128c10693
0101d50513
0101d51513
0000000000
0128c10713
0101e50513
0101e51513
0000000000
0128c10793
0101f50513
0101f51513
0000000000
012c010413
0400058593
0400059593
0000000000
012c010493
0100158593
0100159593
0000000000
012c010513
0100258593
0100259593
0000000000
012c010593
0100358593
0100359593
0000000000
012c010613
0100458593
0100459593
0000000000
012c010693
0100558593
0100559593
0000000000
012c010713
0100658593
0100659593
0000000000
012c010793
0100758593
0100759593
0000000000
012c810413
0100858593
0100859593
0000000000
012c810493
0100958593
0100959593
0000000000
012c810513
0100a58593
0100a59593
0000000000
012c810593
0100b58593
0100b59593
0000000000
012c810613
0100c58593
0100c59593
0000000000
012c810693
0100d58593
0100d59593
0000000000
012c810713
0100e58593
0100e59593
0000000000
012c810793
0100f58593
0100f59593
0000000000
012c410413
0101058593
0101059593
0000000000
012c410493
0101158593
0101159593
0000000000
012c410513
0101258593
0101259593
0000000000
012c410593
0101358593
0101359593
0000000000
012c410613
0101458593
0101459593
0000000000
012c410693
0101558593
0101559593
0000000000
012c410713
0101658593
0101659593
0000000000
012c410793
0101758593
0101759593
0000000000
012cc10413
0101858593
0101859593
0000000000
012cc10493
0101958593
0101959593
0000000000
012cc10513
0101a58593
0101a59593
0000000000
012cc10593
0101b58593
0101b59593
0000000000
012cc10613
0101c58593
0101c59593
0000000000
012cc10693
0101d58593
0101d59593
0000000000
012cc10713
0101e58593
0101e59593
0000000000
012cc10793
0101f58593
0101f59593
0000000000
0130010413
0400060613
0400061613
0000000000
0130010493
0100160613
0100161613
0000000000
0130010513
0100260613
0100261613
0000000000
0130010593
0100360613
0100361613
0000000000
0130010613
0100460613
0100461613
0000000000
0130010693
0100560613
0100561613
0000000000
0130010713
0100660613
0100661613
0000000000
0130010793
0100760613
0100761613
0000000000
0130810413
0100860613
0100861613
0000000000
0130810493
0100960613
0100961613
0000000000
0130810513
0100a60613
0100a61613
0000000000
0130810593
0100b60613
0100b61613
0000000000
0130810613
0100c60613
0100c61613
0000000000
0130810693
0100d60613
0100d61613
0000000000
0130810713
0100e60613
0100e61613
0000000000
0130810793
0100f60613
0100f61613
0000000000
0130410413
0101060613
0101061613
0000000000
0130410493
0101160613
0101161613
0000000000
0130410513
0101260613
0101261613
0000000000
0130410593
0101360613
0101361613
0000000000
0130410613
0101460613
0101461613
0000000000
0130410693
0101560613
0101561613
0000000000
0130410713
0101660613
0101661613
0000000000
0130410793
0101760613
0101761613
0000000000
0130c10413
0101860613
0101861613
0000000000
0130c10493
0101960613
0101961613
0000000000
0130c10513
0101a60613
0101a61613
0000000000
0130c10593
0101b60613
0101b61613
0000000000
0130c10613
0101c60613
0101c61613
0000000000
0130c10693
0101d60613
0101d61613
0000000000
0130c10713
0101e60613
0101e61613
0000000000
0130c10793
0101f60613
0101f61613
0000000000
0134010413
0400068693
0400069693
0000000000
0134010493
0100168693
0100169693
0000000000
0134010513
0100268693
0100269693
0000000000
0134010593
0100368693
0100369693
0000000000
0134010613
0100468693
0100469693
0000000000
0134010693
0100568693
0100569693
0000000000
0134010713
0100668693
0100669693
0000000000
0134010793
0100768693
0100769693
0000000000
0134810413
0100868693
0100869693
0000000000
0134810493
0100968693
0100969693
0000000000
0134810513
0100a68693
0100a69693
0000000000
0134810593
0100b68693
0100b69693
0000000000
0134810613
0100c68693
0100c69693
0000000000
0134810693
0100d68693
0100d69693
0000000000
0134810713
0100e68693
0100e69693
0000000000
0134810793
0100f68693
0100f69693
0000000000
0134410413
0101068693
0101069693
0000000000
0134410493
0101168693
0101169693
0000000000
0134410513
0101268693
0101269693
0000000000
0134410593
0101368693
0101369693
0000000000
0134410613
0101468693
0101469693
0000000000
0134410693
0101568693
0101569693
0000000000
0134410713
0101668693
0101669693
0000000000
0134410793
0101768693
0101769693
0000000000
0134c10413
0101868693
0101869693
0000000000
0134c10493
0101968693
0101969693
0000000000
0134c10513
0101a68693
0101a69693
0000000000
0134c10593
0101b68693
0101b69693
0000000000
0134c10613
0101c68693
0101c69693
0000000000
0134c10693
0101d68693
0101d69693
0000000000
0134c10713
0101e68693
0101e69693
0000000000
0134c10793
0101f68693
0101f69693
0000000000
0138010413
0400070713
0400071713
0000000000
0138010493
0100170713
0100171713
0000000000
0138010513
0100270713
0100271713
0000000000
0138010593
0100370713
0100371713
0000000000
0138010613
0100470713
0100471713
0000000000
0138010693
0100570713
0100571713
0000000000
0138010713
0100670713
0100671713
0000000000
0138010793
0100770713
0100771713
0000000000
0138810413
0100870713
0100871713
0000000000
0138810493
0100970713
0100971713
0000000000
0138810513
0100a70713
0100a71713
0000000000
0138810593
0100b70713
0100b71713
0000000000
0138810613
0100c70713
0100c71713
0000000000
0138810693
0100d70713
0100d71713
0000000000
0138810713
0100e70713
0100e71713
0000000000
0138810793
0100f70713
0100f71713
0000000000
0138410413
0101070713
0101071713
0000000000
0138410493
0101170713
0101171713
0000000000
0138410513
0101270713
0101271713
0000000000
0138410593
0101370713
0101371713
0000000000
0138410613
0101470713
0101471713
0000000000
0138410693
0101570713
0101571713
0000000000
0138410713
0101670713
0101671713
0000000000
0138410793
0101770713
0101771713
0000000000
0138c10413
0101870713
0101871713
0000000000
0138c10493
0101970713
0101971713
0000000000
0138c10513
0101a70713
0101a71713
0000000000
0138c10593
0101b70713
0101b71713
0000000000
0138c10613
0101c70713
0101c71713
0000000000
0138c10693
0101d70713
0101d71713
0000000000
0138c10713
0101e70713
0101e71713
0000000000
0138c10793
0101f70713
0101f71713
0000000000
013c010413
0400078793
0400079793
0000000000
013c010493
0100178793
0100179793
0000000000
013c010513
0100278793
0100279793
0000000000
013c010593
0100378793
0100379793
0000000000
013c010613
0100478793
0100479793
0000000000
013c010693
0100578793
0100579793
0000000000
013c010713
0100678793
0100679793
0000000000
013c010793
0100778793
0100779793
0000000000
013c810413
0100878793
0100879793
0000000000
013c810493
0100978793
0100979793
0000000000
013c810513
0100a78793
0100a79793
0000000000
013c810593
0100b78793
0100b79793
0000000000
013c810613
0100c78793
0100c79793
0000000000
013c810693
0100d78793
0100d79793
0000000000
013c810713
0100e78793
0100e79793
0000000000
013c810793
0100f78793
0100f79793
0000000000
013c410413
0101078793
0101079793
0000000000
013c410493
0101178793
0101179793
0000000000
013c410513
0101278793
0101279793
0000000000
013c410593
0101378793
0101379793
0000000000
013c410613
0101478793
0101479793
0000000000
013c410693
0101578793
0101579793
0000000000
013c410713
0101678793
0101679793
0000000000
013c410793
0101778793
0101779793
0000000000
013cc10413
0101878793
0101879793
0000000000
013cc10493
0101978793
0101979793
0000000000
013cc10513
0101a78793
0101a79793
0000000000
013cc10593
0101b78793
0101b79793
0000000000
013cc10613
0101c78793
0101c79793
0000000000
013cc10693
0101d78793
0101d79793
0000000000
013cc10713
0101e78793
0101e79793
0000000000
013cc10793
0101f78793
0101f79793
0000000000
0101010413
0400080813
0400081813
0000000000
0101010493
0100180813
0100181813
0000000000
0101010513
0100280813
0100281813
0000000000
0101010593
0100380813
0100381813
0000000000
0101010613
0100480813
0100481813
0000000000
0101010693
0100580813
0100581813
0000000000
0101010713
0100680813
0100681813
0000000000
0101010793
0100780813
0100781813
0000000000
0101810413
0100880813
0100881813
0000000000
0101810493
0100980813
0100981813
0000000000
0101810513
0100a80813
0100a81813
0000000000
0101810593
0100b80813
0100b81813
0000000000
0101810613
0100c80813
0100c81813
0000000000
0101810693
0100d80813
0100d81813
0000000000
0101810713
0100e80813
0100e81813
0000000000
0101810793
0100f80813
0100f81813
0000000000
0101410413
0101080813
0101081813
0000000000
0101410493
0101180813
0101181813
0000000000
0101410513
0101280813
0101281813
0000000000
0101410593
0101380813
0101381813
0000000000
0101410613
0101480813
0101481813
0000000000
0101410693
0101580813
0101581813
0000000000
0101410713
0101680813
0101681813
0000000000
0101410793
0101780813
0101781813
0000000000
0101c10413
0101880813
0101881813
0000000000
0101c10493
0101980813
0101981813
0000000000
0101c10513
0101a80813
0101a81813
0000000000
0101c10593
0101b80813
0101b81813
0000000000
0101c10613
0101c80813
0101c81813
0000000000
0101c10693
0101d80813
0101d81813
0000000000
0101c10713
0101e80813
0101e81813
0000000000
0101c10793
0101f80813
0101f81813
0000000000
0105010413
0400088893
0400089893
0000000000
0105010493
0100188893
0100189893
0000000000
0105010513
0100288893
0100289893
0000000000
0105010593
0100388893
0100389893
0000000000
0105010613
0100488893
0100489893
0000000000
0105010693
0100588893
0100589893
0000000000
0105010713
0100688893
0100689893
0000000000
0105010793
0100788893
0100789893
0000000000
0105810413
0100888893
0100889893
0000000000
0105810493
0100988893
0100989893
0000000000
0105810513
0100a88893
0100a89893
0000000000
0105810593
0100b88893
0100b89893
0000000000
0105810613
0100c88893
0100c89893
0000000000
0105810693
0100d88893
0100d89893
0000000000
0105810713
0100e88893
0100e89893
0000000000
0105810793
0100f88893
0100f89893
0000000000
0105410413
0101088893
0101089893
0000000000
0105410493
0101188893
0101189893
0000000000
0105410513
0101288893
0101289893
0000000000
0105410593
0101388893
0101389893
0000000000
0105410613
0101488893
0101489893
0000000000
0105410693
0101588893
0101589893
0000000000
0105410713
0101688893
0101689893
0000000000
0105410793
0101788893
0101789893
0000000000
0105c10413
0101888893
0101889893
0000000000
0105c10493
0101988893
0101989893
0000000000
0105c10513
0101a88893
0101a89893
0000000000
0105c10593
0101b88893
0101b89893
0000000000
0105c10613
0101c88893
0101c89893
0000000000
0105c10693
0101d88893
0101d89893
0000000000
0105c10713
0101e88893
0101e89893
0000000000
0105c10793
0101f88893
0101f89893
0000000000
0109010413
0400090913
0400091913
0000000000
0109010493
0100190913
0100191913
0000000000
0109010513
0100290913
0100291913
0000000000
0109010593
0100390913
0100391913
0000000000
0109010613
0100490913
0100491913
0000000000
0109010693
0100590913
0100591913
0000000000
0109010713
0100690913
0100691913
0000000000
0109010793
0100790913
0100791913
0000000000
0109810413
0100890913
0100891913
0000000000
0109810493
0100990913
0100991913
0000000000
0109810513
0100a90913
0100a91913
0000000000
0109810593
0100b90913
0100b91913
0000000000
0109810613
0100c90913
0100c91913
0000000000
0109810693
0100d90913
0100d91913
0000000000
0109810713
0100e90913
0100e91913
0000000000
0109810793
0100f90913
0100f91913
0000000000
0109410413
0101090913
0101091913
0000000000
0109410493
0101190913
0101191913
0000000000
0109410513
0101290913
0101291913
0000000000
0109410593
0101390913
0101391913
0000000000
0109410613
0101490913
0101491913
0000000000
0109410693
0101590913
0101591913
0000000000
0109410713
0101690913
0101691913
0000000000
0109410793
0101790913
0101791913
0000000000
0109c10413
0101890913
0101891913
0000000000
0109c10493
0101990913
0101991913
0000000000
0109c10513
0101a90913
0101a91913
0000000000
0109c10593
0101b90913
0101b91913
0000000000
0109c10613
0101c90913
0101c91913
0000000000
0109c10693
0101d90913
0101d91913
0000000000
0109c10713
0101e90913
0101e91913
0000000000
0109c10793
0101f90913
0101f91913
0000000000
010d010413
0400098993
0400099993
0000000000
010d010493
0100198993
0100199993
0000000000
010d010513
0100298993
0100299993
0000000000
010d010593
0100398993
0100399993
0000000000
010d010613
0100498993
0100499993
0000000000
010d010693
0100598993
0100599993
0000000000
010d010713
0100698993
0100699993
0000000000
010d010793
0100798993
0100799993
0000000000
010d810413
0100898993
0100899993
0000000000
010d810493
0100998993
0100999993
0000000000
010d810513
0100a98993
0100a99993
0000000000
010d810593
0100b98993
0100b99993
0000000000
010d810613
0100c98993
0100c99993
0000000000
010d810693
0100d98993
0100d99993
0000000000
010d810713
0100e98993
0100e99993
0000000000
010d810793
0100f98993
0100f99993
0000000000
010d410413
0101098993
0101099993
0000000000
010d410493
0101198993
0101199993
0000000000
010d410513
0101298993
0101299993
0000000000
010d410593
0101398993
0101399993
0000000000
010d410613
0101498993
0101499993
0000000000
010d410693
0101598993
0101599993
0000000000
010d410713
0101698993
0101699993
0000000000
010d410793
0101798993
0101799993
0000000000
010dc10413
0101898993
0101899993
0000000000
010dc10493
0101998993
0101999993
0000000000
010dc10513
0101a98993
0101a99993
0000000000
010dc10593
0101b98993
0101b99993
0000000000
010dc10613
0101c98993
0101c99993
0000000000
010dc10693
0101d98993
0101d99993
0000000000
010dc10713
0101e98993
0101e99993
0000000000
010dc10793
0101f98993
0101f99993
0000000000
0111010413
04000a0a13
04000a1a13
0000000000
0111010493
01001a0a13
01001a1a13
0000000000
0111010513
01002a0a13
01002a1a13
0000000000
0111010593
01003a0a13
01003a1a13
0000000000
0111010613
01004a0a13
01004a1a13
0000000000
0111010693
01005a0a13
01005a1a13
0000000000
0111010713
01006a0a13
01006a1a13
0000000000
0111010793
01007a0a13
01007a1a13
0000000000
0111810413
01008a0a13
01008a1a13
0000000000
0111810493
01009a0a13
01009a1a13
0000000000
0111810513
0100aa0a13
0100aa1a13
0000000000
0111810593
0100ba0a13
0100ba1a13
0000000000
0111810613
0100ca0a13
0100ca1a13
0000000000
0111810693
0100da0a13
0100da1a13
0000000000
0111810713
0100ea0a13
0100ea1a13
0000000000
0111810793
0100fa0a13
0100fa1a13
0000000000
0111410413
01010a0a13
01010a1a13
0000000000
0111410493
01011a0a13
01011a1a13
0000000000
0111410513
01012a0a13
01012a1a13
0000000000
0111410593
01013a0a13
01013a1a13
0000000000
0111410613
01014a0a13
01014a1a13
0000000000
0111410693
01015a0a13
01015a1a13
0000000000
0111410713
01016a0a13
01016a1a13
0000000000
0111410793
01017a0a13
01017a1a13
0000000000
0111c10413
01018a0a13
01018a1a13
0000000000
0111c10493
01019a0a13
01019a1a13
0000000000
0111c10513
0101aa0a13
0101aa1a13
0000000000
0111c10593
0101ba0a13
0101ba1a13
0000000000
0111c10613
0101ca0a13
0101ca1a13
0000000000
0111c10693
0101da0a13
0101da1a13
0000000000
0111c10713
0101ea0a13
0101ea1a13
0000000000
0111c10793
0101fa0a13
0101fa1a13
0000000000
0115010413
04000a8a93
04000a9a93
0000000000
0115010493
01001a8a93
01001a9a93
0000000000
0115010513
01002a8a93
01002a9a93
0000000000
0115010593
01003a8a93
01003a9a93
0000000000
0115010613
01004a8a93
01004a9a93
0000000000
0115010693
01005a8a93
01005a9a93
0000000000
0115010713
01006a8a93
01006a9a93
0000000000
0115010793
01007a8a93
01007a9a93
0000000000
0115810413
01008a8a93
01008a9a93
0000000000
0115810493
01009a8a93
01009a9a93
0000000000
0115810513
0100aa8a93
0100aa9a93
0000000000
0115810593
0100ba8a93
0100ba9a93
0000000000
0115810613
0100ca8a93
0100ca9a93
0000000000
0115810693
0100da8a93
0100da9a93
0000000000
0115810713
0100ea8a93
0100ea9a93
0000000000
0115810793
0100fa8a93
0100fa9a93
0000000000
0115410413
01010a8a93
01010a9a93
0000000000
0115410493
01011a8a93
01011a9a93
0000000000
0115410513
01012a8a93
01012a9a93
0000000000
0115410593
01013a8a93
01013a9a93
0000000000
0115410613
01014a8a93
01014a9a93
0000000000
0115410693
01015a8a93
01015a9a93
0000000000
0115410713
01016a8a93
01016a9a93
0000000000
0115410793
01017a8a93
01017a9a93
0000000000
0115c10413
01018a8a93
01018a9a93
0000000000
0115c10493
01019a8a93
01019a9a93
0000000000
0115c10513
0101aa8a93
0101aa9a93
0000000000
0115c10593
0101ba8a93
0101ba9a93
0000000000
0115c10613
0101ca8a93
0101ca9a93
0000000000
0115c10693
0101da8a93
0101da9a93
0000000000
0115c10713
0101ea8a93
0101ea9a93
0000000000
0115c10793
0101fa8a93
0101fa9a93
0000000000
0119010413
04000b0b13
04000b1b13
0000000000
0119010493
01001b0b13
01001b1b13
0000000000
0119010513
01002b0b13
01002b1b13
0000000000
0119010593
01003b0b13
01003b1b13
0000000000
0119010613
01004b0b13
01004b1b13
0000000000
0119010693
01005b0b13
01005b1b13
0000000000
0119010713
01006b0b13
01006b1b13
0000000000
0119010793
01007b0b13
01007b1b13
0000000000
0119810413
01008b0b13
01008b1b13
0000000000
0119810493
01009b0b13
01009b1b13
0000000000
0119810513
0100ab0b13
0100ab1b13
0000000000
0119810593
0100bb0b13
0100bb1b13
0000000000
0119810613
0100cb0b13
0100cb1b13
0000000000
0119810693
0100db0b13
0100db1b13
0000000000
0119810713
0100eb0b13
0100eb1b13
0000000000
0119810793
0100fb0b13
0100fb1b13
0000000000
0119410413
01010b0b13
01010b1b13
0000000000
0119410493
01011b0b13
01011b1b13
0000000000
0119410513
01012b0b13
01012b1b13
0000000000
0119410593
01013b0b13
01013b1b13
0000000000
0119410613
01014b0b13
01014b1b13
0000000000
0119410693
01015b0b13
01015b1b13
0000000000
0119410713
01016b0b13
01016b1b13
0000000000
0119410793
01017b0b13
01017b1b13
0000000000
0119c10413
01018b0b13
01018b1b13
0000000000
0119c10493
01019b0b13
01019b1b13
0000000000
0119c10513
0101ab0b13
0101ab1b13
0000000000
0119c10593
0101bb0b13
0101bb1b13
0000000000
0119c10613
0101cb0b13
0101cb1b13
0000000000
0119c10693
0101db0b13
0101db1b13
0000000000
0119c10713
0101eb0b13
0101eb1b13
0000000000
0119c10793
0101fb0b13
0101fb1b13
0000000000
011d010413
04000b8b93
04000b9b93
0000000000
011d010493
01001b8b93
01001b9b93
0000000000
011d010513
01002b8b93
01002b9b93
0000000000
011d010593
01003b8b93
01003b9b93
0000000000
011d010613
01004b8b93
01004b9b93
0000000000
011d010693
01005b8b93
01005b9b93
0000000000
011d010713
01006b8b93
01006b9b93
0000000000
011d010793
01007b8b93
01007b9b93
0000000000
011d810413
01008b8b93
01008b9b93
0000000000
011d810493
01009b8b93
01009b9b93
0000000000
011d810513
0100ab8b93
0100ab9b93
0000000000
011d810593
0100bb8b93
0100bb9b93
0000000000
011d810613
0100cb8b93
0100cb9b93
0000000000
011d810693
0100db8b93
0100db9b93
0000000000
011d810713
0100eb8b93
0100eb9b93
0000000000
011d810793
0100fb8b93
0100fb9b93
0000000000
011d410413
01010b8b93
01010b9b93
0000000000
011d410493
01011b8b93
01011b9b93
0000000000
011d410513
01012b8b93
01012b9b93
0000000000
011d410593
01013b8b93
01013b9b93
0000000000
011d410613
01014b8b93
01014b9b93
0000000000
011d410693
01015b8b93
01015b9b93
0000000000
011d410713
01016b8b93
01016b9b93
0000000000
011d410793
01017b8b93
01017b9b93
0000000000
011dc10413
01018b8b93
01018b9b93
0000000000
011dc10493
01019b8b93
01019b9b93
0000000000
011dc10513
0101ab8b93
0101ab9b93
0000000000
011dc10593
0101bb8b93
0101bb9b93
0000000000
011dc10613
0101cb8b93
0101cb9b93
0000000000
011dc10693
0101db8b93
0101db9b93
0000000000
011dc10713
0101eb8b93
0101eb9b93
0000000000
011dc10793
0101fb8b93
0101fb9b93
0000000000
0121010413
04000c0c13
04000c1c13
0000000000
0121010493
01001c0c13
01001c1c13
0000000000
0121010513
01002c0c13
01002c1c13
0000000000
0121010593
01003c0c13
01003c1c13
0000000000
0121010613
01004c0c13
01004c1c13
0000000000
0121010693
01005c0c13
01005c1c13
0000000000
0121010713
01006c0c13
01006c1c13
0000000000
0121010793
01007c0c13
01007c1c13
0000000000
0121810413
01008c0c13
01008c1c13
0000000000
0121810493
01009c0c13
01009c1c13
0000000000
0121810513
0100ac0c13
0100ac1c13
0000000000
0121810593
0100bc0c13
0100bc1c13
0000000000
0121810613
0100cc0c13
0100cc1c13
0000000000
0121810693
0100dc0c13
0100dc1c13
0000000000
0121810713
0100ec0c13
0100ec1c13
0000000000
0121810793
0100fc0c13
0100fc1c13
0000000000
0121410413
01010c0c13
01010c1c13
0000000000
0121410493
01011c0c13
01011c1c13
0000000000
0121410513
01012c0c13
01012c1c13
0000000000
0121410593
01013c0c13
01013c1c13
0000000000
0121410613
01014c0c13
01014c1c13
0000000000
0121410693
01015c0c13
01015c1c13
0000000000
0121410713
01016c0c13
01016c1c13
0000000000
0121410793
01017c0c13
01017c1c13
0000000000
0121c10413
01018c0c13
01018c1c13
0000000000
0121c10493
01019c0c13
01019c1c13
0000000000
0121c10513
0101ac0c13
0101ac1c13
0000000000
0121c10593
0101bc0c13
0101bc1c13
0000000000
0121c10613
0101cc0c13
0101cc1c13
0000000000
0121c10693
0101dc0c13
0101dc1c13
0000000000
0121c10713
0101ec0c13
0101ec1c13
0000000000
0121c10793
0101fc0c13
0101fc1c13
0000000000
0125010413
04000c8c93
04000c9c93
0000000000
0125010493
01001c8c93
01001c9c93
0000000000
0125010513
01002c8c93
01002c9c93
0000000000
0125010593
01003c8c93
01003c9c93
0000000000
0125010613
01004c8c93
01004c9c93
0000000000
0125010693
01005c8c93
01005c9c93
0000000000
0125010713
01006c8c93
01006c9c93
0000000000
0125010793
01007c8c93
01007c9c93
0000000000
0125810413
01008c8c93
01008c9c93
0000000000
0125810493
01009c8c93
01009c9c93
0000000000
0125810513
0100ac8c93
0100ac9c93
0000000000
0125810593
0100bc8c93
0100bc9c93
0000000000
0125810613
0100cc8c93
0100cc9c93
0000000000
0125810693
0100dc8c93
0100dc9c93
0000000000
0125810713
0100ec8c93
0100ec9c93
0000000000
0125810793
0100fc8c93
0100fc9c93
0000000000
0125410413
01010c8c93
01010c9c93
0000000000
0125410493
01011c8c93
01011c9c93
0000000000
0125410513
01012c8c93
01012c9c93
0000000000
0125410593
01013c8c93
01013c9c93
0000000000
0125410613
01014c8c93
01014c9c93
0000000000
0125410693
01015c8c93
01015c9c93
0000000000
0125410713
01016c8c93
01016c9c93
0000000000
0125410793
01017c8c93
01017c9c93
0000000000
0125c10413
01018c8c93
01018c9c93
0000000000
0125c10493
01019c8c93
01019c9c93
0000000000
0125c10513
0101ac8c93
0101ac9c93
0000000000
0125c10593
0101bc8c93
0101bc9c93
0000000000
0125c10613
0101cc8c93
0101cc9c93
0000000000
0125c10693
0101dc8c93
0101dc9c93
0000000000
0125c10713
0101ec8c93
0101ec9c93
0000000000
0125c10793
0101fc8c93
0101fc9c93
0000000000
0129010413
04000d0d13
04000d1d13
0000000000
0129010493
01001d0d13
01001d1d13
0000000000
0129010513
01002d0d13
01002d1d13
0000000000
0129010593
01003d0d13
01003d1d13
0000000000
0129010613
01004d0d13
01004d1d13
0000000000
0129010693
01005d0d13
01005d1d13
0000000000
0129010713
01006d0d13
01006d1d13
0000000000
0129010793
01007d0d13
01007d1d13
0000000000
0129810413
01008d0d13
01008d1d13
0000000000
0129810493
01009d0d13
01009d1d13
0000000000
0129810513
0100ad0d13
0100ad1d13
0000000000
0129810593
0100bd0d13
0100bd1d13
0000000000
0129810613
0100cd0d13
0100cd1d13
0000000000
0129810693
0100dd0d13
0100dd1d13
0000000000
0129810713
0100ed0d13
0100ed1d13
0000000000
0129810793
0100fd0d13
0100fd1d13
0000000000
0129410413
01010d0d13
01010d1d13
0000000000
0129410493
01011d0d13
01011d1d13
0000000000
0129410513
01012d0d13
01012d1d13
0000000000
0129410593
01013d0d13
01013d1d13
0000000000
0129410613
01014d0d13
01014d1d13
0000000000
0129410693
01015d0d13
01015d1d13
0000000000
0129410713
01016d0d13
01016d1d13
0000000000
0129410793
01017d0d13
01017d1d13
0000000000
0129c10413
01018d0d13
01018d1d13
0000000000
0129c10493
01019d0d13
01019d1d13
0000000000
0129c10513
0101ad0d13
0101ad1d13
0000000000
0129c10593
0101bd0d13
0101bd1d13
0000000000
0129c10613
0101cd0d13
0101cd1d13
0000000000
0129c10693
0101dd0d13
0101dd1d13
0000000000
0129c10713
0101ed0d13
0101ed1d13
0000000000
0129c10793
0101fd0d13
0101fd1d13
0000000000
012d010413
04000d8d93
04000d9d93
0000000000
012d010493
01001d8d93
01001d9d93
0000000000
012d010513
01002d8d93
01002d9d93
0000000000
012d010593
01003d8d93
01003d9d93
0000000000
012d010613
01004d8d93
01004d9d93
0000000000
012d010693
01005d8d93
01005d9d93
0000000000
012d010713
01006d8d93
01006d9d93
0000000000
012d010793
01007d8d93
01007d9d93
0000000000
012d810413
01008d8d93
01008d9d93
0000000000
012d810493
01009d8d93
01009d9d93
0000000000
012d810513
0100ad8d93
0100ad9d93
0000000000
012d810593
0100bd8d93
0100bd9d93
0000000000
012d810613
0100cd8d93
0100cd9d93
0000000000
012d810693
0100dd8d93
0100dd9d93
0000000000
012d810713
0100ed8d93
0100ed9d93
0000000000
012d810793
0100fd8d93
0100fd9d93
0000000000
012d410413
01010d8d93
01010d9d93
0000000000
012d410493
01011d8d93
01011d9d93
0000000000
012d410513
01012d8d93
01012d9d93
0000000000
012d410593
01013d8d93
01013d9d93
0000000000
012d410613
01014d8d93
01014d9d93
0000000000
012d410693
01015d8d93
01015d9d93
0000000000
012d410713
01016d8d93
01016d9d93
0000000000
012d410793
01017d8d93
01017d9d93
0000000000
012dc10413
01018d8d93
01018d9d93
0000000000
012dc10493
01019d8d93
01019d9d93
0000000000
012dc10513
0101ad8d93
0101ad9d93
0000000000
012dc10593
0101bd8d93
0101bd9d93
0000000000
012dc10613
0101cd8d93
0101cd9d93
0000000000
012dc10693
0101dd8d93
0101dd9d93
0000000000
012dc10713
0101ed8d93
0101ed9d93
0000000000
012dc10793
0101fd8d93
0101fd9d93
0000000000
0131010413
04000e0e13
04000e1e13
0000000000
0131010493
01001e0e13
01001e1e13
0000000000
0131010513
01002e0e13
01002e1e13
0000000000
0131010593
01003e0e13
01003e1e13
0000000000
0131010613
01004e0e13
01004e1e13
0000000000
0131010693
01005e0e13
01005e1e13
0000000000
0131010713
01006e0e13
01006e1e13
0000000000
0131010793
01007e0e13
01007e1e13
0000000000
0131810413
01008e0e13
01008e1e13
0000000000
0131810493
01009e0e13
01009e1e13
0000000000
0131810513
0100ae0e13
0100ae1e13
0000000000
0131810593
0100be0e13
0100be1e13
0000000000
0131810613
0100ce0e13
0100ce1e13
0000000000
0131810693
0100de0e13
0100de1e13
0000000000
0131810713
0100ee0e13
0100ee1e13
0000000000
0131810793
0100fe0e13
0100fe1e13
0000000000
0131410413
01010e0e13
01010e1e13
0000000000
0131410493
01011e0e13
01011e1e13
0000000000
0131410513
01012e0e13
01012e1e13
0000000000
0131410593
01013e0e13
01013e1e13
0000000000
0131410613
01014e0e13
01014e1e13
0000000000
0131410693
01015e0e13
01015e1e13
0000000000
0131410713
01016e0e13
01016e1e13
0000000000
0131410793
01017e0e13
01017e1e13
0000000000
0131c10413
01018e0e13
01018e1e13
0000000000
0131c10493
01019e0e13
01019e1e13
0000000000
0131c10513
0101ae0e13
0101ae1e13
0000000000
0131c10593
0101be0e13
0101be1e13
0000000000
0131c10613
0101ce0e13
0101ce1e13
0000000000
0131c10693
0101de0e13
0101de1e13
0000000000
0131c10713
0101ee0e13
0101ee1e13
0000000000
0131c10793
0101fe0e13
0101fe1e13
0000000000
0135010413
04000e8e93
04000e9e93
0000000000
0135010493
01001e8e93
01001e9e93
0000000000
0135010513
01002e8e93
01002e9e93
0000000000
0135010593
01003e8e93
01003e9e93
0000000000
0135010613
01004e8e93
01004e9e93
0000000000
0135010693
01005e8e93
01005e9e93
0000000000
0135010713
01006e8e93
01006e9e93
0000000000
0135010793
01007e8e93
01007e9e93
0000000000
0135810413
01008e8e93
01008e9e93
0000000000
0135810493
01009e8e93
01009e9e93
0000000000
0135810513
0100ae8e93
0100ae9e93
0000000000
0135810593
0100be8e93
0100be9e93
0000000000
0135810613
0100ce8e93
0100ce9e93
0000000000
0135810693
0100de8e93
0100de9e93
0000000000
0135810713
0100ee8e93
0100ee9e93
0000000000
0135810793
0100fe8e93
0100fe9e93
0000000000
0135410413
01010e8e93
01010e9e93
0000000000
0135410493
01011e8e93
01011e9e93
0000000000
0135410513
01012e8e93
01012e9e93
0000000000
0135410593
01013e8e93
01013e9e93
0000000000
0135410613
01014e8e93
01014e9e93
0000000000
0135410693
01015e8e93
01015e9e93
0000000000
0135410713
01016e8e93
01016e9e93
0000000000
0135410793
01017e8e93
01017e9e93
0000000000
0135c10413
01018e8e93
01018e9e93
0000000000
0135c10493
01019e8e93
01019e9e93
0000000000
0135c10513
0101ae8e93
0101ae9e93
0000000000
0135c10593
0101be8e93
0101be9e93
0000000000
0135c10613
0101ce8e93
0101ce9e93
0000000000
0135c10693
0101de8e93
0101de9e93
0000000000
0135c10713
0101ee8e93
0101ee9e93
0000000000
0135c10793
0101fe8e93
0101fe9e93
0000000000
0139010413
04000f0f13
04000f1f13
0000000000
0139010493
01001f0f13
01001f1f13
0000000000
0139010513
01002f0f13
01002f1f13
0000000000
0139010593
01003f0f13
01003f1f13
0000000000
0139010613
01004f0f13
01004f1f13
0000000000
0139010693
01005f0f13
01005f1f13
0000000000
0139010713
01006f0f13
01006f1f13
0000000000
0139010793
01007f0f13
01007f1f13
0000000000
0139810413
01008f0f13
01008f1f13
0000000000
0139810493
01009f0f13
01009f1f13
0000000000
0139810513
0100af0f13
0100af1f13
0000000000
0139810593
0100bf0f13
0100bf1f13
0000000000
0139810613
0100cf0f13
0100cf1f13
0000000000
0139810693
0100df0f13
0100df1f13
0000000000
0139810713
0100ef0f13
0100ef1f13
0000000000
0139810793
0100ff0f13
0100ff1f13
0000000000
0139410413
01010f0f13
01010f1f13
0000000000
0139410493
01011f0f13
01011f1f13
0000000000
0139410513
01012f0f13
01012f1f13
0000000000
0139410593
01013f0f13
01013f1f13
0000000000
0139410613
01014f0f13
01014f1f13
0000000000
0139410693
01015f0f13
01015f1f13
0000000000
0139410713
01016f0f13
01016f1f13
0000000000
0139410793
01017f0f13
01017f1f13
0000000000
0139c10413
01018f0f13
01018f1f13
0000000000
0139c10493
01019f0f13
01019f1f13
0000000000
0139c10513
0101af0f13
0101af1f13
0000000000
0139c10593
0101bf0f13
0101bf1f13
0000000000
0139c10613
0101cf0f13
0101cf1f13
0000000000
0139c10693
0101df0f13
0101df1f13
0000000000
0139c10713
0101ef0f13
0101ef1f13
0000000000
0139c10793
0101ff0f13
0101ff1f13
0000000000
013d010413
04000f8f93
04000f9f93
0000000000
013d010493
01001f8f93
01001f9f93
0000000000
013d010513
01002f8f93
01002f9f93
0000000000
013d010593
01003f8f93
01003f9f93
0000000000
013d010613
01004f8f93
01004f9f93
0000000000
013d010693
01005f8f93
01005f9f93
0000000000
013d010713
01006f8f93
01006f9f93
0000000000
013d010793
01007f8f93
01007f9f93
0000000000
013d810413
01008f8f93
01008f9f93
0000000000
013d810493
01009f8f93
01009f9f93
0000000000
013d810513
0100af8f93
0100af9f93
0000000000
013d810593
0100bf8f93
0100bf9f93
0000000000
013d810613
0100cf8f93
0100cf9f93
0000000000
013d810693
0100df8f93
0100df9f93
0000000000
013d810713
0100ef8f93
0100ef9f93
0000000000
013d810793
0100ff8f93
0100ff9f93
0000000000
013d410413
01010f8f93
01010f9f93
0000000000
013d410493
01011f8f93
01011f9f93
0000000000
013d410513
01012f8f93
01012f9f93
0000000000
013d410593
01013f8f93
01013f9f93
0000000000
013d410613
01014f8f93
01014f9f93
0000000000
013d410693
01015f8f93
01015f9f93
0000000000
013d410713
01016f8f93
01016f9f93
0000000000
013d410793
01017f8f93
01017f9f93
0000000000
013dc10413
01018f8f93
01018f9f93
0000000000
013dc10493
01019f8f93
01019f9f93
0000000000
013dc10513
0101af8f93
0101af9f93
0000000000
013dc10593
0101bf8f93
0101bf9f93
0000000000
013dc10613
0101cf8f93
0101cf9f93
0000000000
013dc10693
0101df8f93
0101df9f93
0000000000
013dc10713
0101ef8f93
0101ef9f93
0000000000
013dc10793
0101ff8f93
0101ff9f93
0000000000
0102010413
04fe000013
0402001013
0000000000
0102010493
04fe100013
0402101013
0000000000
0102010513
04fe200013
0402201013
0000000000
0102010593
04fe300013
0402301013
0000000000
0102010613
04fe400013
0402401013
0000000000
0102010693
04fe500013
0402501013
0000000000
0102010713
04fe600013
0402601013
0000000000
0102010793
04fe700013
0402701013
0000000000
0102810413
04fe800013
0402801013
0000000000
0102810493
04fe900013
0402901013
0000000000
0102810513
04fea00013
0402a01013
0000000000
0102810593
04feb00013
0402b01013
0000000000
0102810613
04fec00013
0402c01013
0000000000
0102810693
04fed00013
0402d01013
0000000000
0102810713
04fee00013
0402e01013
0000000000
0102810793
04fef00013
0402f01013
0000000000
0102410413
04ff000013
0403001013
0000000000
0102410493
04ff100013
0403101013
0000000000
0102410513
04ff200013
0403201013
0000000000
0102410593
04ff300013
0403301013
0000000000
0102410613
04ff400013
0403401013
0000000000
0102410693
04ff500013
0403501013
0000000000
0102410713
04ff600013
0403601013
0000000000
0102410793
04ff700013
0403701013
0000000000
0102c10413
04ff800013
0403801013
0000000000
0102c10493
04ff900013
0403901013
0000000000
0102c10513
04ffa00013
0403a01013
0000000000
0102c10593
04ffb00013
0403b01013
0000000000
0102c10613
04ffc00013
0403c01013
0000000000
0102c10693
04ffd00013
0403d01013
0000000000
0102c10713
04ffe00013
0403e01013
0000000000
0102c10793
04fff00013
0403f01013
0000000000
0106010413
01fe008093
0102009093
0000000000
0106010493
01fe108093
0102109093
0000000000
0106010513
01fe208093
0102209093
0000000000
0106010593
01fe308093
0102309093
0000000000
0106010613
01fe408093
0102409093
0000000000
0106010693
01fe508093
0102509093
0000000000
0106010713
01fe608093
0102609093
0000000000
0106010793
01fe708093
0102709093
0000000000
0106810413
01fe808093
0102809093
0000000000
0106810493
01fe908093
0102909093
0000000000
0106810513
01fea08093
0102a09093
0000000000
0106810593
01feb08093
0102b09093
0000000000
0106810613
01fec08093
0102c09093
0000000000
0106810693
01fed08093
0102d09093
0000000000
0106810713
01fee08093
0102e09093
0000000000
0106810793
01fef08093
0102f09093
0000000000
0106410413
01ff008093
0103009093
0000000000
0106410493
01ff108093
0103109093
0000000000
0106410513
01ff208093
0103209093
0000000000
0106410593
01ff308093
0103309093
0000000000
0106410613
01ff408093
0103409093
0000000000
0106410693
01ff508093
0103509093
0000000000
0106410713
01ff608093
0103609093
0000000000
0106410793
01ff708093
0103709093
0000000000
0106c10413
01ff808093
0103809093
0000000000
0106c10493
01ff908093
0103909093
0000000000
0106c10513
01ffa08093
0103a09093
0000000000
0106c10593
01ffb08093
0103b09093
0000000000
0106c10613
01ffc08093
0103c09093
0000000000
0106c10693
01ffd08093
0103d09093
0000000000
0106c10713
01ffe08093
0103e09093
0000000000
0106c10793
01fff08093
0103f09093
0000000000
010a010413
01fe010113
0102011113
0000000000
010a010493
01fe110113
0102111113
0000000000
010a010513
01fe210113
0102211113
0000000000
010a010593
01fe310113
0102311113
0000000000
010a010613
01fe410113
0102411113
0000000000
010a010693
01fe510113
0102511113
0000000000
010a010713
01fe610113
0102611113
0000000000
010a010793
01fe710113
0102711113
0000000000
010a810413
01fe810113
0102811113
0000000000
010a810493
01fe910113
0102911113
0000000000
010a810513
01fea10113
0102a11113
0000000000
010a810593
01feb10113
0102b11113
0000000000
010a810613
01fec10113
0102c11113
0000000000
010a810693
01fed10113
0102d11113
0000000000
010a810713
01fee10113
0102e11113
0000000000
010a810793
01fef10113
0102f11113
0000000000
010a410413
01ff010113
0103011113
0000000000
010a410493
01ff110113
0103111113
0000000000
010a410513
01ff210113
0103211113
0000000000
010a410593
01ff310113
0103311113
0000000000
010a410613
01ff410113
0103411113
0000000000
010a410693
01ff510113
0103511113
0000000000
010a410713
01ff610113
0103611113
0000000000
010a410793
01ff710113
0103711113
0000000000
010ac10413
01ff810113
0103811113
0000000000
010ac10493
01ff910113
0103911113
0000000000
010ac10513
01ffa10113
0103a11113
0000000000
010ac10593
01ffb10113
0103b11113
0000000000
010ac10613
01ffc10113
0103c11113
0000000000
010ac10693
01ffd10113
0103d11113
0000000000
010ac10713
01ffe10113
0103e11113
0000000000
010ac10793
01fff10113
0103f11113
0000000000
010e010413
01fe018193
0102019193
0000000000
010e010493
01fe118193
0102119193
0000000000
010e010513
01fe218193
0102219193
0000000000
010e010593
01fe318193
0102319193
0000000000
010e010613
01fe418193
0102419193
0000000000
010e010693
01fe518193
0102519193
0000000000
010e010713
01fe618193
0102619193
0000000000
010e010793
01fe718193
0102719193
0000000000
010e810413
01fe818193
0102819193
0000000000
010e810493
01fe918193
0102919193
0000000000
010e810513
01fea18193
0102a19193
0000000000
010e810593
01feb18193
0102b19193
0000000000
010e810613
01fec18193
0102c19193
0000000000
010e810693
01fed18193
0102d19193
0000000000
010e810713
01fee18193
0102e19193
0000000000
010e810793
01fef18193
0102f19193
0000000000
010e410413
01ff018193
0103019193
0000000000
010e410493
01ff118193
0103119193
0000000000
010e410513
01ff218193
0103219193
0000000000
010e410593
01ff318193
0103319193
0000000000
010e410613
01ff418193
0103419193
0000000000
010e410693
01ff518193
0103519193
0000000000
010e410713
01ff618193
0103619193
0000000000
010e410793
01ff718193
0103719193
0000000000
010ec10413
01ff818193
0103819193
0000000000
010ec10493
01ff918193
0103919193
0000000000
010ec10513
01ffa18193
0103a19193
0000000000
010ec10593
01ffb18193
0103b19193
0000000000
010ec10613
01ffc18193
0103c19193
0000000000
010ec10693
01ffd18193
0103d19193
0000000000
010ec10713
01ffe18193
0103e19193
0000000000
010ec10793
01fff18193
0103f19193
0000000000
0112010413
01fe020213
0102021213
0000000000
0112010493
01fe120213
0102121213
0000000000
0112010513
01fe220213
0102221213
0000000000
0112010593
01fe320213
0102321213
0000000000
0112010613
01fe420213
0102421213
0000000000
0112010693
01fe520213
0102521213
0000000000
0112010713
01fe620213
0102621213
0000000000
0112010793
01fe720213
0102721213
0000000000
0112810413
01fe820213
0102821213
0000000000
0112810493
01fe920213
0102921213
0000000000
0112810513
01fea20213
0102a21213
0000000000
0112810593
01feb20213
0102b21213
0000000000
0112810613
01fec20213
0102c21213
0000000000
0112810693
01fed20213
0102d21213
0000000000
0112810713
01fee20213
0102e21213
0000000000
0112810793
01fef20213
0102f21213
0000000000
0112410413
01ff020213
0103021213
0000000000
0112410493
01ff120213
0103121213
0000000000
0112410513
01ff220213
0103221213
0000000000
0112410593
01ff320213
0103321213
0000000000
0112410613
01ff420213
0103421213
0000000000
0112410693
01ff520213
0103521213
0000000000
0112410713
01ff620213
0103621213
0000000000
0112410793
01ff720213
0103721213
0000000000
0112c10413
01ff820213
0103821213
0000000000
0112c10493
01ff920213
0103921213
0000000000
0112c10513
01ffa20213
0103a21213
0000000000
0112c10593
01ffb20213
0103b21213
0000000000
0112c10613
01ffc20213
0103c21213
0000000000
0112c10693
01ffd20213
0103d21213
0000000000
0112c10713
01ffe20213
0103e21213
0000000000
0112c10793
01fff20213
0103f21213
0000000000
0116010413
01fe028293
0102029293
0000000000
0116010493
01fe128293
0102129293
0000000000
0116010513
01fe228293
0102229293
0000000000
0116010593
01fe328293
0102329293
0000000000
0116010613
01fe428293
0102429293
0000000000
0116010693
01fe528293
0102529293
0000000000
0116010713
01fe628293
0102629293
0000000000
0116010793
01fe728293
0102729293
0000000000
0116810413
01fe828293
0102829293
0000000000
0116810493
01fe928293
0102929293
0000000000
0116810513
01fea28293
0102a29293
0000000000
0116810593
01feb28293
0102b29293
0000000000
0116810613
01fec28293
0102c29293
0000000000
0116810693
01fed28293
0102d29293
0000000000
0116810713
01fee28293
0102e29293
0000000000
0116810793
01fef28293
0102f29293
0000000000
0116410413
01ff028293
0103029293
0000000000
0116410493
01ff128293
0103129293
0000000000
0116410513
01ff228293
0103229293
0000000000
0116410593
01ff328293
0103329293
0000000000
0116410613
01ff428293
0103429293
0000000000
0116410693
01ff528293
0103529293
0000000000
0116410713
01ff628293
0103629293
0000000000
0116410793
01ff728293
0103729293
0000000000
0116c10413
01ff828293
0103829293
0000000000
0116c10493
01ff928293
0103929293
0000000000
0116c10513
01ffa28293
0103a29293
0000000000
0116c10593
01ffb28293
0103b29293
0000000000
0116c10613
01ffc28293
0103c29293
0000000000
0116c10693
01ffd28293
0103d29293
0000000000
0116c10713
01ffe28293
0103e29293
0000000000
0116c10793
01fff28293
0103f29293
0000000000
011a010413
01fe030313
0102031313
0000000000
011a010493
01fe130313
0102131313
0000000000
011a010513
01fe230313
0102231313
0000000000
011a010593
01fe330313
0102331313
0000000000
011a010613
01fe430313
0102431313
0000000000
011a010693
01fe530313
0102531313
0000000000
011a010713
01fe630313
0102631313
0000000000
011a010793
01fe730313
0102731313
0000000000
011a810413
01fe830313
0102831313
0000000000
011a810493
01fe930313
0102931313
0000000000
011a810513
01fea30313
0102a31313
0000000000
011a810593
01feb30313
0102b31313
0000000000
011a810613
01fec30313
0102c31313
0000000000
011a810693
01fed30313
0102d31313
0000000000
011a810713
01fee30313
0102e31313
0000000000
011a810793
01fef30313
0102f31313
0000000000
011a410413
01ff030313
0103031313
0000000000
011a410493
01ff130313
0103131313
0000000000
011a410513
01ff230313
0103231313
0000000000
011a410593
01ff330313
0103331313
0000000000
011a410613
01ff430313
0103431313
0000000000
011a410693
01ff530313
0103531313
0000000000
011a410713
01ff630313
0103631313
0000000000
011a410793
01ff730313
0103731313
0000000000
011ac10413
01ff830313
0103831313
0000000000
011ac10493
01ff930313
0103931313
0000000000
011ac10513
01ffa30313
0103a31313
0000000000
011ac10593
01ffb30313
0103b31313
0000000000
011ac10613
01ffc30313
0103c31313
0000000000
011ac10693
01ffd30313
0103d31313
0000000000
011ac10713
01ffe30313
0103e31313
0000000000
011ac10793
01fff30313
0103f31313
0000000000
011e010413
01fe038393
0102039393
0000000000
011e010493
01fe138393
0102139393
0000000000
011e010513
01fe238393
0102239393
0000000000
011e010593
01fe338393
0102339393
0000000000
011e010613
01fe438393
0102439393
0000000000
011e010693
01fe538393
0102539393
0000000000
011e010713
01fe638393
0102639393
0000000000
011e010793
01fe738393
0102739393
0000000000
011e810413
01fe838393
0102839393
0000000000
011e810493
01fe938393
0102939393
0000000000
011e810513
01fea38393
0102a39393
0000000000
011e810593
01feb38393
0102b39393
0000000000
011e810613
01fec38393
0102c39393
0000000000
011e810693
01fed38393
0102d39393
0000000000
011e810713
01fee38393
0102e39393
0000000000
011e810793
01fef38393
0102f39393
0000000000
011e410413
01ff038393
0103039393
0000000000
011e410493
01ff138393
0103139393
0000000000
011e410513
01ff238393
0103239393
0000000000
011e410593
01ff338393
0103339393
0000000000
011e410613
01ff438393
0103439393
0000000000
011e410693
01ff538393
0103539393
0000000000
011e410713
01ff638393
0103639393
0000000000
011e410793
01ff738393
0103739393
0000000000
011ec10413
01ff838393
0103839393
0000000000
011ec10493
01ff938393
0103939393
0000000000
011ec10513
01ffa38393
0103a39393
0000000000
011ec10593
01ffb38393
0103b39393
0000000000
011ec10613
01ffc38393
0103c39393
0000000000
011ec10693
01ffd38393
0103d39393
0000000000
011ec10713
01ffe38393
0103e39393
0000000000
011ec10793
01fff38393
0103f39393
0000000000
0122010413
01fe040413
0102041413
0000000000
0122010493
01fe140413
0102141413
0000000000
0122010513
01fe240413
0102241413
0000000000
0122010593
01fe340413
0102341413
0000000000
0122010613
01fe440413
0102441413
0000000000
0122010693
01fe540413
0102541413
0000000000
0122010713
01fe640413
0102641413
0000000000
0122010793
01fe740413
0102741413
0000000000
0122810413
01fe840413
0102841413
0000000000
0122810493
01fe940413
0102941413
0000000000
0122810513
01fea40413
0102a41413
0000000000
0122810593
01feb40413
0102b41413
0000000000
0122810613
01fec40413
0102c41413
0000000000
0122810693
01fed40413
0102d41413
0000000000
0122810713
01fee40413
0102e41413
0000000000
0122810793
01fef40413
0102f41413
0000000000
0122410413
01ff040413
0103041413
0000000000
0122410493
01ff140413
0103141413
0000000000
0122410513
01ff240413
0103241413
0000000000
0122410593
01ff340413
0103341413
0000000000
0122410613
01ff440413
0103441413
0000000000
0122410693
01ff540413
0103541413
0000000000
0122410713
01ff640413
0103641413
0000000000
0122410793
01ff740413
0103741413
0000000000
0122c10413
01ff840413
0103841413
0000000000
0122c10493
01ff940413
0103941413
0000000000
0122c10513
01ffa40413
0103a41413
0000000000
0122c10593
01ffb40413
0103b41413
0000000000
0122c10613
01ffc40413
0103c41413
0000000000
0122c10693
01ffd40413
0103d41413
0000000000
0122c10713
01ffe40413
0103e41413
0000000000
0122c10793
01fff40413
0103f41413
0000000000
0126010413
01fe048493
0102049493
0000000000
0126010493
01fe148493
0102149493
0000000000
0126010513
01fe248493
0102249493
0000000000
0126010593
01fe348493
0102349493
0000000000
0126010613
01fe448493
0102449493
0000000000
0126010693
01fe548493
0102549493
0000000000
0126010713
01fe648493
0102649493
0000000000
0126010793
01fe748493
0102749493
0000000000
0126810413
01fe848493
0102849493
0000000000
0126810493
01fe948493
0102949493
0000000000
0126810513
01fea48493
0102a49493
0000000000
0126810593
01feb48493
0102b49493
0000000000
0126810613
01fec48493
0102c49493
0000000000
0126810693
01fed48493
0102d49493
0000000000
0126810713
01fee48493
0102e49493
0000000000
0126810793
01fef48493
0102f49493
0000000000
0126410413
01ff048493
0103049493
0000000000
0126410493
01ff148493
0103149493
0000000000
0126410513
01ff248493
0103249493
0000000000
0126410593
01ff348493
0103349493
0000000000
0126410613
01ff448493
0103449493
0000000000
0126410693
01ff548493
0103549493
0000000000
0126410713
01ff648493
0103649493
0000000000
0126410793
01ff748493
0103749493
0000000000
0126c10413
01ff848493
0103849493
0000000000
0126c10493
01ff948493
0103949493
0000000000
0126c10513
01ffa48493
0103a49493
0000000000
0126c10593
01ffb48493
0103b49493
0000000000
0126c10613
01ffc48493
0103c49493
0000000000
0126c10693
01ffd48493
0103d49493
0000000000
0126c10713
01ffe48493
0103e49493
0000000000
0126c10793
01fff48493
0103f49493
0000000000
012a010413
01fe050513
0102051513
0000000000
012a010493
01fe150513
0102151513
0000000000
012a010513
01fe250513
0102251513
0000000000
012a010593
01fe350513
0102351513
0000000000
012a010613
01fe450513
0102451513
0000000000
012a010693
01fe550513
0102551513
0000000000
012a010713
01fe650513
0102651513
0000000000
012a010793
01fe750513
0102751513
0000000000
012a810413
01fe850513
0102851513
0000000000
012a810493
01fe950513
0102951513
0000000000
012a810513
01fea50513
0102a51513
0000000000
012a810593
01feb50513
0102b51513
0000000000
012a810613
01fec50513
0102c51513
0000000000
012a810693
01fed50513
0102d51513
0000000000
012a810713
01fee50513
0102e51513
0000000000
012a810793
01fef50513
0102f51513
0000000000
012a410413
01ff050513
0103051513
0000000000
012a410493
01ff150513
0103151513
0000000000
012a410513
01ff250513
0103251513
0000000000
012a410593
01ff350513
0103351513
0000000000
012a410613
01ff450513
0103451513
0000000000
012a410693
01ff550513
0103551513
0000000000
012a410713
01ff650513
0103651513
0000000000
012a410793
01ff750513
0103751513
0000000000
012ac10413
01ff850513
0103851513
0000000000
012ac10493
01ff950513
0103951513
0000000000
012ac10513
01ffa50513
0103a51513
0000000000
012ac10593
01ffb50513
0103b51513
0000000000
012ac10613
01ffc50513
0103c51513
0000000000
012ac10693
01ffd50513
0103d51513
0000000000
012ac10713
01ffe50513
0103e51513
0000000000
012ac10793
01fff50513
0103f51513
0000000000
012e010413
01fe058593
0102059593
0000000000
012e010493
01fe158593
0102159593
0000000000
012e010513
01fe258593
0102259593
0000000000
012e010593
01fe358593
0102359593
0000000000
012e010613
01fe458593
0102459593
0000000000
012e010693
01fe558593
0102559593
0000000000
012e010713
01fe658593
0102659593
0000000000
012e010793
01fe758593
0102759593
0000000000
012e810413
01fe858593
0102859593
0000000000
012e810493
01fe958593
0102959593
0000000000
012e810513
01fea58593
0102a59593
0000000000
012e810593
01feb58593
0102b59593
0000000000
012e810613
01fec58593
0102c59593
0000000000
012e810693
01fed58593
0102d59593
0000000000
012e810713
01fee58593
0102e59593
0000000000
012e810793
01fef58593
0102f59593
0000000000
012e410413
01ff058593
0103059593
0000000000
012e410493
01ff158593
0103159593
0000000000
012e410513
01ff258593
0103259593
0000000000
012e410593
01ff358593
0103359593
0000000000
012e410613
01ff458593
0103459593
0000000000
012e410693
01ff558593
0103559593
0000000000
012e410713
01ff658593
0103659593
0000000000
012e410793
01ff758593
0103759593
0000000000
012ec10413
01ff858593
0103859593
0000000000
012ec10493
01ff958593
0103959593
0000000000
012ec10513
01ffa58593
0103a59593
0000000000
012ec10593
01ffb58593
0103b59593
0000000000
012ec10613
01ffc58593
0103c59593
0000000000
012ec10693
01ffd58593
0103d59593
0000000000
012ec10713
01ffe58593
0103e59593
0000000000
012ec10793
01fff58593
0103f59593
0000000000
0132010413
01fe060613
0102061613
0000000000
0132010493
01fe160613
0102161613
0000000000
0132010513
01fe260613
0102261613
0000000000
0132010593
01fe360613
0102361613
0000000000
0132010613
01fe460613
0102461613
0000000000
0132010693
01fe560613
0102561613
0000000000
0132010713
01fe660613
0102661613
0000000000
0132010793
01fe760613
0102761613
0000000000
0132810413
01fe860613
0102861613
0000000000
0132810493
01fe960613
0102961613
0000000000
0132810513
01fea60613
0102a61613
0000000000
0132810593
01feb60613
0102b61613
0000000000
0132810613
01fec60613
0102c61613
0000000000
0132810693
01fed60613
0102d61613
0000000000
0132810713
01fee60613
0102e61613
0000000000
0132810793
01fef60613
0102f61613
0000000000
0132410413
01ff060613
0103061613
0000000000
0132410493
01ff160613
0103161613
0000000000
0132410513
01ff260613
0103261613
0000000000
0132410593
01ff360613
0103361613
0000000000
0132410613
01ff460613
0103461613
0000000000
0132410693
01ff560613
0103561613
0000000000
0132410713
01ff660613
0103661613
0000000000
0132410793
01ff760613
0103761613
0000000000
0132c10413
01ff860613
0103861613
0000000000
0132c10493
01ff960613
0103961613
0000000000
0132c10513
01ffa60613
0103a61613
0000000000
0132c10593
01ffb60613
0103b61613
0000000000
0132c10613
01ffc60613
0103c61613
0000000000
0132c10693
01ffd60613
0103d61613
0000000000
0132c10713
01ffe60613
0103e61613
0000000000
0132c10793
01fff60613
0103f61613
0000000000
0136010413
01fe068693
0102069693
0000000000
0136010493
01fe168693
0102169693
0000000000
0136010513
01fe268693
0102269693
0000000000
0136010593
01fe368693
0102369693
0000000000
0136010613
01fe468693
0102469693
0000000000
0136010693
01fe568693
0102569693
0000000000
0136010713
01fe668693
0102669693
0000000000
0136010793
01fe768693
0102769693
0000000000
0136810413
01fe868693
0102869693
0000000000
0136810493
01fe968693
0102969693
0000000000
0136810513
01fea68693
0102a69693
0000000000
0136810593
01feb68693
0102b69693
0000000000
0136810613
01fec68693
0102c69693
0000000000
0136810693
01fed68693
0102d69693
0000000000
0136810713
01fee68693
0102e69693
0000000000
0136810793
01fef68693
0102f69693
0000000000
0136410413
01ff068693
0103069693
0000000000
0136410493
01ff168693
0103169693
0000000000
0136410513
01ff268693
0103269693
0000000000
0136410593
01ff368693
0103369693
0000000000
0136410613
01ff468693
0103469693
0000000000
0136410693
01ff568693
0103569693
0000000000
0136410713
01ff668693
0103669693
0000000000
0136410793
01ff768693
0103769693
0000000000
0136c10413
01ff868693
0103869693
0000000000
0136c10493
01ff968693
0103969693
0000000000
0136c10513
01ffa68693
0103a69693
0000000000
0136c10593
01ffb68693
0103b69693
0000000000
0136c10613
01ffc68693
0103c69693
0000000000
0136c10693
01ffd68693
0103d69693
0000000000
0136c10713
01ffe68693
0103e69693
0000000000
0136c10793
01fff68693
0103f69693
0000000000
013a010413
01fe070713
0102071713
0000000000
013a010493
01fe170713
0102171713
0000000000
013a010513
01fe270713
0102271713
0000000000
013a010593
01fe370713
0102371713
0000000000
013a010613
01fe470713
0102471713
0000000000
013a010693
01fe570713
0102571713
0000000000
013a010713
01fe670713
0102671713
0000000000
013a010793
01fe770713
0102771713
0000000000
013a810413
01fe870713
0102871713
0000000000
013a810493
01fe970713
0102971713
0000000000
013a810513
01fea70713
0102a71713
0000000000
013a810593
01feb70713
0102b71713
0000000000
013a810613
01fec70713
0102c71713
0000000000
013a810693
01fed70713
0102d71713
0000000000
013a810713
01fee70713
0102e71713
0000000000
013a810793
01fef70713
0102f71713
0000000000
013a410413
01ff070713
0103071713
0000000000
013a410493
01ff170713
0103171713
0000000000
013a410513
01ff270713
0103271713
0000000000
013a410593
01ff370713
0103371713
0000000000
013a410613
01ff470713
0103471713
0000000000
013a410693
01ff570713
0103571713
0000000000
013a410713
01ff670713
0103671713
0000000000
013a410793
01ff770713
0103771713
0000000000
013ac10413
01ff870713
0103871713
0000000000
013ac10493
01ff970713
0103971713
0000000000
013ac10513
01ffa70713
0103a71713
0000000000
013ac10593
01ffb70713
0103b71713
0000000000
013ac10613
01ffc70713
0103c71713
0000000000
013ac10693
01ffd70713
0103d71713
0000000000
013ac10713
01ffe70713
0103e71713
0000000000
013ac10793
01fff70713
0103f71713
0000000000
013e010413
01fe078793
0102079793
0000000000
013e010493
01fe178793
0102179793
0000000000
013e010513
01fe278793
0102279793
0000000000
013e010593
01fe378793
0102379793
0000000000
013e010613
01fe478793
0102479793
0000000000
013e010693
01fe578793
0102579793
0000000000
013e010713
01fe678793
0102679793
0000000000
013e010793
01fe778793
0102779793
0000000000
013e810413
01fe878793
0102879793
0000000000
013e810493
01fe978793
0102979793
0000000000
013e810513
01fea78793
0102a79793
0000000000
013e810593
01feb78793
0102b79793
0000000000
013e810613
01fec78793
0102c79793
0000000000
013e810693
01fed78793
0102d79793
0000000000
013e810713
01fee78793
0102e79793
0000000000
013e810793
01fef78793
0102f79793
0000000000
013e410413
01ff078793
0103079793
0000000000
013e410493
01ff178793
0103179793
0000000000
013e410513
01ff278793
0103279793
0000000000
013e410593
01ff378793
0103379793
0000000000
013e410613
01ff478793
0103479793
0000000000
013e410693
01ff578793
0103579793
0000000000
013e410713
01ff678793
0103679793
0000000000
013e410793
01ff778793
0103779793
0000000000
013ec10413
01ff878793
0103879793
0000000000
013ec10493
01ff978793
0103979793
0000000000
013ec10513
01ffa78793
0103a79793
0000000000
013ec10593
01ffb78793
0103b79793
0000000000
013ec10613
01ffc78793
0103c79793
0000000000
013ec10693
01ffd78793
0103d79793
0000000000
013ec10713
01ffe78793
0103e79793
0000000000
013ec10793
01fff78793
0103f79793
0000000000
0103010413
01fe080813
0102081813
0000000000
0103010493
01fe180813
0102181813
0000000000
0103010513
01fe280813
0102281813
0000000000
0103010593
01fe380813
0102381813
0000000000
0103010613
01fe480813
0102481813
0000000000
0103010693
01fe580813
0102581813
0000000000
0103010713
01fe680813
0102681813
0000000000
0103010793
01fe780813
0102781813
0000000000
0103810413
01fe880813
0102881813
0000000000
0103810493
01fe980813
0102981813
0000000000
0103810513
01fea80813
0102a81813
0000000000
0103810593
01feb80813
0102b81813
0000000000
0103810613
01fec80813
0102c81813
0000000000
0103810693
01fed80813
0102d81813
0000000000
0103810713
01fee80813
0102e81813
0000000000
0103810793
01fef80813
0102f81813
0000000000
0103410413
01ff080813
0103081813
0000000000
0103410493
01ff180813
0103181813
0000000000
0103410513
01ff280813
0103281813
0000000000
0103410593
01ff380813
0103381813
0000000000
0103410613
01ff480813
0103481813
0000000000
0103410693
01ff580813
0103581813
0000000000
0103410713
01ff680813
0103681813
0000000000
0103410793
01ff780813
0103781813
0000000000
0103c10413
01ff880813
0103881813
0000000000
0103c10493
01ff980813
0103981813
0000000000
0103c10513
01ffa80813
0103a81813
0000000000
0103c10593
01ffb80813
0103b81813
0000000000
0103c10613
01ffc80813
0103c81813
0000000000
0103c10693
01ffd80813
0103d81813
0000000000
0103c10713
01ffe80813
0103e81813
0000000000
0103c10793
01fff80813
0103f81813
0000000000
0107010413
01fe088893
0102089893
0000000000
0107010493
01fe188893
0102189893
0000000000
0107010513
01fe288893
0102289893
0000000000
0107010593
01fe388893
0102389893
0000000000
0107010613
01fe488893
0102489893
0000000000
0107010693
01fe588893
0102589893
0000000000
0107010713
01fe688893
0102689893
0000000000
0107010793
01fe788893
0102789893
0000000000
0107810413
01fe888893
0102889893
0000000000
0107810493
01fe988893
0102989893
0000000000
0107810513
01fea88893
0102a89893
0000000000
0107810593
01feb88893
0102b89893
0000000000
0107810613
01fec88893
0102c89893
0000000000
0107810693
01fed88893
0102d89893
0000000000
0107810713
01fee88893
0102e89893
0000000000
0107810793
01fef88893
0102f89893
0000000000
0107410413
01ff088893
0103089893
0000000000
0107410493
01ff188893
0103189893
0000000000
0107410513
01ff288893
0103289893
0000000000
0107410593
01ff388893
0103389893
0000000000
0107410613
01ff488893
0103489893
0000000000
0107410693
01ff588893
0103589893
0000000000
0107410713
01ff688893
0103689893
0000000000
0107410793
01ff788893
0103789893
0000000000
0107c10413
01ff888893
0103889893
0000000000
0107c10493
01ff988893
0103989893
0000000000
0107c10513
01ffa88893
0103a89893
0000000000
0107c10593
01ffb88893
0103b89893
0000000000
0107c10613
01ffc88893
0103c89893
0000000000
0107c10693
01ffd88893
0103d89893
0000000000
0107c10713
01ffe88893
0103e89893
0000000000
0107c10793
01fff88893
0103f89893
0000000000
010b010413
01fe090913
0102091913
0000000000
010b010493
01fe190913
0102191913
0000000000
010b010513
01fe290913
0102291913
0000000000
010b010593
01fe390913
0102391913
0000000000
010b010613
01fe490913
0102491913
0000000000
010b010693
01fe590913
0102591913
0000000000
010b010713
01fe690913
0102691913
0000000000
010b010793
01fe790913
0102791913
0000000000
010b810413
01fe890913
0102891913
0000000000
010b810493
01fe990913
0102991913
0000000000
010b810513
01fea90913
0102a91913
0000000000
010b810593
01feb90913
0102b91913
0000000000
010b810613
01fec90913
0102c91913
0000000000
010b810693
01fed90913
0102d91913
0000000000
010b810713
01fee90913
0102e91913
0000000000
010b810793
01fef90913
0102f91913
0000000000
010b410413
01ff090913
0103091913
0000000000
010b410493
01ff190913
0103191913
0000000000
010b410513
01ff290913
0103291913
0000000000
010b410593
01ff390913
0103391913
0000000000
010b410613
01ff490913
0103491913
0000000000
010b410693
01ff590913
0103591913
0000000000
010b410713
01ff690913
0103691913
0000000000
010b410793
01ff790913
0103791913
0000000000
010bc10413
01ff890913
0103891913
0000000000
010bc10493
01ff990913
0103991913
0000000000
010bc10513
01ffa90913
0103a91913
0000000000
010bc10593
01ffb90913
0103b91913
0000000000
010bc10613
01ffc90913
0103c91913
0000000000
010bc10693
01ffd90913
0103d91913
0000000000
010bc10713
01ffe90913
0103e91913
0000000000
010bc10793
01fff90913
0103f91913
0000000000
010f010413
01fe098993
0102099993
0000000000
010f010493
01fe198993
0102199993
0000000000
010f010513
01fe298993
0102299993
0000000000
010f010593
01fe398993
0102399993
0000000000
010f010613
01fe498993
0102499993
0000000000
010f010693
01fe598993
0102599993
0000000000
010f010713
01fe698993
0102699993
0000000000
010f010793
01fe798993
0102799993
0000000000
010f810413
01fe898993
0102899993
0000000000
010f810493
01fe998993
0102999993
0000000000
010f810513
01fea98993
0102a99993
0000000000
010f810593
01feb98993
0102b99993
0000000000
010f810613
01fec98993
0102c99993
0000000000
010f810693
01fed98993
0102d99993
0000000000
010f810713
01fee98993
0102e99993
0000000000
010f810793
01fef98993
0102f99993
0000000000
010f410413
01ff098993
0103099993
0000000000
010f410493
01ff198993
0103199993
0000000000
010f410513
01ff298993
0103299993
0000000000
010f410593
01ff398993
0103399993
0000000000
010f410613
01ff498993
0103499993
0000000000
010f410693
01ff598993
0103599993
0000000000
010f410713
01ff698993
0103699993
0000000000
010f410793
01ff798993
0103799993
0000000000
010fc10413
01ff898993
0103899993
0000000000
010fc10493
01ff998993
0103999993
0000000000
010fc10513
01ffa98993
0103a99993
0000000000
010fc10593
01ffb98993
0103b99993
0000000000
010fc10613
01ffc98993
0103c99993
0000000000
010fc10693
01ffd98993
0103d99993
0000000000
010fc10713
01ffe98993
0103e99993
0000000000
010fc10793
01fff98993
0103f99993
0000000000
0113010413
01fe0a0a13
01020a1a13
0000000000
0113010493
01fe1a0a13
01021a1a13
0000000000
0113010513
01fe2a0a13
01022a1a13
0000000000
0113010593
01fe3a0a13
01023a1a13
0000000000
0113010613
01fe4a0a13
01024a1a13
0000000000
0113010693
01fe5a0a13
01025a1a13
0000000000
0113010713
01fe6a0a13
01026a1a13
0000000000
0113010793
01fe7a0a13
01027a1a13
0000000000
0113810413
01fe8a0a13
01028a1a13
0000000000
0113810493
01fe9a0a13
01029a1a13
0000000000
0113810513
01feaa0a13
0102aa1a13
0000000000
0113810593
01feba0a13
0102ba1a13
0000000000
0113810613
01feca0a13
0102ca1a13
0000000000
0113810693
01feda0a13
0102da1a13
0000000000
0113810713
01feea0a13
0102ea1a13
0000000000
0113810793
01fefa0a13
0102fa1a13
0000000000
0113410413
01ff0a0a13
01030a1a13
0000000000
0113410493
01ff1a0a13
01031a1a13
0000000000
0113410513
01ff2a0a13
01032a1a13
0000000000
0113410593
01ff3a0a13
01033a1a13
0000000000
0113410613
01ff4a0a13
01034a1a13
0000000000
0113410693
01ff5a0a13
01035a1a13
0000000000
0113410713
01ff6a0a13
01036a1a13
0000000000
0113410793
01ff7a0a13
01037a1a13
0000000000
0113c10413
01ff8a0a13
01038a1a13
0000000000
0113c10493
01ff9a0a13
01039a1a13
0000000000
0113c10513
01ffaa0a13
0103aa1a13
0000000000
0113c10593
01ffba0a13
0103ba1a13
0000000000
0113c10613
01ffca0a13
0103ca1a13
0000000000
0113c10693
01ffda0a13
0103da1a13
0000000000
0113c10713
01ffea0a13
0103ea1a13
0000000000
0113c10793
01fffa0a13
0103fa1a13
0000000000
0117010413
01fe0a8a93
01020a9a93
0000000000
0117010493
01fe1a8a93
01021a9a93
0000000000
0117010513
01fe2a8a93
01022a9a93
0000000000
0117010593
01fe3a8a93
01023a9a93
0000000000
0117010613
01fe4a8a93
01024a9a93
0000000000
0117010693
01fe5a8a93
01025a9a93
0000000000
0117010713
01fe6a8a93
01026a9a93
0000000000
0117010793
01fe7a8a93
01027a9a93
0000000000
0117810413
01fe8a8a93
01028a9a93
0000000000
0117810493
01fe9a8a93
01029a9a93
0000000000
0117810513
01feaa8a93
0102aa9a93
0000000000
0117810593
01feba8a93
0102ba9a93
0000000000
0117810613
01feca8a93
0102ca9a93
0000000000
0117810693
01feda8a93
0102da9a93
0000000000
0117810713
01feea8a93
0102ea9a93
0000000000
0117810793
01fefa8a93
0102fa9a93
0000000000
0117410413
01ff0a8a93
01030a9a93
0000000000
0117410493
01ff1a8a93
01031a9a93
0000000000
0117410513
01ff2a8a93
01032a9a93
0000000000
0117410593
01ff3a8a93
01033a9a93
0000000000
0117410613
01ff4a8a93
01034a9a93
0000000000
0117410693
01ff5a8a93
01035a9a93
0000000000
0117410713
01ff6a8a93
01036a9a93
0000000000
0117410793
01ff7a8a93
01037a9a93
0000000000
0117c10413
01ff8a8a93
01038a9a93
0000000000
0117c10493
01ff9a8a93
01039a9a93
0000000000
0117c10513
01ffaa8a93
0103aa9a93
0000000000
0117c10593
01ffba8a93
0103ba9a93
0000000000
0117c10613
01ffca8a93
0103ca9a93
0000000000
0117c10693
01ffda8a93
0103da9a93
0000000000
0117c10713
01ffea8a93
0103ea9a93
0000000000
0117c10793
01fffa8a93
0103fa9a93
0000000000
011b010413
01fe0b0b13
01020b1b13
0000000000
011b010493
01fe1b0b13
01021b1b13
0000000000
011b010513
01fe2b0b13
01022b1b13
0000000000
011b010593
01fe3b0b13
01023b1b13
0000000000
011b010613
01fe4b0b13
01024b1b13
0000000000
011b010693
01fe5b0b13
01025b1b13
0000000000
011b010713
01fe6b0b13
01026b1b13
0000000000
011b010793
01fe7b0b13
01027b1b13
0000000000
011b810413
01fe8b0b13
01028b1b13
0000000000
011b810493
01fe9b0b13
01029b1b13
0000000000
011b810513
01feab0b13
0102ab1b13
0000000000
011b810593
01febb0b13
0102bb1b13
0000000000
011b810613
01fecb0b13
0102cb1b13
0000000000
011b810693
01fedb0b13
0102db1b13
0000000000
011b810713
01feeb0b13
0102eb1b13
0000000000
011b810793
01fefb0b13
0102fb1b13
0000000000
011b410413
01ff0b0b13
01030b1b13
0000000000
011b410493
01ff1b0b13
01031b1b13
0000000000
011b410513
01ff2b0b13
01032b1b13
0000000000
011b410593
01ff3b0b13
01033b1b13
0000000000
011b410613
01ff4b0b13
01034b1b13
0000000000
011b410693
01ff5b0b13
01035b1b13
0000000000
011b410713
01ff6b0b13
01036b1b13
0000000000
011b410793
01ff7b0b13
01037b1b13
0000000000
011bc10413
01ff8b0b13
01038b1b13
0000000000
011bc10493
01ff9b0b13
01039b1b13
0000000000
011bc10513
01ffab0b13
0103ab1b13
0000000000
011bc10593
01ffbb0b13
0103bb1b13
0000000000
011bc10613
01ffcb0b13
0103cb1b13
0000000000
011bc10693
01ffdb0b13
0103db1b13
0000000000
011bc10713
01ffeb0b13
0103eb1b13
0000000000
011bc10793
01fffb0b13
0103fb1b13
0000000000
011f010413
01fe0b8b93
01020b9b93
0000000000
011f010493
01fe1b8b93
01021b9b93
0000000000
011f010513
01fe2b8b93
01022b9b93
0000000000
011f010593
01fe3b8b93
01023b9b93
0000000000
011f010613
01fe4b8b93
01024b9b93
0000000000
011f010693
01fe5b8b93
01025b9b93
0000000000
011f010713
01fe6b8b93
01026b9b93
0000000000
011f010793
01fe7b8b93
01027b9b93
0000000000
011f810413
01fe8b8b93
01028b9b93
0000000000
011f810493
01fe9b8b93
01029b9b93
0000000000
011f810513
01feab8b93
0102ab9b93
0000000000
011f810593
01febb8b93
0102bb9b93
0000000000
011f810613
01fecb8b93
0102cb9b93
0000000000
011f810693
01fedb8b93
0102db9b93
0000000000
011f810713
01feeb8b93
0102eb9b93
0000000000
011f810793
01fefb8b93
0102fb9b93
0000000000
011f410413
01ff0b8b93
01030b9b93
0000000000
011f410493
01ff1b8b93
01031b9b93
0000000000
011f410513
01ff2b8b93
01032b9b93
0000000000
011f410593
01ff3b8b93
01033b9b93
0000000000
011f410613
01ff4b8b93
01034b9b93
0000000000
011f410693
01ff5b8b93
01035b9b93
0000000000
011f410713
01ff6b8b93
01036b9b93
0000000000
011f410793
01ff7b8b93
01037b9b93
0000000000
011fc10413
01ff8b8b93
01038b9b93
0000000000
011fc10493
01ff9b8b93
01039b9b93
0000000000
011fc10513
01ffab8b93
0103ab9b93
0000000000
011fc10593
01ffbb8b93
0103bb9b93
0000000000
011fc10613
01ffcb8b93
0103cb9b93
0000000000
011fc10693
01ffdb8b93
0103db9b93
0000000000
011fc10713
01ffeb8b93
0103eb9b93
0000000000
011fc10793
01fffb8b93
0103fb9b93
0000000000
0123010413
01fe0c0c13
01020c1c13
0000000000
0123010493
01fe1c0c13
01021c1c13
0000000000
0123010513
01fe2c0c13
01022c1c13
0000000000
0123010593
01fe3c0c13
01023c1c13
0000000000
0123010613
01fe4c0c13
01024c1c13
0000000000
0123010693
01fe5c0c13
01025c1c13
0000000000
0123010713
01fe6c0c13
01026c1c13
0000000000
0123010793
01fe7c0c13
01027c1c13
0000000000
0123810413
01fe8c0c13
01028c1c13
0000000000
0123810493
01fe9c0c13
01029c1c13
0000000000
0123810513
01feac0c13
0102ac1c13
0000000000
0123810593
01febc0c13
0102bc1c13
0000000000
0123810613
01fecc0c13
0102cc1c13
0000000000
0123810693
01fedc0c13
0102dc1c13
0000000000
0123810713
01feec0c13
0102ec1c13
0000000000
0123810793
01fefc0c13
0102fc1c13
0000000000
0123410413
01ff0c0c13
01030c1c13
0000000000
0123410493
01ff1c0c13
01031c1c13
0000000000
0123410513
01ff2c0c13
01032c1c13
0000000000
0123410593
01ff3c0c13
01033c1c13
0000000000
0123410613
01ff4c0c13
01034c1c13
0000000000
0123410693
01ff5c0c13
01035c1c13
0000000000
0123410713
01ff6c0c13
01036c1c13
0000000000
0123410793
01ff7c0c13
01037c1c13
0000000000
0123c10413
01ff8c0c13
01038c1c13
0000000000
0123c10493
01ff9c0c13
01039c1c13
0000000000
0123c10513
01ffac0c13
0103ac1c13
0000000000
0123c10593
01ffbc0c13
0103bc1c13
0000000000
0123c10613
01ffcc0c13
0103cc1c13
0000000000
0123c10693
01ffdc0c13
0103dc1c13
0000000000
0123c10713
01ffec0c13
0103ec1c13
0000000000
0123c10793
01fffc0c13
0103fc1c13
0000000000
0127010413
01fe0c8c93
01020c9c93
0000000000
0127010493
01fe1c8c93
01021c9c93
0000000000
0127010513
01fe2c8c93
01022c9c93
0000000000
0127010593
01fe3c8c93
01023c9c93
0000000000
0127010613
01fe4c8c93
01024c9c93
0000000000
0127010693
01fe5c8c93
01025c9c93
0000000000
0127010713
01fe6c8c93
01026c9c93
0000000000
0127010793
01fe7c8c93
01027c9c93
0000000000
0127810413
01fe8c8c93
01028c9c93
0000000000
0127810493
01fe9c8c93
01029c9c93
0000000000
0127810513
01feac8c93
0102ac9c93
0000000000
0127810593
01febc8c93
0102bc9c93
0000000000
0127810613
01fecc8c93
0102cc9c93
0000000000
0127810693
01fedc8c93
0102dc9c93
0000000000
0127810713
01feec8c93
0102ec9c93
0000000000
0127810793
01fefc8c93
0102fc9c93
0000000000
0127410413
01ff0c8c93
01030c9c93
0000000000
0127410493
01ff1c8c93
01031c9c93
0000000000
0127410513
01ff2c8c93
01032c9c93
0000000000
0127410593
01ff3c8c93
01033c9c93
0000000000
0127410613
01ff4c8c93
01034c9c93
0000000000
0127410693
01ff5c8c93
01035c9c93
0000000000
0127410713
01ff6c8c93
01036c9c93
0000000000
0127410793
01ff7c8c93
01037c9c93
0000000000
0127c10413
01ff8c8c93
01038c9c93
0000000000
0127c10493
01ff9c8c93
01039c9c93
0000000000
0127c10513
01ffac8c93
0103ac9c93
0000000000
0127c10593
01ffbc8c93
0103bc9c93
0000000000
0127c10613
01ffcc8c93
0103cc9c93
0000000000
0127c10693
01ffdc8c93
0103dc9c93
0000000000
0127c10713
01ffec8c93
0103ec9c93
0000000000
0127c10793
01fffc8c93
0103fc9c93
0000000000
012b010413
01fe0d0d13
01020d1d13
0000000000
012b010493
01fe1d0d13
01021d1d13
0000000000
012b010513
01fe2d0d13
01022d1d13
0000000000
012b010593
01fe3d0d13
01023d1d13
0000000000
012b010613
01fe4d0d13
01024d1d13
0000000000
012b010693
01fe5d0d13
01025d1d13
0000000000
012b010713
01fe6d0d13
01026d1d13
0000000000
012b010793
01fe7d0d13
01027d1d13
0000000000
012b810413
01fe8d0d13
01028d1d13
0000000000
012b810493
01fe9d0d13
01029d1d13
0000000000
012b810513
01fead0d13
0102ad1d13
0000000000
012b810593
01febd0d13
0102bd1d13
0000000000
012b810613
01fecd0d13
0102cd1d13
0000000000
012b810693
01fedd0d13
0102dd1d13
0000000000
012b810713
01feed0d13
0102ed1d13
0000000000
012b810793
01fefd0d13
0102fd1d13
0000000000
012b410413
01ff0d0d13
01030d1d13
0000000000
012b410493
01ff1d0d13
01031d1d13
0000000000
012b410513
01ff2d0d13
01032d1d13
0000000000
012b410593
01ff3d0d13
01033d1d13
0000000000
012b410613
01ff4d0d13
01034d1d13
0000000000
012b410693
01ff5d0d13
01035d1d13
0000000000
012b410713
01ff6d0d13
01036d1d13
0000000000
012b410793
01ff7d0d13
01037d1d13
0000000000
012bc10413
01ff8d0d13
01038d1d13
0000000000
012bc10493
01ff9d0d13
01039d1d13
0000000000
012bc10513
01ffad0d13
0103ad1d13
0000000000
012bc10593
01ffbd0d13
0103bd1d13
0000000000
012bc10613
01ffcd0d13
0103cd1d13
0000000000
012bc10693
01ffdd0d13
0103dd1d13
0000000000
012bc10713
01ffed0d13
0103ed1d13
0000000000
012bc10793
01fffd0d13
0103fd1d13
0000000000
012f010413
01fe0d8d93
01020d9d93
0000000000
012f010493
01fe1d8d93
01021d9d93
0000000000
012f010513
01fe2d8d93
01022d9d93
0000000000
012f010593
01fe3d8d93
01023d9d93
0000000000
012f010613
01fe4d8d93
01024d9d93
0000000000
012f010693
01fe5d8d93
01025d9d93
0000000000
012f010713
01fe6d8d93
01026d9d93
0000000000
012f010793
01fe7d8d93
01027d9d93
0000000000
012f810413
01fe8d8d93
01028d9d93
0000000000
012f810493
01fe9d8d93
01029d9d93
0000000000
012f810513
01fead8d93
0102ad9d93
0000000000
012f810593
01febd8d93
0102bd9d93
0000000000
012f810613
01fecd8d93
0102cd9d93
0000000000
012f810693
01fedd8d93
0102dd9d93
0000000000
012f810713
01feed8d93
0102ed9d93
0000000000
012f810793
01fefd8d93
0102fd9d93
0000000000
012f410413
01ff0d8d93
01030d9d93
0000000000
012f410493
01ff1d8d93
01031d9d93
0000000000
012f410513
01ff2d8d93
01032d9d93
0000000000
012f410593
01ff3d8d93
01033d9d93
0000000000
012f410613
01ff4d8d93
01034d9d93
0000000000
012f410693
01ff5d8d93
01035d9d93
0000000000
012f410713
01ff6d8d93
01036d9d93
0000000000
012f410793
01ff7d8d93
01037d9d93
0000000000
012fc10413
01ff8d8d93
01038d9d93
0000000000
012fc10493
01ff9d8d93
01039d9d93
0000000000
012fc10513
01ffad8d93
0103ad9d93
0000000000
012fc10593
01ffbd8d93
0103bd9d93
0000000000
012fc10613
01ffcd8d93
0103cd9d93
0000000000
012fc10693
01ffdd8d93
0103dd9d93
0000000000
012fc10713
01ffed8d93
0103ed9d93
0000000000
012fc10793
01fffd8d93
0103fd9d93
0000000000
0133010413
01fe0e0e13
01020e1e13
0000000000
0133010493
01fe1e0e13
01021e1e13
0000000000
0133010513
01fe2e0e13
01022e1e13
0000000000
0133010593
01fe3e0e13
01023e1e13
0000000000
0133010613
01fe4e0e13
01024e1e13
0000000000
0133010693
01fe5e0e13
01025e1e13
0000000000
0133010713
01fe6e0e13
01026e1e13
0000000000
0133010793
01fe7e0e13
01027e1e13
0000000000
0133810413
01fe8e0e13
01028e1e13
0000000000
0133810493
01fe9e0e13
01029e1e13
0000000000
0133810513
01feae0e13
0102ae1e13
0000000000
0133810593
01febe0e13
0102be1e13
0000000000
0133810613
01fece0e13
0102ce1e13
0000000000
0133810693
01fede0e13
0102de1e13
0000000000
0133810713
01feee0e13
0102ee1e13
0000000000
0133810793
01fefe0e13
0102fe1e13
0000000000
0133410413
01ff0e0e13
01030e1e13
0000000000
0133410493
01ff1e0e13
01031e1e13
0000000000
0133410513
01ff2e0e13
01032e1e13
0000000000
0133410593
01ff3e0e13
01033e1e13
0000000000
0133410613
01ff4e0e13
01034e1e13
0000000000
0133410693
01ff5e0e13
01035e1e13
0000000000
0133410713
01ff6e0e13
01036e1e13
0000000000
0133410793
01ff7e0e13
01037e1e13
0000000000
0133c10413
01ff8e0e13
01038e1e13
0000000000
0133c10493
01ff9e0e13
01039e1e13
0000000000
0133c10513
01ffae0e13
0103ae1e13
0000000000
0133c10593
01ffbe0e13
0103be1e13
0000000000
0133c10613
01ffce0e13
0103ce1e13
0000000000
0133c10693
01ffde0e13
0103de1e13
0000000000
0133c10713
01ffee0e13
0103ee1e13
0000000000
0133c10793
01fffe0e13
0103fe1e13
0000000000
0137010413
01fe0e8e93
01020e9e93
0000000000
0137010493
01fe1e8e93
01021e9e93
0000000000
0137010513
01fe2e8e93
01022e9e93
0000000000
0137010593
01fe3e8e93
01023e9e93
0000000000
0137010613
01fe4e8e93
01024e9e93
0000000000
0137010693
01fe5e8e93
01025e9e93
0000000000
0137010713
01fe6e8e93
01026e9e93
0000000000
0137010793
01fe7e8e93
01027e9e93
0000000000
0137810413
01fe8e8e93
01028e9e93
0000000000
0137810493
01fe9e8e93
01029e9e93
0000000000
0137810513
01feae8e93
0102ae9e93
0000000000
0137810593
01febe8e93
0102be9e93
0000000000
0137810613
01fece8e93
0102ce9e93
0000000000
0137810693
01fede8e93
0102de9e93
0000000000
0137810713
01feee8e93
0102ee9e93
0000000000
0137810793
01fefe8e93
0102fe9e93
0000000000
0137410413
01ff0e8e93
01030e9e93
0000000000
0137410493
01ff1e8e93
01031e9e93
0000000000
0137410513
01ff2e8e93
01032e9e93
0000000000
0137410593
01ff3e8e93
01033e9e93
0000000000
0137410613
01ff4e8e93
01034e9e93
0000000000
0137410693
01ff5e8e93
01035e9e93
0000000000
0137410713
01ff6e8e93
01036e9e93
0000000000
0137410793
01ff7e8e93
01037e9e93
0000000000
0137c10413
01ff8e8e93
01038e9e93
0000000000
0137c10493
01ff9e8e93
01039e9e93
0000000000
0137c10513
01ffae8e93
0103ae9e93
0000000000
0137c10593
01ffbe8e93
0103be9e93
0000000000
0137c10613
01ffce8e93
0103ce9e93
0000000000
0137c10693
01ffde8e93
0103de9e93
0000000000
0137c10713
01ffee8e93
0103ee9e93
0000000000
0137c10793
01fffe8e93
0103fe9e93
0000000000
013b010413
01fe0f0f13
01020f1f13
0000000000
013b010493
01fe1f0f13
01021f1f13
0000000000
013b010513
01fe2f0f13
01022f1f13
0000000000
013b010593
01fe3f0f13
01023f1f13
0000000000
013b010613
01fe4f0f13
01024f1f13
0000000000
013b010693
01fe5f0f13
01025f1f13
0000000000
013b010713
01fe6f0f13
01026f1f13
0000000000
013b010793
01fe7f0f13
01027f1f13
0000000000
013b810413
01fe8f0f13
01028f1f13
0000000000
013b810493
01fe9f0f13
01029f1f13
0000000000
013b810513
01feaf0f13
0102af1f13
0000000000
013b810593
01febf0f13
0102bf1f13
0000000000
013b810613
01fecf0f13
0102cf1f13
0000000000
013b810693
01fedf0f13
0102df1f13
0000000000
013b810713
01feef0f13
0102ef1f13
0000000000
013b810793
01feff0f13
0102ff1f13
0000000000
013b410413
01ff0f0f13
01030f1f13
0000000000
013b410493
01ff1f0f13
01031f1f13
0000000000
013b410513
01ff2f0f13
01032f1f13
0000000000
013b410593
01ff3f0f13
01033f1f13
0000000000
013b410613
01ff4f0f13
01034f1f13
0000000000
013b410693
01ff5f0f13
01035f1f13
0000000000
013b410713
01ff6f0f13
01036f1f13
0000000000
013b410793
01ff7f0f13
01037f1f13
0000000000
013bc10413
01ff8f0f13
01038f1f13
0000000000
013bc10493
01ff9f0f13
01039f1f13
0000000000
013bc10513
01ffaf0f13
0103af1f13
0000000000
013bc10593
01ffbf0f13
0103bf1f13
0000000000
013bc10613
01ffcf0f13
0103cf1f13
0000000000
013bc10693
01ffdf0f13
0103df1f13
0000000000
013bc10713
01ffef0f13
0103ef1f13
0000000000
013bc10793
01ffff0f13
0103ff1f13
0000000000
013f010413
01fe0f8f93
01020f9f93
0000000000
013f010493
01fe1f8f93
01021f9f93
0000000000
013f010513
01fe2f8f93
01022f9f93
0000000000
013f010593
01fe3f8f93
01023f9f93
0000000000
013f010613
01fe4f8f93
01024f9f93
0000000000
013f010693
01fe5f8f93
01025f9f93
0000000000
013f010713
01fe6f8f93
01026f9f93
0000000000
013f010793
01fe7f8f93
01027f9f93
0000000000
013f810413
01fe8f8f93
01028f9f93
0000000000
013f810493
01fe9f8f93
01029f9f93
0000000000
013f810513
01feaf8f93
0102af9f93
0000000000
013f810593
01febf8f93
0102bf9f93
0000000000
013f810613
01fecf8f93
0102cf9f93
0000000000
013f810693
01fedf8f93
0102df9f93
0000000000
013f810713
01feef8f93
0102ef9f93
0000000000
013f810793
01feff8f93
0102ff9f93
0000000000
013f410413
01ff0f8f93
01030f9f93
0000000000
013f410493
01ff1f8f93
01031f9f93
0000000000
013f410513
01ff2f8f93
01032f9f93
0000000000
013f410593
01ff3f8f93
01033f9f93
0000000000
013f410613
01ff4f8f93
01034f9f93
0000000000
013f410693
01ff5f8f93
01035f9f93
0000000000
013f410713
01ff6f8f93
01036f9f93
0000000000
013f410793
01ff7f8f93
01037f9f93
0000000000
013fc10413
01ff8f8f93
01038f9f93
0000000000
013fc10493
01ff9f8f93
01039f9f93
0000000000
013fc10513
01ffaf8f93
0103af9f93
0000000000
013fc10593
01ffbf8f93
0103bf9f93
0000000000
013fc10613
01ffcf8f93
0103cf9f93
0000000000
013fc10693
01ffdf8f93
0103df9f93
0000000000
013fc10713
01ffef8f93
0103ef9f93
0000000000
013fc10793
01ffff8f93
0103ff9f93
0000000000
0100043407
0200002001
0100013007
0000000000
0100043487
0200002005
0104013007
0000000000
0100043507
0200002009
0108013007
0000000000
0100043587
020000200d
010c013007
0000000000
0100043607
0200002011
0110013007
0000000000
0100043687
0200002015
0114013007
0000000000
0100043707
0200002019
0118013007
0000000000
0100043787
020000201d
011c013007
0000000000
0104043407
0200002021
0100813007
0000000000
0104043487
0200002025
0104813007
0000000000
0104043507
0200002029
0108813007
0000000000
0104043587
020000202d
010c813007
0000000000
0104043607
0200002031
0110813007
0000000000
0104043687
0200002035
0114813007
0000000000
0104043707
0200002039
0118813007
0000000000
0104043787
020000203d
011c813007
0000000000
0108043407
0200002041
0101013007
0000000000
0108043487
0200002045
0105013007
0000000000
0108043507
0200002049
0109013007
0000000000
0108043587
020000204d
010d013007
0000000000
0108043607
0200002051
0111013007
0000000000
0108043687
0200002055
0115013007
0000000000
0108043707
0200002059
0119013007
0000000000
0108043787
020000205d
011d013007
0000000000
010c043407
0200002061
0101813007
0000000000
010c043487
0200002065
0105813007
0000000000
010c043507
0200002069
0109813007
0000000000
010c043587
020000206d
010d813007
0000000000
010c043607
0200002071
0111813007
0000000000
010c043687
0200002075
0115813007
0000000000
010c043707
0200002079
0119813007
0000000000
010c043787
020000207d
011d813007
0000000000
010004b407
010000809b
0100013087
0000000000
010004b487
010010809b
0104013087
0000000000
010004b507
010020809b
0108013087
0000000000
010004b587
010030809b
010c013087
0000000000
010004b607
010040809b
0110013087
0000000000
010004b687
010050809b
0114013087
0000000000
010004b707
010060809b
0118013087
0000000000
010004b787
010070809b
011c013087
0000000000
010404b407
010080809b
0100813087
0000000000
010404b487
010090809b
0104813087
0000000000
010404b507
0100a0809b
0108813087
0000000000
010404b587
0100b0809b
010c813087
0000000000
010404b607
0100c0809b
0110813087
0000000000
010404b687
0100d0809b
0114813087
0000000000
010404b707
0100e0809b
0118813087
0000000000
010404b787
0100f0809b
011c813087
0000000000
010804b407
010100809b
0101013087
0000000000
010804b487
010110809b
0105013087
0000000000
010804b507
010120809b
0109013087
0000000000
010804b587
010130809b
010d013087
0000000000
010804b607
010140809b
0111013087
0000000000
010804b687
010150809b
0115013087
0000000000
010804b707
010160809b
0119013087
0000000000
010804b787
010170809b
011d013087
0000000000
010c04b407
010180809b
0101813087
0000000000
010c04b487
010190809b
0105813087
0000000000
010c04b507
0101a0809b
0109813087
0000000000
010c04b587
0101b0809b
010d813087
0000000000
010c04b607
0101c0809b
0111813087
0000000000
010c04b687
0101d0809b
0115813087
0000000000
010c04b707
0101e0809b
0119813087
0000000000
010c04b787
0101f0809b
011d813087
0000000000
0100053407
010001011b
0100013107
0000000000
0100053487
010011011b
0104013107
0000000000
0100053507
010021011b
0108013107
0000000000
0100053587
010031011b
010c013107
0000000000
0100053607
010041011b
0110013107
0000000000
0100053687
010051011b
0114013107
0000000000
0100053707
010061011b
0118013107
0000000000
0100053787
010071011b
011c013107
0000000000
0104053407
010081011b
0100813107
0000000000
0104053487
010091011b
0104813107
0000000000
0104053507
0100a1011b
0108813107
0000000000
0104053587
0100b1011b
010c813107
0000000000
0104053607
0100c1011b
0110813107
0000000000
0104053687
0100d1011b
0114813107
0000000000
0104053707
0100e1011b
0118813107
0000000000
0104053787
0100f1011b
011c813107
0000000000
0108053407
010101011b
0101013107
0000000000
0108053487
010111011b
0105013107
0000000000
0108053507
010121011b
0109013107
0000000000
0108053587
010131011b
010d013107
0000000000
0108053607
010141011b
0111013107
0000000000
0108053687
010151011b
0115013107
0000000000
0108053707
010161011b
0119013107
0000000000
0108053787
010171011b
011d013107
0000000000
010c053407
010181011b
0101813107
0000000000
010c053487
010191011b
0105813107
0000000000
010c053507
0101a1011b
0109813107
0000000000
010c053587
0101b1011b
010d813107
0000000000
010c053607
0101c1011b
0111813107
0000000000
010c053687
0101d1011b
0115813107
0000000000
010c053707
0101e1011b
0119813107
0000000000
010c053787
0101f1011b
011d813107
0000000000
010005b407
010001819b
0100013187
0000000000
010005b487
010011819b
0104013187
0000000000
010005b507
010021819b
0108013187
0000000000
010005b587
010031819b
010c013187
0000000000
010005b607
010041819b
0110013187
0000000000
010005b687
010051819b
0114013187
0000000000
010005b707
010061819b
0118013187
0000000000
010005b787
010071819b
011c013187
0000000000
010405b407
010081819b
0100813187
0000000000
010405b487
010091819b
0104813187
0000000000
010405b507
0100a1819b
0108813187
0000000000
010405b587
0100b1819b
010c813187
0000000000
010405b607
0100c1819b
0110813187
0000000000
010405b687
0100d1819b
0114813187
0000000000
010405b707
0100e1819b
0118813187
0000000000
010405b787
0100f1819b
011c813187
0000000000
010805b407
010101819b
0101013187
0000000000
010805b487
010111819b
0105013187
0000000000
010805b507
010121819b
0109013187
0000000000
010805b587
010131819b
010d013187
0000000000
010805b607
010141819b
0111013187
0000000000
010805b687
010151819b
0115013187
0000000000
010805b707
010161819b
0119013187
0000000000
010805b787
010171819b
011d013187
0000000000
010c05b407
010181819b
0101813187
0000000000
010c05b487
010191819b
0105813187
0000000000
010c05b507
0101a1819b
0109813187
0000000000
010c05b587
0101b1819b
010d813187
0000000000
010c05b607
0101c1819b
0111813187
0000000000
010c05b687
0101d1819b
0115813187
0000000000
010c05b707
0101e1819b
0119813187
0000000000
010c05b787
0101f1819b
011d813187
0000000000
0100063407
010002021b
0100013207
0000000000
0100063487
010012021b
0104013207
0000000000
0100063507
010022021b
0108013207
0000000000
0100063587
010032021b
010c013207
0000000000
0100063607
010042021b
0110013207
0000000000
0100063687
010052021b
0114013207
0000000000
0100063707
010062021b
0118013207
0000000000
0100063787
010072021b
011c013207
0000000000
0104063407
010082021b
0100813207
0000000000
0104063487
010092021b
0104813207
0000000000
0104063507
0100a2021b
0108813207
0000000000
0104063587
0100b2021b
010c813207
0000000000
0104063607
0100c2021b
0110813207
0000000000
0104063687
0100d2021b
0114813207
0000000000
0104063707
0100e2021b
0118813207
0000000000
0104063787
0100f2021b
011c813207
0000000000
0108063407
010102021b
0101013207
0000000000
0108063487
010112021b
0105013207
0000000000
0108063507
010122021b
0109013207
0000000000
0108063587
010132021b
010d013207
0000000000
0108063607
010142021b
0111013207
0000000000
0108063687
010152021b
0115013207
0000000000
0108063707
010162021b
0119013207
0000000000
0108063787
010172021b
011d013207
0000000000
010c063407
010182021b
0101813207
0000000000
010c063487
010192021b
0105813207
0000000000
010c063507
0101a2021b
0109813207
0000000000
010c063587
0101b2021b
010d813207
0000000000
010c063607
0101c2021b
0111813207
0000000000
010c063687
0101d2021b
0115813207
0000000000
010c063707
0101e2021b
0119813207
0000000000
010c063787
0101f2021b
011d813207
0000000000
010006b407
010002829b
0100013287
0000000000
010006b487
010012829b
0104013287
0000000000
010006b507
010022829b
0108013287
0000000000
010006b587
010032829b
010c013287
0000000000
010006b607
010042829b
0110013287
0000000000
010006b687
010052829b
0114013287
0000000000
010006b707
010062829b
0118013287
0000000000
010006b787
010072829b
011c013287
0000000000
010406b407
010082829b
0100813287
0000000000
010406b487
010092829b
0104813287
0000000000
010406b507
0100a2829b
0108813287
0000000000
010406b587
0100b2829b
010c813287
0000000000
010406b607
0100c2829b
0110813287
0000000000
010406b687
0100d2829b
0114813287
0000000000
010406b707
0100e2829b
0118813287
0000000000
010406b787
0100f2829b
011c813287
0000000000
010806b407
010102829b
0101013287
0000000000
010806b487
010112829b
0105013287
0000000000
010806b507
010122829b
0109013287
0000000000
010806b587
010132829b
010d013287
0000000000
010806b607
010142829b
0111013287
0000000000
010806b687
010152829b
0115013287
0000000000
010806b707
010162829b
0119013287
0000000000
010806b787
010172829b
011d013287
0000000000
010c06b407
010182829b
0101813287
0000000000
010c06b487
010192829b
0105813287
0000000000
010c06b507
0101a2829b
0109813287
0000000000
010c06b587
0101b2829b
010d813287
0000000000
010c06b607
0101c2829b
0111813287
0000000000
010c06b687
0101d2829b
0115813287
0000000000
010c06b707
0101e2829b
0119813287
0000000000
010c06b787
0101f2829b
011d813287
0000000000
0100073407
010003031b
0100013307
0000000000
0100073487
010013031b
0104013307
0000000000
0100073507
010023031b
0108013307
0000000000
0100073587
010033031b
010c013307
0000000000
0100073607
010043031b
0110013307
0000000000
0100073687
010053031b
0114013307
0000000000
0100073707
010063031b
0118013307
0000000000
0100073787
010073031b
011c013307
0000000000
0104073407
010083031b
0100813307
0000000000
0104073487
010093031b
0104813307
0000000000
0104073507
0100a3031b
0108813307
0000000000
0104073587
0100b3031b
010c813307
0000000000
0104073607
0100c3031b
0110813307
0000000000
0104073687
0100d3031b
0114813307
0000000000
0104073707
0100e3031b
0118813307
0000000000
0104073787
0100f3031b
011c813307
0000000000
0108073407
010103031b
0101013307
0000000000
0108073487
010113031b
0105013307
0000000000
0108073507
010123031b
0109013307
0000000000
0108073587
010133031b
010d013307
0000000000
0108073607
010143031b
0111013307
0000000000
0108073687
010153031b
0115013307
0000000000
0108073707
010163031b
0119013307
0000000000
0108073787
010173031b
011d013307
0000000000
010c073407
010183031b
0101813307
0000000000
010c073487
010193031b
0105813307
0000000000
010c073507
0101a3031b
0109813307
0000000000
010c073587
0101b3031b
010d813307
0000000000
010c073607
0101c3031b
0111813307
0000000000
010c073687
0101d3031b
0115813307
0000000000
010c073707
0101e3031b
0119813307
0000000000
010c073787
0101f3031b
011d813307
0000000000
010007b407
010003839b
0100013387
0000000000
010007b487
010013839b
0104013387
0000000000
010007b507
010023839b
0108013387
0000000000
010007b587
010033839b
010c013387
0000000000
010007b607
010043839b
0110013387
0000000000
010007b687
010053839b
0114013387
0000000000
010007b707
010063839b
0118013387
0000000000
010007b787
010073839b
011c013387
0000000000
010407b407
010083839b
0100813387
0000000000
010407b487
010093839b
0104813387
0000000000
010407b507
0100a3839b
0108813387
0000000000
010407b587
0100b3839b
010c813387
0000000000
010407b607
0100c3839b
0110813387
0000000000
010407b687
0100d3839b
0114813387
0000000000
010407b707
0100e3839b
0118813387
0000000000
010407b787
0100f3839b
011c813387
0000000000
010807b407
010103839b
0101013387
0000000000
010807b487
010113839b
0105013387
0000000000
010807b507
010123839b
0109013387
0000000000
010807b587
010133839b
010d013387
0000000000
010807b607
010143839b
0111013387
0000000000
010807b687
010153839b
0115013387
0000000000
010807b707
010163839b
0119013387
0000000000
010807b787
010173839b
011d013387
0000000000
010c07b407
010183839b
0101813387
0000000000
010c07b487
010193839b
0105813387
0000000000
010c07b507
0101a3839b
0109813387
0000000000
010c07b587
0101b3839b
010d813387
0000000000
010c07b607
0101c3839b
0111813387
0000000000
010c07b687
0101d3839b
0115813387
0000000000
010c07b707
0101e3839b
0119813387
0000000000
010c07b787
0101f3839b
011d813387
0000000000
0100843407
010004041b
0100013407
0000000000
0100843487
010014041b
0104013407
0000000000
0100843507
010024041b
0108013407
0000000000
0100843587
010034041b
010c013407
0000000000
0100843607
010044041b
0110013407
0000000000
0100843687
010054041b
0114013407
0000000000
0100843707
010064041b
0118013407
0000000000
0100843787
010074041b
011c013407
0000000000
0104843407
010084041b
0100813407
0000000000
0104843487
010094041b
0104813407
0000000000
0104843507
0100a4041b
0108813407
0000000000
0104843587
0100b4041b
010c813407
0000000000
0104843607
0100c4041b
0110813407
0000000000
0104843687
0100d4041b
0114813407
0000000000
0104843707
0100e4041b
0118813407
0000000000
0104843787
0100f4041b
011c813407
0000000000
0108843407
010104041b
0101013407
0000000000
0108843487
010114041b
0105013407
0000000000
0108843507
010124041b
0109013407
0000000000
0108843587
010134041b
010d013407
0000000000
0108843607
010144041b
0111013407
0000000000
0108843687
010154041b
0115013407
0000000000
0108843707
010164041b
0119013407
0000000000
0108843787
010174041b
011d013407
0000000000
010c843407
010184041b
0101813407
0000000000
010c843487
010194041b
0105813407
0000000000
010c843507
0101a4041b
0109813407
0000000000
010c843587
0101b4041b
010d813407
0000000000
010c843607
0101c4041b
0111813407
0000000000
010c843687
0101d4041b
0115813407
0000000000
010c843707
0101e4041b
0119813407
0000000000
010c843787
0101f4041b
011d813407
0000000000
010084b407
010004849b
0100013487
0000000000
010084b487
010014849b
0104013487
0000000000
010084b507
010024849b
0108013487
0000000000
010084b587
010034849b
010c013487
0000000000
010084b607
010044849b
0110013487
0000000000
010084b687
010054849b
0114013487
0000000000
010084b707
010064849b
0118013487
0000000000
010084b787
010074849b
011c013487
0000000000
010484b407
010084849b
0100813487
0000000000
010484b487
010094849b
0104813487
0000000000
010484b507
0100a4849b
0108813487
0000000000
010484b587
0100b4849b
010c813487
0000000000
010484b607
0100c4849b
0110813487
0000000000
010484b687
0100d4849b
0114813487
0000000000
010484b707
0100e4849b
0118813487
0000000000
010484b787
0100f4849b
011c813487
0000000000
010884b407
010104849b
0101013487
0000000000
010884b487
010114849b
0105013487
0000000000
010884b507
010124849b
0109013487
0000000000
010884b587
010134849b
010d013487
0000000000
010884b607
010144849b
0111013487
0000000000
010884b687
010154849b
0115013487
0000000000
010884b707
010164849b
0119013487
0000000000
010884b787
010174849b
011d013487
0000000000
010c84b407
010184849b
0101813487
0000000000
010c84b487
010194849b
0105813487
0000000000
010c84b507
0101a4849b
0109813487
0000000000
010c84b587
0101b4849b
010d813487
0000000000
010c84b607
0101c4849b
0111813487
0000000000
010c84b687
0101d4849b
0115813487
0000000000
010c84b707
0101e4849b
0119813487
0000000000
010c84b787
0101f4849b
011d813487
0000000000
0100853407
010005051b
0100013507
0000000000
0100853487
010015051b
0104013507
0000000000
0100853507
010025051b
0108013507
0000000000
0100853587
010035051b
010c013507
0000000000
0100853607
010045051b
0110013507
0000000000
0100853687
010055051b
0114013507
0000000000
0100853707
010065051b
0118013507
0000000000
0100853787
010075051b
011c013507
0000000000
0104853407
010085051b
0100813507
0000000000
0104853487
010095051b
0104813507
0000000000
0104853507
0100a5051b
0108813507
0000000000
0104853587
0100b5051b
010c813507
0000000000
0104853607
0100c5051b
0110813507
0000000000
0104853687
0100d5051b
0114813507
0000000000
0104853707
0100e5051b
0118813507
0000000000
0104853787
0100f5051b
011c813507
0000000000
0108853407
010105051b
0101013507
0000000000
0108853487
010115051b
0105013507
0000000000
0108853507
010125051b
0109013507
0000000000
0108853587
010135051b
010d013507
0000000000
0108853607
010145051b
0111013507
0000000000
0108853687
010155051b
0115013507
0000000000
0108853707
010165051b
0119013507
0000000000
0108853787
010175051b
011d013507
0000000000
010c853407
010185051b
0101813507
0000000000
010c853487
010195051b
0105813507
0000000000
010c853507
0101a5051b
0109813507
0000000000
010c853587
0101b5051b
010d813507
0000000000
010c853607
0101c5051b
0111813507
0000000000
010c853687
0101d5051b
0115813507
0000000000
010c853707
0101e5051b
0119813507
0000000000
010c853787
0101f5051b
011d813507
0000000000
010085b407
010005859b
0100013587
0000000000
010085b487
010015859b
0104013587
0000000000
010085b507
010025859b
0108013587
0000000000
010085b587
010035859b
010c013587
0000000000
010085b607
010045859b
0110013587
0000000000
010085b687
010055859b
0114013587
0000000000
010085b707
010065859b
0118013587
0000000000
010085b787
010075859b
011c013587
0000000000
010485b407
010085859b
0100813587
0000000000
010485b487
010095859b
0104813587
0000000000
010485b507
0100a5859b
0108813587
0000000000
010485b587
0100b5859b
010c813587
0000000000
010485b607
0100c5859b
0110813587
0000000000
010485b687
0100d5859b
0114813587
0000000000
010485b707
0100e5859b
0118813587
0000000000
010485b787
0100f5859b
011c813587
0000000000
010885b407
010105859b
0101013587
0000000000
010885b487
010115859b
0105013587
0000000000
010885b507
010125859b
0109013587
0000000000
010885b587
010135859b
010d013587
0000000000
010885b607
010145859b
0111013587
0000000000
010885b687
010155859b
0115013587
0000000000
010885b707
010165859b
0119013587
0000000000
010885b787
010175859b
011d013587
0000000000
010c85b407
010185859b
0101813587
0000000000
010c85b487
010195859b
0105813587
0000000000
010c85b507
0101a5859b
0109813587
0000000000
010c85b587
0101b5859b
010d813587
0000000000
010c85b607
0101c5859b
0111813587
0000000000
010c85b687
0101d5859b
0115813587
0000000000
010c85b707
0101e5859b
0119813587
0000000000
010c85b787
0101f5859b
011d813587
0000000000
0100863407
010006061b
0100013607
0000000000
0100863487
010016061b
0104013607
0000000000
0100863507
010026061b
0108013607
0000000000
0100863587
010036061b
010c013607
0000000000
0100863607
010046061b
0110013607
0000000000
0100863687
010056061b
0114013607
0000000000
0100863707
010066061b
0118013607
0000000000
0100863787
010076061b
011c013607
0000000000
0104863407
010086061b
0100813607
0000000000
0104863487
010096061b
0104813607
0000000000
0104863507
0100a6061b
0108813607
0000000000
0104863587
0100b6061b
010c813607
0000000000
0104863607
0100c6061b
0110813607
0000000000
0104863687
0100d6061b
0114813607
0000000000
0104863707
0100e6061b
0118813607
0000000000
0104863787
0100f6061b
011c813607
0000000000
0108863407
010106061b
0101013607
0000000000
0108863487
010116061b
0105013607
0000000000
0108863507
010126061b
0109013607
0000000000
0108863587
010136061b
010d013607
0000000000
0108863607
010146061b
0111013607
0000000000
0108863687
010156061b
0115013607
0000000000
0108863707
010166061b
0119013607
0000000000
0108863787
010176061b
011d013607
0000000000
010c863407
010186061b
0101813607
0000000000
010c863487
010196061b
0105813607
0000000000
010c863507
0101a6061b
0109813607
0000000000
010c863587
0101b6061b
010d813607
0000000000
010c863607
0101c6061b
0111813607
0000000000
010c863687
0101d6061b
0115813607
0000000000
010c863707
0101e6061b
0119813607
0000000000
010c863787
0101f6061b
011d813607
0000000000
010086b407
010006869b
0100013687
0000000000
010086b487
010016869b
0104013687
0000000000
010086b507
010026869b
0108013687
0000000000
010086b587
010036869b
010c013687
0000000000
010086b607
010046869b
0110013687
0000000000
010086b687
010056869b
0114013687
0000000000
010086b707
010066869b
0118013687
0000000000
010086b787
010076869b
011c013687
0000000000
010486b407
010086869b
0100813687
0000000000
010486b487
010096869b
0104813687
0000000000
010486b507
0100a6869b
0108813687
0000000000
010486b587
0100b6869b
010c813687
0000000000
010486b607
0100c6869b
0110813687
0000000000
010486b687
0100d6869b
0114813687
0000000000
010486b707
0100e6869b
0118813687
0000000000
010486b787
0100f6869b
011c813687
0000000000
010886b407
010106869b
0101013687
0000000000
010886b487
010116869b
0105013687
0000000000
010886b507
010126869b
0109013687
0000000000
010886b587
010136869b
010d013687
0000000000
010886b607
010146869b
0111013687
0000000000
010886b687
010156869b
0115013687
0000000000
010886b707
010166869b
0119013687
0000000000
010886b787
010176869b
011d013687
0000000000
010c86b407
010186869b
0101813687
0000000000
010c86b487
010196869b
0105813687
0000000000
010c86b507
0101a6869b
0109813687
0000000000
010c86b587
0101b6869b
010d813687
0000000000
010c86b607
0101c6869b
0111813687
0000000000
010c86b687
0101d6869b
0115813687
0000000000
010c86b707
0101e6869b
0119813687
0000000000
010c86b787
0101f6869b
011d813687
0000000000
0100873407
010007071b
0100013707
0000000000
0100873487
010017071b
0104013707
0000000000
0100873507
010027071b
0108013707
0000000000
0100873587
010037071b
010c013707
0000000000
0100873607
010047071b
0110013707
0000000000
0100873687
010057071b
0114013707
0000000000
0100873707
010067071b
0118013707
0000000000
0100873787
010077071b
011c013707
0000000000
0104873407
010087071b
0100813707
0000000000
0104873487
010097071b
0104813707
0000000000
0104873507
0100a7071b
0108813707
0000000000
0104873587
0100b7071b
010c813707
0000000000
0104873607
0100c7071b
0110813707
0000000000
0104873687
0100d7071b
0114813707
0000000000
0104873707
0100e7071b
0118813707
0000000000
0104873787
0100f7071b
011c813707
0000000000
0108873407
010107071b
0101013707
0000000000
0108873487
010117071b
0105013707
0000000000
0108873507
010127071b
0109013707
0000000000
0108873587
010137071b
010d013707
0000000000
0108873607
010147071b
0111013707
0000000000
0108873687
010157071b
0115013707
0000000000
0108873707
010167071b
0119013707
0000000000
0108873787
010177071b
011d013707
0000000000
010c873407
010187071b
0101813707
0000000000
010c873487
010197071b
0105813707
0000000000
010c873507
0101a7071b
0109813707
0000000000
010c873587
0101b7071b
010d813707
0000000000
010c873607
0101c7071b
0111813707
0000000000
010c873687
0101d7071b
0115813707
0000000000
010c873707
0101e7071b
0119813707
0000000000
010c873787
0101f7071b
011d813707
0000000000
010087b407
010007879b
0100013787
0000000000
010087b487
010017879b
0104013787
0000000000
010087b507
010027879b
0108013787
0000000000
010087b587
010037879b
010c013787
0000000000
010087b607
010047879b
0110013787
0000000000
010087b687
010057879b
0114013787
0000000000
010087b707
010067879b
0118013787
0000000000
010087b787
010077879b
011c013787
0000000000
010487b407
010087879b
0100813787
0000000000
010487b487
010097879b
0104813787
0000000000
010487b507
0100a7879b
0108813787
0000000000
010487b587
0100b7879b
010c813787
0000000000
010487b607
0100c7879b
0110813787
0000000000
010487b687
0100d7879b
0114813787
0000000000
010487b707
0100e7879b
0118813787
0000000000
010487b787
0100f7879b
011c813787
0000000000
010887b407
010107879b
0101013787
0000000000
010887b487
010117879b
0105013787
0000000000
010887b507
010127879b
0109013787
0000000000
010887b587
010137879b
010d013787
0000000000
010887b607
010147879b
0111013787
0000000000
010887b687
010157879b
0115013787
0000000000
010887b707
010167879b
0119013787
0000000000
010887b787
010177879b
011d013787
0000000000
010c87b407
010187879b
0101813787
0000000000
010c87b487
010197879b
0105813787
0000000000
010c87b507
0101a7879b
0109813787
0000000000
010c87b587
0101b7879b
010d813787
0000000000
010c87b607
0101c7879b
0111813787
0000000000
010c87b687
0101d7879b
0115813787
0000000000
010c87b707
0101e7879b
0119813787
0000000000
010c87b787
0101f7879b
011d813787
0000000000
0101043407
010008081b
0100013807
0000000000
0101043487
010018081b
0104013807
0000000000
0101043507
010028081b
0108013807
0000000000
0101043587
010038081b
010c013807
0000000000
0101043607
010048081b
0110013807
0000000000
0101043687
010058081b
0114013807
0000000000
0101043707
010068081b
0118013807
0000000000
0101043787
010078081b
011c013807
0000000000
0105043407
010088081b
0100813807
0000000000
0105043487
010098081b
0104813807
0000000000
0105043507
0100a8081b
0108813807
0000000000
0105043587
0100b8081b
010c813807
0000000000
0105043607
0100c8081b
0110813807
0000000000
0105043687
0100d8081b
0114813807
0000000000
0105043707
0100e8081b
0118813807
0000000000
0105043787
0100f8081b
011c813807
0000000000
0109043407
010108081b
0101013807
0000000000
0109043487
010118081b
0105013807
0000000000
0109043507
010128081b
0109013807
0000000000
0109043587
010138081b
010d013807
0000000000
0109043607
010148081b
0111013807
0000000000
0109043687
010158081b
0115013807
0000000000
0109043707
010168081b
0119013807
0000000000
0109043787
010178081b
011d013807
0000000000
010d043407
010188081b
0101813807
0000000000
010d043487
010198081b
0105813807
0000000000
010d043507
0101a8081b
0109813807
0000000000
010d043587
0101b8081b
010d813807
0000000000
010d043607
0101c8081b
0111813807
0000000000
010d043687
0101d8081b
0115813807
0000000000
010d043707
0101e8081b
0119813807
0000000000
010d043787
0101f8081b
011d813807
0000000000
010104b407
010008889b
0100013887
0000000000
010104b487
010018889b
0104013887
0000000000
010104b507
010028889b
0108013887
0000000000
010104b587
010038889b
010c013887
0000000000
010104b607
010048889b
0110013887
0000000000
010104b687
010058889b
0114013887
0000000000
010104b707
010068889b
0118013887
0000000000
010104b787
010078889b
011c013887
0000000000
010504b407
010088889b
0100813887
0000000000
010504b487
010098889b
0104813887
0000000000
010504b507
0100a8889b
0108813887
0000000000
010504b587
0100b8889b
010c813887
0000000000
010504b607
0100c8889b
0110813887
0000000000
010504b687
0100d8889b
0114813887
0000000000
010504b707
0100e8889b
0118813887
0000000000
010504b787
0100f8889b
011c813887
0000000000
010904b407
010108889b
0101013887
0000000000
010904b487
010118889b
0105013887
0000000000
010904b507
010128889b
0109013887
0000000000
010904b587
010138889b
010d013887
0000000000
010904b607
010148889b
0111013887
0000000000
010904b687
010158889b
0115013887
0000000000
010904b707
010168889b
0119013887
0000000000
010904b787
010178889b
011d013887
0000000000
010d04b407
010188889b
0101813887
0000000000
010d04b487
010198889b
0105813887
0000000000
010d04b507
0101a8889b
0109813887
0000000000
010d04b587
0101b8889b
010d813887
0000000000
010d04b607
0101c8889b
0111813887
0000000000
010d04b687
0101d8889b
0115813887
0000000000
010d04b707
0101e8889b
0119813887
0000000000
010d04b787
0101f8889b
011d813887
0000000000
0101053407
010009091b
0100013907
0000000000
0101053487
010019091b
0104013907
0000000000
0101053507
010029091b
0108013907
0000000000
0101053587
010039091b
010c013907
0000000000
0101053607
010049091b
0110013907
0000000000
0101053687
010059091b
0114013907
0000000000
0101053707
010069091b
0118013907
0000000000
0101053787
010079091b
011c013907
0000000000
0105053407
010089091b
0100813907
0000000000
0105053487
010099091b
0104813907
0000000000
0105053507
0100a9091b
0108813907
0000000000
0105053587
0100b9091b
010c813907
0000000000
0105053607
0100c9091b
0110813907
0000000000
0105053687
0100d9091b
0114813907
0000000000
0105053707
0100e9091b
0118813907
0000000000
0105053787
0100f9091b
011c813907
0000000000
0109053407
010109091b
0101013907
0000000000
0109053487
010119091b
0105013907
0000000000
0109053507
010129091b
0109013907
0000000000
0109053587
010139091b
010d013907
0000000000
0109053607
010149091b
0111013907
0000000000
0109053687
010159091b
0115013907
0000000000
0109053707
010169091b
0119013907
0000000000
0109053787
010179091b
011d013907
0000000000
010d053407
010189091b
0101813907
0000000000
010d053487
010199091b
0105813907
0000000000
010d053507
0101a9091b
0109813907
0000000000
010d053587
0101b9091b
010d813907
0000000000
010d053607
0101c9091b
0111813907
0000000000
010d053687
0101d9091b
0115813907
0000000000
010d053707
0101e9091b
0119813907
0000000000
010d053787
0101f9091b
011d813907
0000000000
010105b407
010009899b
0100013987
0000000000
010105b487
010019899b
0104013987
0000000000
010105b507
010029899b
0108013987
0000000000
010105b587
010039899b
010c013987
0000000000
010105b607
010049899b
0110013987
0000000000
010105b687
010059899b
0114013987
0000000000
010105b707
010069899b
0118013987
0000000000
010105b787
010079899b
011c013987
0000000000
010505b407
010089899b
0100813987
0000000000
010505b487
010099899b
0104813987
0000000000
010505b507
0100a9899b
0108813987
0000000000
010505b587
0100b9899b
010c813987
0000000000
010505b607
0100c9899b
0110813987
0000000000
010505b687
0100d9899b
0114813987
0000000000
010505b707
0100e9899b
0118813987
0000000000
010505b787
0100f9899b
011c813987
0000000000
010905b407
010109899b
0101013987
0000000000
010905b487
010119899b
0105013987
0000000000
010905b507
010129899b
0109013987
0000000000
010905b587
010139899b
010d013987
0000000000
010905b607
010149899b
0111013987
0000000000
010905b687
010159899b
0115013987
0000000000
010905b707
010169899b
0119013987
0000000000
010905b787
010179899b
011d013987
0000000000
010d05b407
010189899b
0101813987
0000000000
010d05b487
010199899b
0105813987
0000000000
010d05b507
0101a9899b
0109813987
0000000000
010d05b587
0101b9899b
010d813987
0000000000
010d05b607
0101c9899b
0111813987
0000000000
010d05b687
0101d9899b
0115813987
0000000000
010d05b707
0101e9899b
0119813987
0000000000
010d05b787
0101f9899b
011d813987
0000000000
0101063407
01000a0a1b
0100013a07
0000000000
0101063487
01001a0a1b
0104013a07
0000000000
0101063507
01002a0a1b
0108013a07
0000000000
0101063587
01003a0a1b
010c013a07
0000000000
0101063607
01004a0a1b
0110013a07
0000000000
0101063687
01005a0a1b
0114013a07
0000000000
0101063707
01006a0a1b
0118013a07
0000000000
0101063787
01007a0a1b
011c013a07
0000000000
0105063407
01008a0a1b
0100813a07
0000000000
0105063487
01009a0a1b
0104813a07
0000000000
0105063507
0100aa0a1b
0108813a07
0000000000
0105063587
0100ba0a1b
010c813a07
0000000000
0105063607
0100ca0a1b
0110813a07
0000000000
0105063687
0100da0a1b
0114813a07
0000000000
0105063707
0100ea0a1b
0118813a07
0000000000
0105063787
0100fa0a1b
011c813a07
0000000000
0109063407
01010a0a1b
0101013a07
0000000000
0109063487
01011a0a1b
0105013a07
0000000000
0109063507
01012a0a1b
0109013a07
0000000000
0109063587
01013a0a1b
010d013a07
0000000000
0109063607
01014a0a1b
0111013a07
0000000000
0109063687
01015a0a1b
0115013a07
0000000000
0109063707
01016a0a1b
0119013a07
0000000000
0109063787
01017a0a1b
011d013a07
0000000000
010d063407
01018a0a1b
0101813a07
0000000000
010d063487
01019a0a1b
0105813a07
0000000000
010d063507
0101aa0a1b
0109813a07
0000000000
010d063587
0101ba0a1b
010d813a07
0000000000
010d063607
0101ca0a1b
0111813a07
0000000000
010d063687
0101da0a1b
0115813a07
0000000000
010d063707
0101ea0a1b
0119813a07
0000000000
010d063787
0101fa0a1b
011d813a07
0000000000
010106b407
01000a8a9b
0100013a87
0000000000
010106b487
01001a8a9b
0104013a87
0000000000
010106b507
01002a8a9b
0108013a87
0000000000
010106b587
01003a8a9b
010c013a87
0000000000
010106b607
01004a8a9b
0110013a87
0000000000
010106b687
01005a8a9b
0114013a87
0000000000
010106b707
01006a8a9b
0118013a87
0000000000
010106b787
01007a8a9b
011c013a87
0000000000
010506b407
01008a8a9b
0100813a87
0000000000
010506b487
01009a8a9b
0104813a87
0000000000
010506b507
0100aa8a9b
0108813a87
0000000000
010506b587
0100ba8a9b
010c813a87
0000000000
010506b607
0100ca8a9b
0110813a87
0000000000
010506b687
0100da8a9b
0114813a87
0000000000
010506b707
0100ea8a9b
0118813a87
0000000000
010506b787
0100fa8a9b
011c813a87
0000000000
010906b407
01010a8a9b
0101013a87
0000000000
010906b487
01011a8a9b
0105013a87
0000000000
010906b507
01012a8a9b
0109013a87
0000000000
010906b587
01013a8a9b
010d013a87
0000000000
010906b607
01014a8a9b
0111013a87
0000000000
010906b687
01015a8a9b
0115013a87
0000000000
010906b707
01016a8a9b
0119013a87
0000000000
010906b787
01017a8a9b
011d013a87
0000000000
010d06b407
01018a8a9b
0101813a87
0000000000
010d06b487
01019a8a9b
0105813a87
0000000000
010d06b507
0101aa8a9b
0109813a87
0000000000
010d06b587
0101ba8a9b
010d813a87
0000000000
010d06b607
0101ca8a9b
0111813a87
0000000000
010d06b687
0101da8a9b
0115813a87
0000000000
010d06b707
0101ea8a9b
0119813a87
0000000000
010d06b787
0101fa8a9b
011d813a87
0000000000
0101073407
01000b0b1b
0100013b07
0000000000
0101073487
01001b0b1b
0104013b07
0000000000
0101073507
01002b0b1b
0108013b07
0000000000
0101073587
01003b0b1b
010c013b07
0000000000
0101073607
01004b0b1b
0110013b07
0000000000
0101073687
01005b0b1b
0114013b07
0000000000
0101073707
01006b0b1b
0118013b07
0000000000
0101073787
01007b0b1b
011c013b07
0000000000
0105073407
01008b0b1b
0100813b07
0000000000
0105073487
01009b0b1b
0104813b07
0000000000
0105073507
0100ab0b1b
0108813b07
0000000000
0105073587
0100bb0b1b
010c813b07
0000000000
0105073607
0100cb0b1b
0110813b07
0000000000
0105073687
0100db0b1b
0114813b07
0000000000
0105073707
0100eb0b1b
0118813b07
0000000000
0105073787
0100fb0b1b
011c813b07
0000000000
0109073407
01010b0b1b
0101013b07
0000000000
0109073487
01011b0b1b
0105013b07
0000000000
0109073507
01012b0b1b
0109013b07
0000000000
0109073587
01013b0b1b
010d013b07
0000000000
0109073607
01014b0b1b
0111013b07
0000000000
0109073687
01015b0b1b
0115013b07
0000000000
0109073707
01016b0b1b
0119013b07
0000000000
0109073787
01017b0b1b
011d013b07
0000000000
010d073407
01018b0b1b
0101813b07
0000000000
010d073487
01019b0b1b
0105813b07
0000000000
010d073507
0101ab0b1b
0109813b07
0000000000
010d073587
0101bb0b1b
010d813b07
0000000000
010d073607
0101cb0b1b
0111813b07
0000000000
010d073687
0101db0b1b
0115813b07
0000000000
010d073707
0101eb0b1b
0119813b07
0000000000
010d073787
0101fb0b1b
011d813b07
0000000000
010107b407
01000b8b9b
0100013b87
0000000000
010107b487
01001b8b9b
0104013b87
0000000000
010107b507
01002b8b9b
0108013b87
0000000000
010107b587
01003b8b9b
010c013b87
0000000000
010107b607
01004b8b9b
0110013b87
0000000000
010107b687
01005b8b9b
0114013b87
0000000000
010107b707
01006b8b9b
0118013b87
0000000000
010107b787
01007b8b9b
011c013b87
0000000000
010507b407
01008b8b9b
0100813b87
0000000000
010507b487
01009b8b9b
0104813b87
0000000000
010507b507
0100ab8b9b
0108813b87
0000000000
010507b587
0100bb8b9b
010c813b87
0000000000
010507b607
0100cb8b9b
0110813b87
0000000000
010507b687
0100db8b9b
0114813b87
0000000000
010507b707
0100eb8b9b
0118813b87
0000000000
010507b787
0100fb8b9b
011c813b87
0000000000
010907b407
01010b8b9b
0101013b87
0000000000
010907b487
01011b8b9b
0105013b87
0000000000
010907b507
01012b8b9b
0109013b87
0000000000
010907b587
01013b8b9b
010d013b87
0000000000
010907b607
01014b8b9b
0111013b87
0000000000
010907b687
01015b8b9b
0115013b87
0000000000
010907b707
01016b8b9b
0119013b87
0000000000
010907b787
01017b8b9b
011d013b87
0000000000
010d07b407
01018b8b9b
0101813b87
0000000000
010d07b487
01019b8b9b
0105813b87
0000000000
010d07b507
0101ab8b9b
0109813b87
0000000000
010d07b587
0101bb8b9b
010d813b87
0000000000
010d07b607
0101cb8b9b
0111813b87
0000000000
010d07b687
0101db8b9b
0115813b87
0000000000
010d07b707
0101eb8b9b
0119813b87
0000000000
010d07b787
0101fb8b9b
011d813b87
0000000000
0101843407
01000c0c1b
0100013c07
0000000000
0101843487
01001c0c1b
0104013c07
0000000000
0101843507
01002c0c1b
0108013c07
0000000000
0101843587
01003c0c1b
010c013c07
0000000000
0101843607
01004c0c1b
0110013c07
0000000000
0101843687
01005c0c1b
0114013c07
0000000000
0101843707
01006c0c1b
0118013c07
0000000000
0101843787
01007c0c1b
011c013c07
0000000000
0105843407
01008c0c1b
0100813c07
0000000000
0105843487
01009c0c1b
0104813c07
0000000000
0105843507
0100ac0c1b
0108813c07
0000000000
0105843587
0100bc0c1b
010c813c07
0000000000
0105843607
0100cc0c1b
0110813c07
0000000000
0105843687
0100dc0c1b
0114813c07
0000000000
0105843707
0100ec0c1b
0118813c07
0000000000
0105843787
0100fc0c1b
011c813c07
0000000000
0109843407
01010c0c1b
0101013c07
0000000000
0109843487
01011c0c1b
0105013c07
0000000000
0109843507
01012c0c1b
0109013c07
0000000000
0109843587
01013c0c1b
010d013c07
0000000000
0109843607
01014c0c1b
0111013c07
0000000000
0109843687
01015c0c1b
0115013c07
0000000000
0109843707
01016c0c1b
0119013c07
0000000000
0109843787
01017c0c1b
011d013c07
0000000000
010d843407
01018c0c1b
0101813c07
0000000000
010d843487
01019c0c1b
0105813c07
0000000000
010d843507
0101ac0c1b
0109813c07
0000000000
010d843587
0101bc0c1b
010d813c07
0000000000
010d843607
0101cc0c1b
0111813c07
0000000000
010d843687
0101dc0c1b
0115813c07
0000000000
010d843707
0101ec0c1b
0119813c07
0000000000
010d843787
0101fc0c1b
011d813c07
0000000000
010184b407
01000c8c9b
0100013c87
0000000000
010184b487
01001c8c9b
0104013c87
0000000000
010184b507
01002c8c9b
0108013c87
0000000000
010184b587
01003c8c9b
010c013c87
0000000000
010184b607
01004c8c9b
0110013c87
0000000000
010184b687
01005c8c9b
0114013c87
0000000000
010184b707
01006c8c9b
0118013c87
0000000000
010184b787
01007c8c9b
011c013c87
0000000000
010584b407
01008c8c9b
0100813c87
0000000000
010584b487
01009c8c9b
0104813c87
0000000000
010584b507
0100ac8c9b
0108813c87
0000000000
010584b587
0100bc8c9b
010c813c87
0000000000
010584b607
0100cc8c9b
0110813c87
0000000000
010584b687
0100dc8c9b
0114813c87
0000000000
010584b707
0100ec8c9b
0118813c87
0000000000
010584b787
0100fc8c9b
011c813c87
0000000000
010984b407
01010c8c9b
0101013c87
0000000000
010984b487
01011c8c9b
0105013c87
0000000000
010984b507
01012c8c9b
0109013c87
0000000000
010984b587
01013c8c9b
010d013c87
0000000000
010984b607
01014c8c9b
0111013c87
0000000000
010984b687
01015c8c9b
0115013c87
0000000000
010984b707
01016c8c9b
0119013c87
0000000000
010984b787
01017c8c9b
011d013c87
0000000000
010d84b407
01018c8c9b
0101813c87
0000000000
010d84b487
01019c8c9b
0105813c87
0000000000
010d84b507
0101ac8c9b
0109813c87
0000000000
010d84b587
0101bc8c9b
010d813c87
0000000000
010d84b607
0101cc8c9b
0111813c87
0000000000
010d84b687
0101dc8c9b
0115813c87
0000000000
010d84b707
0101ec8c9b
0119813c87
0000000000
010d84b787
0101fc8c9b
011d813c87
0000000000
0101853407
01000d0d1b
0100013d07
0000000000
0101853487
01001d0d1b
0104013d07
0000000000
0101853507
01002d0d1b
0108013d07
0000000000
0101853587
01003d0d1b
010c013d07
0000000000
0101853607
01004d0d1b
0110013d07
0000000000
0101853687
01005d0d1b
0114013d07
0000000000
0101853707
01006d0d1b
0118013d07
0000000000
0101853787
01007d0d1b
011c013d07
0000000000
0105853407
01008d0d1b
0100813d07
0000000000
0105853487
01009d0d1b
0104813d07
0000000000
0105853507
0100ad0d1b
0108813d07
0000000000
0105853587
0100bd0d1b
010c813d07
0000000000
0105853607
0100cd0d1b
0110813d07
0000000000
0105853687
0100dd0d1b
0114813d07
0000000000
0105853707
0100ed0d1b
0118813d07
0000000000
0105853787
0100fd0d1b
011c813d07
0000000000
0109853407
01010d0d1b
0101013d07
0000000000
0109853487
01011d0d1b
0105013d07
0000000000
0109853507
01012d0d1b
0109013d07
0000000000
0109853587
01013d0d1b
010d013d07
0000000000
0109853607
01014d0d1b
0111013d07
0000000000
0109853687
01015d0d1b
0115013d07
0000000000
0109853707
01016d0d1b
0119013d07
0000000000
0109853787
01017d0d1b
011d013d07
0000000000
010d853407
01018d0d1b
0101813d07
0000000000
010d853487
01019d0d1b
0105813d07
0000000000
010d853507
0101ad0d1b
0109813d07
0000000000
010d853587
0101bd0d1b
010d813d07
0000000000
010d853607
0101cd0d1b
0111813d07
0000000000
010d853687
0101dd0d1b
0115813d07
0000000000
010d853707
0101ed0d1b
0119813d07
0000000000
010d853787
0101fd0d1b
011d813d07
0000000000
010185b407
01000d8d9b
0100013d87
0000000000
010185b487
01001d8d9b
0104013d87
0000000000
010185b507
01002d8d9b
0108013d87
0000000000
010185b587
01003d8d9b
010c013d87
0000000000
010185b607
01004d8d9b
0110013d87
0000000000
010185b687
01005d8d9b
0114013d87
0000000000
010185b707
01006d8d9b
0118013d87
0000000000
010185b787
01007d8d9b
011c013d87
0000000000
010585b407
01008d8d9b
0100813d87
0000000000
010585b487
01009d8d9b
0104813d87
0000000000
010585b507
0100ad8d9b
0108813d87
0000000000
010585b587
0100bd8d9b
010c813d87
0000000000
010585b607
0100cd8d9b
0110813d87
0000000000
010585b687
0100dd8d9b
0114813d87
0000000000
010585b707
0100ed8d9b
0118813d87
0000000000
010585b787
0100fd8d9b
011c813d87
0000000000
010985b407
01010d8d9b
0101013d87
0000000000
010985b487
01011d8d9b
0105013d87
0000000000
010985b507
01012d8d9b
0109013d87
0000000000
010985b587
01013d8d9b
010d013d87
0000000000
010985b607
01014d8d9b
0111013d87
0000000000
010985b687
01015d8d9b
0115013d87
0000000000
010985b707
01016d8d9b
0119013d87
0000000000
010985b787
01017d8d9b
011d013d87
0000000000
010d85b407
01018d8d9b
0101813d87
0000000000
010d85b487
01019d8d9b
0105813d87
0000000000
010d85b507
0101ad8d9b
0109813d87
0000000000
010d85b587
0101bd8d9b
010d813d87
0000000000
010d85b607
0101cd8d9b
0111813d87
0000000000
010d85b687
0101dd8d9b
0115813d87
0000000000
010d85b707
0101ed8d9b
0119813d87
0000000000
010d85b787
0101fd8d9b
011d813d87
0000000000
0101863407
01000e0e1b
0100013e07
0000000000
0101863487
01001e0e1b
0104013e07
0000000000
0101863507
01002e0e1b
0108013e07
0000000000
0101863587
01003e0e1b
010c013e07
0000000000
0101863607
01004e0e1b
0110013e07
0000000000
0101863687
01005e0e1b
0114013e07
0000000000
0101863707
01006e0e1b
0118013e07
0000000000
0101863787
01007e0e1b
011c013e07
0000000000
0105863407
01008e0e1b
0100813e07
0000000000
0105863487
01009e0e1b
0104813e07
0000000000
0105863507
0100ae0e1b
0108813e07
0000000000
0105863587
0100be0e1b
010c813e07
0000000000
0105863607
0100ce0e1b
0110813e07
0000000000
0105863687
0100de0e1b
0114813e07
0000000000
0105863707
0100ee0e1b
0118813e07
0000000000
0105863787
0100fe0e1b
011c813e07
0000000000
0109863407
01010e0e1b
0101013e07
0000000000
0109863487
01011e0e1b
0105013e07
0000000000
0109863507
01012e0e1b
0109013e07
0000000000
0109863587
01013e0e1b
010d013e07
0000000000
0109863607
01014e0e1b
0111013e07
0000000000
0109863687
01015e0e1b
0115013e07
0000000000
0109863707
01016e0e1b
0119013e07
0000000000
0109863787
01017e0e1b
011d013e07
0000000000
010d863407
01018e0e1b
0101813e07
0000000000
010d863487
01019e0e1b
0105813e07
0000000000
010d863507
0101ae0e1b
0109813e07
0000000000
010d863587
0101be0e1b
010d813e07
0000000000
010d863607
0101ce0e1b
0111813e07
0000000000
010d863687
0101de0e1b
0115813e07
0000000000
010d863707
0101ee0e1b
0119813e07
0000000000
010d863787
0101fe0e1b
011d813e07
0000000000
010186b407
01000e8e9b
0100013e87
0000000000
010186b487
01001e8e9b
0104013e87
0000000000
010186b507
01002e8e9b
0108013e87
0000000000
010186b587
01003e8e9b
010c013e87
0000000000
010186b607
01004e8e9b
0110013e87
0000000000
010186b687
01005e8e9b
0114013e87
0000000000
010186b707
01006e8e9b
0118013e87
0000000000
010186b787
01007e8e9b
011c013e87
0000000000
010586b407
01008e8e9b
0100813e87
0000000000
010586b487
01009e8e9b
0104813e87
0000000000
010586b507
0100ae8e9b
0108813e87
0000000000
010586b587
0100be8e9b
010c813e87
0000000000
010586b607
0100ce8e9b
0110813e87
0000000000
010586b687
0100de8e9b
0114813e87
0000000000
010586b707
0100ee8e9b
0118813e87
0000000000
010586b787
0100fe8e9b
011c813e87
0000000000
010986b407
01010e8e9b
0101013e87
0000000000
010986b487
01011e8e9b
0105013e87
0000000000
010986b507
01012e8e9b
0109013e87
0000000000
010986b587
01013e8e9b
010d013e87
0000000000
010986b607
01014e8e9b
0111013e87
0000000000
010986b687
01015e8e9b
0115013e87
0000000000
010986b707
01016e8e9b
0119013e87
0000000000
010986b787
01017e8e9b
011d013e87
0000000000
010d86b407
01018e8e9b
0101813e87
0000000000
010d86b487
01019e8e9b
0105813e87
0000000000
010d86b507
0101ae8e9b
0109813e87
0000000000
010d86b587
0101be8e9b
010d813e87
0000000000
010d86b607
0101ce8e9b
0111813e87
0000000000
010d86b687
0101de8e9b
0115813e87
0000000000
010d86b707
0101ee8e9b
0119813e87
0000000000
010d86b787
0101fe8e9b
011d813e87
0000000000
0101873407
01000f0f1b
0100013f07
0000000000
0101873487
01001f0f1b
0104013f07
0000000000
0101873507
01002f0f1b
0108013f07
0000000000
0101873587
01003f0f1b
010c013f07
0000000000
0101873607
01004f0f1b
0110013f07
0000000000
0101873687
01005f0f1b
0114013f07
0000000000
0101873707
01006f0f1b
0118013f07
0000000000
0101873787
01007f0f1b
011c013f07
0000000000
0105873407
01008f0f1b
0100813f07
0000000000
0105873487
01009f0f1b
0104813f07
0000000000
0105873507
0100af0f1b
0108813f07
0000000000
0105873587
0100bf0f1b
010c813f07
0000000000
0105873607
0100cf0f1b
0110813f07
0000000000
0105873687
0100df0f1b
0114813f07
0000000000
0105873707
0100ef0f1b
0118813f07
0000000000
0105873787
0100ff0f1b
011c813f07
0000000000
0109873407
01010f0f1b
0101013f07
0000000000
0109873487
01011f0f1b
0105013f07
0000000000
0109873507
01012f0f1b
0109013f07
0000000000
0109873587
01013f0f1b
010d013f07
0000000000
0109873607
01014f0f1b
0111013f07
0000000000
0109873687
01015f0f1b
0115013f07
0000000000
0109873707
01016f0f1b
0119013f07
0000000000
0109873787
01017f0f1b
011d013f07
0000000000
010d873407
01018f0f1b
0101813f07
0000000000
010d873487
01019f0f1b
0105813f07
0000000000
010d873507
0101af0f1b
0109813f07
0000000000
010d873587
0101bf0f1b
010d813f07
0000000000
010d873607
0101cf0f1b
0111813f07
0000000000
010d873687
0101df0f1b
0115813f07
0000000000
010d873707
0101ef0f1b
0119813f07
0000000000
010d873787
0101ff0f1b
011d813f07
0000000000
010187b407
01000f8f9b
0100013f87
0000000000
010187b487
01001f8f9b
0104013f87
0000000000
010187b507
01002f8f9b
0108013f87
0000000000
010187b587
01003f8f9b
010c013f87
0000000000
010187b607
01004f8f9b
0110013f87
0000000000
010187b687
01005f8f9b
0114013f87
0000000000
010187b707
01006f8f9b
0118013f87
0000000000
010187b787
01007f8f9b
011c013f87
0000000000
010587b407
01008f8f9b
0100813f87
0000000000
010587b487
01009f8f9b
0104813f87
0000000000
010587b507
0100af8f9b
0108813f87
0000000000
010587b587
0100bf8f9b
010c813f87
0000000000
010587b607
0100cf8f9b
0110813f87
0000000000
010587b687
0100df8f9b
0114813f87
0000000000
010587b707
0100ef8f9b
0118813f87
0000000000
010587b787
0100ff8f9b
011c813f87
0000000000
010987b407
01010f8f9b
0101013f87
0000000000
010987b487
01011f8f9b
0105013f87
0000000000
010987b507
01012f8f9b
0109013f87
0000000000
010987b587
01013f8f9b
010d013f87
0000000000
010987b607
01014f8f9b
0111013f87
0000000000
010987b687
01015f8f9b
0115013f87
0000000000
010987b707
01016f8f9b
0119013f87
0000000000
010987b787
01017f8f9b
011d013f87
0000000000
010d87b407
01018f8f9b
0101813f87
0000000000
010d87b487
01019f8f9b
0105813f87
0000000000
010d87b507
0101af8f9b
0109813f87
0000000000
010d87b587
0101bf8f9b
010d813f87
0000000000
010d87b607
0101cf8f9b
0111813f87
0000000000
010d87b687
0101df8f9b
0115813f87
0000000000
010d87b707
0101ef8f9b
0119813f87
0000000000
010d87b787
0101ff8f9b
011d813f87
0000000000
0102043407
0200003001
0102013007
0000000000
0102043487
0200003005
0106013007
0000000000
0102043507
0200003009
010a013007
0000000000
0102043587
020000300d
010e013007
0000000000
0102043607
0200003011
0112013007
0000000000
0102043687
0200003015
0116013007
0000000000
0102043707
0200003019
011a013007
0000000000
0102043787
020000301d
011e013007
0000000000
0106043407
0200003021
0102813007
0000000000
0106043487
0200003025
0106813007
0000000000
0106043507
0200003029
010a813007
0000000000
0106043587
020000302d
010e813007
0000000000
0106043607
0200003031
0112813007
0000000000
0106043687
0200003035
0116813007
0000000000
0106043707
0200003039
011a813007
0000000000
0106043787
020000303d
011e813007
0000000000
010a043407
0200003041
0103013007
0000000000
010a043487
0200003045
0107013007
0000000000
010a043507
0200003049
010b013007
0000000000
010a043587
020000304d
010f013007
0000000000
010a043607
0200003051
0113013007
0000000000
010a043687
0200003055
0117013007
0000000000
010a043707
0200003059
011b013007
0000000000
010a043787
020000305d
011f013007
0000000000
010e043407
0200003061
0103813007
0000000000
010e043487
0200003065
0107813007
0000000000
010e043507
0200003069
010b813007
0000000000
010e043587
020000306d
010f813007
0000000000
010e043607
0200003071
0113813007
0000000000
010e043687
0200003075
0117813007
0000000000
010e043707
0200003079
011b813007
0000000000
010e043787
020000307d
011f813007
0000000000
010204b407
01fe00809b
0102013087
0000000000
010204b487
01fe10809b
0106013087
0000000000
010204b507
01fe20809b
010a013087
0000000000
010204b587
01fe30809b
010e013087
0000000000
010204b607
01fe40809b
0112013087
0000000000
010204b687
01fe50809b
0116013087
0000000000
010204b707
01fe60809b
011a013087
0000000000
010204b787
01fe70809b
011e013087
0000000000
010604b407
01fe80809b
0102813087
0000000000
010604b487
01fe90809b
0106813087
0000000000
010604b507
01fea0809b
010a813087
0000000000
010604b587
01feb0809b
010e813087
0000000000
010604b607
01fec0809b
0112813087
0000000000
010604b687
01fed0809b
0116813087
0000000000
010604b707
01fee0809b
011a813087
0000000000
010604b787
01fef0809b
011e813087
0000000000
010a04b407
01ff00809b
0103013087
0000000000
010a04b487
01ff10809b
0107013087
0000000000
010a04b507
01ff20809b
010b013087
0000000000
010a04b587
01ff30809b
010f013087
0000000000
010a04b607
01ff40809b
0113013087
0000000000
010a04b687
01ff50809b
0117013087
0000000000
010a04b707
01ff60809b
011b013087
0000000000
010a04b787
01ff70809b
011f013087
0000000000
010e04b407
01ff80809b
0103813087
0000000000
010e04b487
01ff90809b
0107813087
0000000000
010e04b507
01ffa0809b
010b813087
0000000000
010e04b587
01ffb0809b
010f813087
0000000000
010e04b607
01ffc0809b
0113813087
0000000000
010e04b687
01ffd0809b
0117813087
0000000000
010e04b707
01ffe0809b
011b813087
0000000000
010e04b787
01fff0809b
011f813087
0000000000
0102053407
01fe01011b
0102013107
0000000000
0102053487
01fe11011b
0106013107
0000000000
0102053507
01fe21011b
010a013107
0000000000
0102053587
01fe31011b
010e013107
0000000000
0102053607
01fe41011b
0112013107
0000000000
0102053687
01fe51011b
0116013107
0000000000
0102053707
01fe61011b
011a013107
0000000000
0102053787
01fe71011b
011e013107
0000000000
0106053407
01fe81011b
0102813107
0000000000
0106053487
01fe91011b
0106813107
0000000000
0106053507
01fea1011b
010a813107
0000000000
0106053587
01feb1011b
010e813107
0000000000
0106053607
01fec1011b
0112813107
0000000000
0106053687
01fed1011b
0116813107
0000000000
0106053707
01fee1011b
011a813107
0000000000
0106053787
01fef1011b
011e813107
0000000000
010a053407
01ff01011b
0103013107
0000000000
010a053487
01ff11011b
0107013107
0000000000
010a053507
01ff21011b
010b013107
0000000000
010a053587
01ff31011b
010f013107
0000000000
010a053607
01ff41011b
0113013107
0000000000
010a053687
01ff51011b
0117013107
0000000000
010a053707
01ff61011b
011b013107
0000000000
010a053787
01ff71011b
011f013107
0000000000
010e053407
01ff81011b
0103813107
0000000000
010e053487
01ff91011b
0107813107
0000000000
010e053507
01ffa1011b
010b813107
0000000000
010e053587
01ffb1011b
010f813107
0000000000
010e053607
01ffc1011b
0113813107
0000000000
010e053687
01ffd1011b
0117813107
0000000000
010e053707
01ffe1011b
011b813107
0000000000
010e053787
01fff1011b
011f813107
0000000000
010205b407
01fe01819b
0102013187
0000000000
010205b487
01fe11819b
0106013187
0000000000
010205b507
01fe21819b
010a013187
0000000000
010205b587
01fe31819b
010e013187
0000000000
010205b607
01fe41819b
0112013187
0000000000
010205b687
01fe51819b
0116013187
0000000000
010205b707
01fe61819b
011a013187
0000000000
010205b787
01fe71819b
011e013187
0000000000
010605b407
01fe81819b
0102813187
0000000000
010605b487
01fe91819b
0106813187
0000000000
010605b507
01fea1819b
010a813187
0000000000
010605b587
01feb1819b
010e813187
0000000000
010605b607
01fec1819b
0112813187
0000000000
010605b687
01fed1819b
0116813187
0000000000
010605b707
01fee1819b
011a813187
0000000000
010605b787
01fef1819b
011e813187
0000000000
010a05b407
01ff01819b
0103013187
0000000000
010a05b487
01ff11819b
0107013187
0000000000
010a05b507
01ff21819b
010b013187
0000000000
010a05b587
01ff31819b
010f013187
0000000000
010a05b607
01ff41819b
0113013187
0000000000
010a05b687
01ff51819b
0117013187
0000000000
010a05b707
01ff61819b
011b013187
0000000000
010a05b787
01ff71819b
011f013187
0000000000
010e05b407
01ff81819b
0103813187
0000000000
010e05b487
01ff91819b
0107813187
0000000000
010e05b507
01ffa1819b
010b813187
0000000000
010e05b587
01ffb1819b
010f813187
0000000000
010e05b607
01ffc1819b
0113813187
0000000000
010e05b687
01ffd1819b
0117813187
0000000000
010e05b707
01ffe1819b
011b813187
0000000000
010e05b787
01fff1819b
011f813187
0000000000
0102063407
01fe02021b
0102013207
0000000000
0102063487
01fe12021b
0106013207
0000000000
0102063507
01fe22021b
010a013207
0000000000
0102063587
01fe32021b
010e013207
0000000000
0102063607
01fe42021b
0112013207
0000000000
0102063687
01fe52021b
0116013207
0000000000
0102063707
01fe62021b
011a013207
0000000000
0102063787
01fe72021b
011e013207
0000000000
0106063407
01fe82021b
0102813207
0000000000
0106063487
01fe92021b
0106813207
0000000000
0106063507
01fea2021b
010a813207
0000000000
0106063587
01feb2021b
010e813207
0000000000
0106063607
01fec2021b
0112813207
0000000000
0106063687
01fed2021b
0116813207
0000000000
0106063707
01fee2021b
011a813207
0000000000
0106063787
01fef2021b
011e813207
0000000000
010a063407
01ff02021b
0103013207
0000000000
010a063487
01ff12021b
0107013207
0000000000
010a063507
01ff22021b
010b013207
0000000000
010a063587
01ff32021b
010f013207
0000000000
010a063607
01ff42021b
0113013207
0000000000
010a063687
01ff52021b
0117013207
0000000000
010a063707
01ff62021b
011b013207
0000000000
010a063787
01ff72021b
011f013207
0000000000
010e063407
01ff82021b
0103813207
0000000000
010e063487
01ff92021b
0107813207
0000000000
010e063507
01ffa2021b
010b813207
0000000000
010e063587
01ffb2021b
010f813207
0000000000
010e063607
01ffc2021b
0113813207
0000000000
010e063687
01ffd2021b
0117813207
0000000000
010e063707
01ffe2021b
011b813207
0000000000
010e063787
01fff2021b
011f813207
0000000000
010206b407
01fe02829b
0102013287
0000000000
010206b487
01fe12829b
0106013287
0000000000
010206b507
01fe22829b
010a013287
0000000000
010206b587
01fe32829b
010e013287
0000000000
010206b607
01fe42829b
0112013287
0000000000
010206b687
01fe52829b
0116013287
0000000000
010206b707
01fe62829b
011a013287
0000000000
010206b787
01fe72829b
011e013287
0000000000
010606b407
01fe82829b
0102813287
0000000000
010606b487
01fe92829b
0106813287
0000000000
010606b507
01fea2829b
010a813287
0000000000
010606b587
01feb2829b
010e813287
0000000000
010606b607
01fec2829b
0112813287
0000000000
010606b687
01fed2829b
0116813287
0000000000
010606b707
01fee2829b
011a813287
0000000000
010606b787
01fef2829b
011e813287
0000000000
010a06b407
01ff02829b
0103013287
0000000000
010a06b487
01ff12829b
0107013287
0000000000
010a06b507
01ff22829b
010b013287
0000000000
010a06b587
01ff32829b
010f013287
0000000000
010a06b607
01ff42829b
0113013287
0000000000
010a06b687
01ff52829b
0117013287
0000000000
010a06b707
01ff62829b
011b013287
0000000000
010a06b787
01ff72829b
011f013287
0000000000
010e06b407
01ff82829b
0103813287
0000000000
010e06b487
01ff92829b
0107813287
0000000000
010e06b507
01ffa2829b
010b813287
0000000000
010e06b587
01ffb2829b
010f813287
0000000000
010e06b607
01ffc2829b
0113813287
0000000000
010e06b687
01ffd2829b
0117813287
0000000000
010e06b707
01ffe2829b
011b813287
0000000000
010e06b787
01fff2829b
011f813287
0000000000
0102073407
01fe03031b
0102013307
0000000000
0102073487
01fe13031b
0106013307
0000000000
0102073507
01fe23031b
010a013307
0000000000
0102073587
01fe33031b
010e013307
0000000000
0102073607
01fe43031b
0112013307
0000000000
0102073687
01fe53031b
0116013307
0000000000
0102073707
01fe63031b
011a013307
0000000000
0102073787
01fe73031b
011e013307
0000000000
0106073407
01fe83031b
0102813307
0000000000
0106073487
01fe93031b
0106813307
0000000000
0106073507
01fea3031b
010a813307
0000000000
0106073587
01feb3031b
010e813307
0000000000
0106073607
01fec3031b
0112813307
0000000000
0106073687
01fed3031b
0116813307
0000000000
0106073707
01fee3031b
011a813307
0000000000
0106073787
01fef3031b
011e813307
0000000000
010a073407
01ff03031b
0103013307
0000000000
010a073487
01ff13031b
0107013307
0000000000
010a073507
01ff23031b
010b013307
0000000000
010a073587
01ff33031b
010f013307
0000000000
010a073607
01ff43031b
0113013307
0000000000
010a073687
01ff53031b
0117013307
0000000000
010a073707
01ff63031b
011b013307
0000000000
010a073787
01ff73031b
011f013307
0000000000
010e073407
01ff83031b
0103813307
0000000000
010e073487
01ff93031b
0107813307
0000000000
010e073507
01ffa3031b
010b813307
0000000000
010e073587
01ffb3031b
010f813307
0000000000
010e073607
01ffc3031b
0113813307
0000000000
010e073687
01ffd3031b
0117813307
0000000000
010e073707
01ffe3031b
011b813307
0000000000
010e073787
01fff3031b
011f813307
0000000000
010207b407
01fe03839b
0102013387
0000000000
010207b487
01fe13839b
0106013387
0000000000
010207b507
01fe23839b
010a013387
0000000000
010207b587
01fe33839b
010e013387
0000000000
010207b607
01fe43839b
0112013387
0000000000
010207b687
01fe53839b
0116013387
0000000000
010207b707
01fe63839b
011a013387
0000000000
010207b787
01fe73839b
011e013387
0000000000
010607b407
01fe83839b
0102813387
0000000000
010607b487
01fe93839b
0106813387
0000000000
010607b507
01fea3839b
010a813387
0000000000
010607b587
01feb3839b
010e813387
0000000000
010607b607
01fec3839b
0112813387
0000000000
010607b687
01fed3839b
0116813387
0000000000
010607b707
01fee3839b
011a813387
0000000000
010607b787
01fef3839b
011e813387
0000000000
010a07b407
01ff03839b
0103013387
0000000000
010a07b487
01ff13839b
0107013387
0000000000
010a07b507
01ff23839b
010b013387
0000000000
010a07b587
01ff33839b
010f013387
0000000000
010a07b607
01ff43839b
0113013387
0000000000
010a07b687
01ff53839b
0117013387
0000000000
010a07b707
01ff63839b
011b013387
0000000000
010a07b787
01ff73839b
011f013387
0000000000
010e07b407
01ff83839b
0103813387
0000000000
010e07b487
01ff93839b
0107813387
0000000000
010e07b507
01ffa3839b
010b813387
0000000000
010e07b587
01ffb3839b
010f813387
0000000000
010e07b607
01ffc3839b
0113813387
0000000000
010e07b687
01ffd3839b
0117813387
0000000000
010e07b707
01ffe3839b
011b813387
0000000000
010e07b787
01fff3839b
011f813387
0000000000
0102843407
01fe04041b
0102013407
0000000000
0102843487
01fe14041b
0106013407
0000000000
0102843507
01fe24041b
010a013407
0000000000
0102843587
01fe34041b
010e013407
0000000000
0102843607
01fe44041b
0112013407
0000000000
0102843687
01fe54041b
0116013407
0000000000
0102843707
01fe64041b
011a013407
0000000000
0102843787
01fe74041b
011e013407
0000000000
0106843407
01fe84041b
0102813407
0000000000
0106843487
01fe94041b
0106813407
0000000000
0106843507
01fea4041b
010a813407
0000000000
0106843587
01feb4041b
010e813407
0000000000
0106843607
01fec4041b
0112813407
0000000000
0106843687
01fed4041b
0116813407
0000000000
0106843707
01fee4041b
011a813407
0000000000
0106843787
01fef4041b
011e813407
0000000000
010a843407
01ff04041b
0103013407
0000000000
010a843487
01ff14041b
0107013407
0000000000
010a843507
01ff24041b
010b013407
0000000000
010a843587
01ff34041b
010f013407
0000000000
010a843607
01ff44041b
0113013407
0000000000
010a843687
01ff54041b
0117013407
0000000000
010a843707
01ff64041b
011b013407
0000000000
010a843787
01ff74041b
011f013407
0000000000
010e843407
01ff84041b
0103813407
0000000000
010e843487
01ff94041b
0107813407
0000000000
010e843507
01ffa4041b
010b813407
0000000000
010e843587
01ffb4041b
010f813407
0000000000
010e843607
01ffc4041b
0113813407
0000000000
010e843687
01ffd4041b
0117813407
0000000000
010e843707
01ffe4041b
011b813407
0000000000
010e843787
01fff4041b
011f813407
0000000000
010284b407
01fe04849b
0102013487
0000000000
010284b487
01fe14849b
0106013487
0000000000
010284b507
01fe24849b
010a013487
0000000000
010284b587
01fe34849b
010e013487
0000000000
010284b607
01fe44849b
0112013487
0000000000
010284b687
01fe54849b
0116013487
0000000000
010284b707
01fe64849b
011a013487
0000000000
010284b787
01fe74849b
011e013487
0000000000
010684b407
01fe84849b
0102813487
0000000000
010684b487
01fe94849b
0106813487
0000000000
010684b507
01fea4849b
010a813487
0000000000
010684b587
01feb4849b
010e813487
0000000000
010684b607
01fec4849b
0112813487
0000000000
010684b687
01fed4849b
0116813487
0000000000
010684b707
01fee4849b
011a813487
0000000000
010684b787
01fef4849b
011e813487
0000000000
010a84b407
01ff04849b
0103013487
0000000000
010a84b487
01ff14849b
0107013487
0000000000
010a84b507
01ff24849b
010b013487
0000000000
010a84b587
01ff34849b
010f013487
0000000000
010a84b607
01ff44849b
0113013487
0000000000
010a84b687
01ff54849b
0117013487
0000000000
010a84b707
01ff64849b
011b013487
0000000000
010a84b787
01ff74849b
011f013487
0000000000
010e84b407
01ff84849b
0103813487
0000000000
010e84b487
01ff94849b
0107813487
0000000000
010e84b507
01ffa4849b
010b813487
0000000000
010e84b587
01ffb4849b
010f813487
0000000000
010e84b607
01ffc4849b
0113813487
0000000000
010e84b687
01ffd4849b
0117813487
0000000000
010e84b707
01ffe4849b
011b813487
0000000000
010e84b787
01fff4849b
011f813487
0000000000
0102853407
01fe05051b
0102013507
0000000000
0102853487
01fe15051b
0106013507
0000000000
0102853507
01fe25051b
010a013507
0000000000
0102853587
01fe35051b
010e013507
0000000000
0102853607
01fe45051b
0112013507
0000000000
0102853687
01fe55051b
0116013507
0000000000
0102853707
01fe65051b
011a013507
0000000000
0102853787
01fe75051b
011e013507
0000000000
0106853407
01fe85051b
0102813507
0000000000
0106853487
01fe95051b
0106813507
0000000000
0106853507
01fea5051b
010a813507
0000000000
0106853587
01feb5051b
010e813507
0000000000
0106853607
01fec5051b
0112813507
0000000000
0106853687
01fed5051b
0116813507
0000000000
0106853707
01fee5051b
011a813507
0000000000
0106853787
01fef5051b
011e813507
0000000000
010a853407
01ff05051b
0103013507
0000000000
010a853487
01ff15051b
0107013507
0000000000
010a853507
01ff25051b
010b013507
0000000000
010a853587
01ff35051b
010f013507
0000000000
010a853607
01ff45051b
0113013507
0000000000
010a853687
01ff55051b
0117013507
0000000000
010a853707
01ff65051b
011b013507
0000000000
010a853787
01ff75051b
011f013507
0000000000
010e853407
01ff85051b
0103813507
0000000000
010e853487
01ff95051b
0107813507
0000000000
010e853507
01ffa5051b
010b813507
0000000000
010e853587
01ffb5051b
010f813507
0000000000
010e853607
01ffc5051b
0113813507
0000000000
010e853687
01ffd5051b
0117813507
0000000000
010e853707
01ffe5051b
011b813507
0000000000
010e853787
01fff5051b
011f813507
0000000000
010285b407
01fe05859b
0102013587
0000000000
010285b487
01fe15859b
0106013587
0000000000
010285b507
01fe25859b
010a013587
0000000000
010285b587
01fe35859b
010e013587
0000000000
010285b607
01fe45859b
0112013587
0000000000
010285b687
01fe55859b
0116013587
0000000000
010285b707
01fe65859b
011a013587
0000000000
010285b787
01fe75859b
011e013587
0000000000
010685b407
01fe85859b
0102813587
0000000000
010685b487
01fe95859b
0106813587
0000000000
010685b507
01fea5859b
010a813587
0000000000
010685b587
01feb5859b
010e813587
0000000000
010685b607
01fec5859b
0112813587
0000000000
010685b687
01fed5859b
0116813587
0000000000
010685b707
01fee5859b
011a813587
0000000000
010685b787
01fef5859b
011e813587
0000000000
010a85b407
01ff05859b
0103013587
0000000000
010a85b487
01ff15859b
0107013587
0000000000
010a85b507
01ff25859b
010b013587
0000000000
010a85b587
01ff35859b
010f013587
0000000000
010a85b607
01ff45859b
0113013587
0000000000
010a85b687
01ff55859b
0117013587
0000000000
010a85b707
01ff65859b
011b013587
0000000000
010a85b787
01ff75859b
011f013587
0000000000
010e85b407
01ff85859b
0103813587
0000000000
010e85b487
01ff95859b
0107813587
0000000000
010e85b507
01ffa5859b
010b813587
0000000000
010e85b587
01ffb5859b
010f813587
0000000000
010e85b607
01ffc5859b
0113813587
0000000000
010e85b687
01ffd5859b
0117813587
0000000000
010e85b707
01ffe5859b
011b813587
0000000000
010e85b787
01fff5859b
011f813587
0000000000
0102863407
01fe06061b
0102013607
0000000000
0102863487
01fe16061b
0106013607
0000000000
0102863507
01fe26061b
010a013607
0000000000
0102863587
01fe36061b
010e013607
0000000000
0102863607
01fe46061b
0112013607
0000000000
0102863687
01fe56061b
0116013607
0000000000
0102863707
01fe66061b
011a013607
0000000000
0102863787
01fe76061b
011e013607
0000000000
0106863407
01fe86061b
0102813607
0000000000
0106863487
01fe96061b
0106813607
0000000000
0106863507
01fea6061b
010a813607
0000000000
0106863587
01feb6061b
010e813607
0000000000
0106863607
01fec6061b
0112813607
0000000000
0106863687
01fed6061b
0116813607
0000000000
0106863707
01fee6061b
011a813607
0000000000
0106863787
01fef6061b
011e813607
0000000000
010a863407
01ff06061b
0103013607
0000000000
010a863487
01ff16061b
0107013607
0000000000
010a863507
01ff26061b
010b013607
0000000000
010a863587
01ff36061b
010f013607
0000000000
010a863607
01ff46061b
0113013607
0000000000
010a863687
01ff56061b
0117013607
0000000000
010a863707
01ff66061b
011b013607
0000000000
010a863787
01ff76061b
011f013607
0000000000
010e863407
01ff86061b
0103813607
0000000000
010e863487
01ff96061b
0107813607
0000000000
010e863507
01ffa6061b
010b813607
0000000000
010e863587
01ffb6061b
010f813607
0000000000
010e863607
01ffc6061b
0113813607
0000000000
010e863687
01ffd6061b
0117813607
0000000000
010e863707
01ffe6061b
011b813607
0000000000
010e863787
01fff6061b
011f813607
0000000000
010286b407
01fe06869b
0102013687
0000000000
010286b487
01fe16869b
0106013687
0000000000
010286b507
01fe26869b
010a013687
0000000000
010286b587
01fe36869b
010e013687
0000000000
010286b607
01fe46869b
0112013687
0000000000
010286b687
01fe56869b
0116013687
0000000000
010286b707
01fe66869b
011a013687
0000000000
010286b787
01fe76869b
011e013687
0000000000
010686b407
01fe86869b
0102813687
0000000000
010686b487
01fe96869b
0106813687
0000000000
010686b507
01fea6869b
010a813687
0000000000
010686b587
01feb6869b
010e813687
0000000000
010686b607
01fec6869b
0112813687
0000000000
010686b687
01fed6869b
0116813687
0000000000
010686b707
01fee6869b
011a813687
0000000000
010686b787
01fef6869b
011e813687
0000000000
010a86b407
01ff06869b
0103013687
0000000000
010a86b487
01ff16869b
0107013687
0000000000
010a86b507
01ff26869b
010b013687
0000000000
010a86b587
01ff36869b
010f013687
0000000000
010a86b607
01ff46869b
0113013687
0000000000
010a86b687
01ff56869b
0117013687
0000000000
010a86b707
01ff66869b
011b013687
0000000000
010a86b787
01ff76869b
011f013687
0000000000
010e86b407
01ff86869b
0103813687
0000000000
010e86b487
01ff96869b
0107813687
0000000000
010e86b507
01ffa6869b
010b813687
0000000000
010e86b587
01ffb6869b
010f813687
0000000000
010e86b607
01ffc6869b
0113813687
0000000000
010e86b687
01ffd6869b
0117813687
0000000000
010e86b707
01ffe6869b
011b813687
0000000000
010e86b787
01fff6869b
011f813687
0000000000
0102873407
01fe07071b
0102013707
0000000000
0102873487
01fe17071b
0106013707
0000000000
0102873507
01fe27071b
010a013707
0000000000
0102873587
01fe37071b
010e013707
0000000000
0102873607
01fe47071b
0112013707
0000000000
0102873687
01fe57071b
0116013707
0000000000
0102873707
01fe67071b
011a013707
0000000000
0102873787
01fe77071b
011e013707
0000000000
0106873407
01fe87071b
0102813707
0000000000
0106873487
01fe97071b
0106813707
0000000000
0106873507
01fea7071b
010a813707
0000000000
0106873587
01feb7071b
010e813707
0000000000
0106873607
01fec7071b
0112813707
0000000000
0106873687
01fed7071b
0116813707
0000000000
0106873707
01fee7071b
011a813707
0000000000
0106873787
01fef7071b
011e813707
0000000000
010a873407
01ff07071b
0103013707
0000000000
010a873487
01ff17071b
0107013707
0000000000
010a873507
01ff27071b
010b013707
0000000000
010a873587
01ff37071b
010f013707
0000000000
010a873607
01ff47071b
0113013707
0000000000
010a873687
01ff57071b
0117013707
0000000000
010a873707
01ff67071b
011b013707
0000000000
010a873787
01ff77071b
011f013707
0000000000
010e873407
01ff87071b
0103813707
0000000000
010e873487
01ff97071b
0107813707
0000000000
010e873507
01ffa7071b
010b813707
0000000000
010e873587
01ffb7071b
010f813707
0000000000
010e873607
01ffc7071b
0113813707
0000000000
010e873687
01ffd7071b
0117813707
0000000000
010e873707
01ffe7071b
011b813707
0000000000
010e873787
01fff7071b
011f813707
0000000000
010287b407
01fe07879b
0102013787
0000000000
010287b487
01fe17879b
0106013787
0000000000
010287b507
01fe27879b
010a013787
0000000000
010287b587
01fe37879b
010e013787
0000000000
010287b607
01fe47879b
0112013787
0000000000
010287b687
01fe57879b
0116013787
0000000000
010287b707
01fe67879b
011a013787
0000000000
010287b787
01fe77879b
011e013787
0000000000
010687b407
01fe87879b
0102813787
0000000000
010687b487
01fe97879b
0106813787
0000000000
010687b507
01fea7879b
010a813787
0000000000
010687b587
01feb7879b
010e813787
0000000000
010687b607
01fec7879b
0112813787
0000000000
010687b687
01fed7879b
0116813787
0000000000
010687b707
01fee7879b
011a813787
0000000000
010687b787
01fef7879b
011e813787
0000000000
010a87b407
01ff07879b
0103013787
0000000000
010a87b487
01ff17879b
0107013787
0000000000
010a87b507
01ff27879b
010b013787
0000000000
010a87b587
01ff37879b
010f013787
0000000000
010a87b607
01ff47879b
0113013787
0000000000
010a87b687
01ff57879b
0117013787
0000000000
010a87b707
01ff67879b
011b013787
0000000000
010a87b787
01ff77879b
011f013787
0000000000
010e87b407
01ff87879b
0103813787
0000000000
010e87b487
01ff97879b
0107813787
0000000000
010e87b507
01ffa7879b
010b813787
0000000000
010e87b587
01ffb7879b
010f813787
0000000000
010e87b607
01ffc7879b
0113813787
0000000000
010e87b687
01ffd7879b
0117813787
0000000000
010e87b707
01ffe7879b
011b813787
0000000000
010e87b787
01fff7879b
011f813787
0000000000
0103043407
01fe08081b
0102013807
0000000000
0103043487
01fe18081b
0106013807
0000000000
0103043507
01fe28081b
010a013807
0000000000
0103043587
01fe38081b
010e013807
0000000000
0103043607
01fe48081b
0112013807
0000000000
0103043687
01fe58081b
0116013807
0000000000
0103043707
01fe68081b
011a013807
0000000000
0103043787
01fe78081b
011e013807
0000000000
0107043407
01fe88081b
0102813807
0000000000
0107043487
01fe98081b
0106813807
0000000000
0107043507
01fea8081b
010a813807
0000000000
0107043587
01feb8081b
010e813807
0000000000
0107043607
01fec8081b
0112813807
0000000000
0107043687
01fed8081b
0116813807
0000000000
0107043707
01fee8081b
011a813807
0000000000
0107043787
01fef8081b
011e813807
0000000000
010b043407
01ff08081b
0103013807
0000000000
010b043487
01ff18081b
0107013807
0000000000
010b043507
01ff28081b
010b013807
0000000000
010b043587
01ff38081b
010f013807
0000000000
010b043607
01ff48081b
0113013807
0000000000
010b043687
01ff58081b
0117013807
0000000000
010b043707
01ff68081b
011b013807
0000000000
010b043787
01ff78081b
011f013807
0000000000
010f043407
01ff88081b
0103813807
0000000000
010f043487
01ff98081b
0107813807
0000000000
010f043507
01ffa8081b
010b813807
0000000000
010f043587
01ffb8081b
010f813807
0000000000
010f043607
01ffc8081b
0113813807
0000000000
010f043687
01ffd8081b
0117813807
0000000000
010f043707
01ffe8081b
011b813807
0000000000
010f043787
01fff8081b
011f813807
0000000000
010304b407
01fe08889b
0102013887
0000000000
010304b487
01fe18889b
0106013887
0000000000
010304b507
01fe28889b
010a013887
0000000000
010304b587
01fe38889b
010e013887
0000000000
010304b607
01fe48889b
0112013887
0000000000
010304b687
01fe58889b
0116013887
0000000000
010304b707
01fe68889b
011a013887
0000000000
010304b787
01fe78889b
011e013887
0000000000
010704b407
01fe88889b
0102813887
0000000000
010704b487
01fe98889b
0106813887
0000000000
010704b507
01fea8889b
010a813887
0000000000
010704b587
01feb8889b
010e813887
0000000000
010704b607
01fec8889b
0112813887
0000000000
010704b687
01fed8889b
0116813887
0000000000
010704b707
01fee8889b
011a813887
0000000000
010704b787
01fef8889b
011e813887
0000000000
010b04b407
01ff08889b
0103013887
0000000000
010b04b487
01ff18889b
0107013887
0000000000
010b04b507
01ff28889b
010b013887
0000000000
010b04b587
01ff38889b
010f013887
0000000000
010b04b607
01ff48889b
0113013887
0000000000
010b04b687
01ff58889b
0117013887
0000000000
010b04b707
01ff68889b
011b013887
0000000000
010b04b787
01ff78889b
011f013887
0000000000
010f04b407
01ff88889b
0103813887
0000000000
010f04b487
01ff98889b
0107813887
0000000000
010f04b507
01ffa8889b
010b813887
0000000000
010f04b587
01ffb8889b
010f813887
0000000000
010f04b607
01ffc8889b
0113813887
0000000000
010f04b687
01ffd8889b
0117813887
0000000000
010f04b707
01ffe8889b
011b813887
0000000000
010f04b787
01fff8889b
011f813887
0000000000
0103053407
01fe09091b
0102013907
0000000000
0103053487
01fe19091b
0106013907
0000000000
0103053507
01fe29091b
010a013907
0000000000
0103053587
01fe39091b
010e013907
0000000000
0103053607
01fe49091b
0112013907
0000000000
0103053687
01fe59091b
0116013907
0000000000
0103053707
01fe69091b
011a013907
0000000000
0103053787
01fe79091b
011e013907
0000000000
0107053407
01fe89091b
0102813907
0000000000
0107053487
01fe99091b
0106813907
0000000000
0107053507
01fea9091b
010a813907
0000000000
0107053587
01feb9091b
010e813907
0000000000
0107053607
01fec9091b
0112813907
0000000000
0107053687
01fed9091b
0116813907
0000000000
0107053707
01fee9091b
011a813907
0000000000
0107053787
01fef9091b
011e813907
0000000000
010b053407
01ff09091b
0103013907
0000000000
010b053487
01ff19091b
0107013907
0000000000
010b053507
01ff29091b
010b013907
0000000000
010b053587
01ff39091b
010f013907
0000000000
010b053607
01ff49091b
0113013907
0000000000
010b053687
01ff59091b
0117013907
0000000000
010b053707
01ff69091b
011b013907
0000000000
010b053787
01ff79091b
011f013907
0000000000
010f053407
01ff89091b
0103813907
0000000000
010f053487
01ff99091b
0107813907
0000000000
010f053507
01ffa9091b
010b813907
0000000000
010f053587
01ffb9091b
010f813907
0000000000
010f053607
01ffc9091b
0113813907
0000000000
010f053687
01ffd9091b
0117813907
0000000000
010f053707
01ffe9091b
011b813907
0000000000
010f053787
01fff9091b
011f813907
0000000000
010305b407
01fe09899b
0102013987
0000000000
010305b487
01fe19899b
0106013987
0000000000
010305b507
01fe29899b
010a013987
0000000000
010305b587
01fe39899b
010e013987
0000000000
010305b607
01fe49899b
0112013987
0000000000
010305b687
01fe59899b
0116013987
0000000000
010305b707
01fe69899b
011a013987
0000000000
010305b787
01fe79899b
011e013987
0000000000
010705b407
01fe89899b
0102813987
0000000000
010705b487
01fe99899b
0106813987
0000000000
010705b507
01fea9899b
010a813987
0000000000
010705b587
01feb9899b
010e813987
0000000000
010705b607
01fec9899b
0112813987
0000000000
010705b687
01fed9899b
0116813987
0000000000
010705b707
01fee9899b
011a813987
0000000000
010705b787
01fef9899b
011e813987
0000000000
010b05b407
01ff09899b
0103013987
0000000000
010b05b487
01ff19899b
0107013987
0000000000
010b05b507
01ff29899b
010b013987
0000000000
010b05b587
01ff39899b
010f013987
0000000000
010b05b607
01ff49899b
0113013987
0000000000
010b05b687
01ff59899b
0117013987
0000000000
010b05b707
01ff69899b
011b013987
0000000000
010b05b787
01ff79899b
011f013987
0000000000
010f05b407
01ff89899b
0103813987
0000000000
010f05b487
01ff99899b
0107813987
0000000000
010f05b507
01ffa9899b
010b813987
0000000000
010f05b587
01ffb9899b
010f813987
0000000000
010f05b607
01ffc9899b
0113813987
0000000000
010f05b687
01ffd9899b
0117813987
0000000000
010f05b707
01ffe9899b
011b813987
0000000000
010f05b787
01fff9899b
011f813987
0000000000
0103063407
01fe0a0a1b
0102013a07
0000000000
0103063487
01fe1a0a1b
0106013a07
0000000000
0103063507
01fe2a0a1b
010a013a07
0000000000
0103063587
01fe3a0a1b
010e013a07
0000000000
0103063607
01fe4a0a1b
0112013a07
0000000000
0103063687
01fe5a0a1b
0116013a07
0000000000
0103063707
01fe6a0a1b
011a013a07
0000000000
0103063787
01fe7a0a1b
011e013a07
0000000000
0107063407
01fe8a0a1b
0102813a07
0000000000
0107063487
01fe9a0a1b
0106813a07
0000000000
0107063507
01feaa0a1b
010a813a07
0000000000
0107063587
01feba0a1b
010e813a07
0000000000
0107063607
01feca0a1b
0112813a07
0000000000
0107063687
01feda0a1b
0116813a07
0000000000
0107063707
01feea0a1b
011a813a07
0000000000
0107063787
01fefa0a1b
011e813a07
0000000000
010b063407
01ff0a0a1b
0103013a07
0000000000
010b063487
01ff1a0a1b
0107013a07
0000000000
010b063507
01ff2a0a1b
010b013a07
0000000000
010b063587
01ff3a0a1b
010f013a07
0000000000
010b063607
01ff4a0a1b
0113013a07
0000000000
010b063687
01ff5a0a1b
0117013a07
0000000000
010b063707
01ff6a0a1b
011b013a07
0000000000
010b063787
01ff7a0a1b
011f013a07
0000000000
010f063407
01ff8a0a1b
0103813a07
0000000000
010f063487
01ff9a0a1b
0107813a07
0000000000
010f063507
01ffaa0a1b
010b813a07
0000000000
010f063587
01ffba0a1b
010f813a07
0000000000
010f063607
01ffca0a1b
0113813a07
0000000000
010f063687
01ffda0a1b
0117813a07
0000000000
010f063707
01ffea0a1b
011b813a07
0000000000
010f063787
01fffa0a1b
011f813a07
0000000000
010306b407
01fe0a8a9b
0102013a87
0000000000
010306b487
01fe1a8a9b
0106013a87
0000000000
010306b507
01fe2a8a9b
010a013a87
0000000000
010306b587
01fe3a8a9b
010e013a87
0000000000
010306b607
01fe4a8a9b
0112013a87
0000000000
010306b687
01fe5a8a9b
0116013a87
0000000000
010306b707
01fe6a8a9b
011a013a87
0000000000
010306b787
01fe7a8a9b
011e013a87
0000000000
010706b407
01fe8a8a9b
0102813a87
0000000000
010706b487
01fe9a8a9b
0106813a87
0000000000
010706b507
01feaa8a9b
010a813a87
0000000000
010706b587
01feba8a9b
010e813a87
0000000000
010706b607
01feca8a9b
0112813a87
0000000000
010706b687
01feda8a9b
0116813a87
0000000000
010706b707
01feea8a9b
011a813a87
0000000000
010706b787
01fefa8a9b
011e813a87
0000000000
010b06b407
01ff0a8a9b
0103013a87
0000000000
010b06b487
01ff1a8a9b
0107013a87
0000000000
010b06b507
01ff2a8a9b
010b013a87
0000000000
010b06b587
01ff3a8a9b
010f013a87
0000000000
010b06b607
01ff4a8a9b
0113013a87
0000000000
010b06b687
01ff5a8a9b
0117013a87
0000000000
010b06b707
01ff6a8a9b
011b013a87
0000000000
010b06b787
01ff7a8a9b
011f013a87
0000000000
010f06b407
01ff8a8a9b
0103813a87
0000000000
010f06b487
01ff9a8a9b
0107813a87
0000000000
010f06b507
01ffaa8a9b
010b813a87
0000000000
010f06b587
01ffba8a9b
010f813a87
0000000000
010f06b607
01ffca8a9b
0113813a87
0000000000
010f06b687
01ffda8a9b
0117813a87
0000000000
010f06b707
01ffea8a9b
011b813a87
0000000000
010f06b787
01fffa8a9b
011f813a87
0000000000
0103073407
01fe0b0b1b
0102013b07
0000000000
0103073487
01fe1b0b1b
0106013b07
0000000000
0103073507
01fe2b0b1b
010a013b07
0000000000
0103073587
01fe3b0b1b
010e013b07
0000000000
0103073607
01fe4b0b1b
0112013b07
0000000000
0103073687
01fe5b0b1b
0116013b07
0000000000
0103073707
01fe6b0b1b
011a013b07
0000000000
0103073787
01fe7b0b1b
011e013b07
0000000000
0107073407
01fe8b0b1b
0102813b07
0000000000
0107073487
01fe9b0b1b
0106813b07
0000000000
0107073507
01feab0b1b
010a813b07
0000000000
0107073587
01febb0b1b
010e813b07
0000000000
0107073607
01fecb0b1b
0112813b07
0000000000
0107073687
01fedb0b1b
0116813b07
0000000000
0107073707
01feeb0b1b
011a813b07
0000000000
0107073787
01fefb0b1b
011e813b07
0000000000
010b073407
01ff0b0b1b
0103013b07
0000000000
010b073487
01ff1b0b1b
0107013b07
0000000000
010b073507
01ff2b0b1b
010b013b07
0000000000
010b073587
01ff3b0b1b
010f013b07
0000000000
010b073607
01ff4b0b1b
0113013b07
0000000000
010b073687
01ff5b0b1b
0117013b07
0000000000
010b073707
01ff6b0b1b
011b013b07
0000000000
010b073787
01ff7b0b1b
011f013b07
0000000000
010f073407
01ff8b0b1b
0103813b07
0000000000
010f073487
01ff9b0b1b
0107813b07
0000000000
010f073507
01ffab0b1b
010b813b07
0000000000
010f073587
01ffbb0b1b
010f813b07
0000000000
010f073607
01ffcb0b1b
0113813b07
0000000000
010f073687
01ffdb0b1b
0117813b07
0000000000
010f073707
01ffeb0b1b
011b813b07
0000000000
010f073787
01fffb0b1b
011f813b07
0000000000
010307b407
01fe0b8b9b
0102013b87
0000000000
010307b487
01fe1b8b9b
0106013b87
0000000000
010307b507
01fe2b8b9b
010a013b87
0000000000
010307b587
01fe3b8b9b
010e013b87
0000000000
010307b607
01fe4b8b9b
0112013b87
0000000000
010307b687
01fe5b8b9b
0116013b87
0000000000
010307b707
01fe6b8b9b
011a013b87
0000000000
010307b787
01fe7b8b9b
011e013b87
0000000000
010707b407
01fe8b8b9b
0102813b87
0000000000
010707b487
01fe9b8b9b
0106813b87
0000000000
010707b507
01feab8b9b
010a813b87
0000000000
010707b587
01febb8b9b
010e813b87
0000000000
010707b607
01fecb8b9b
0112813b87
0000000000
010707b687
01fedb8b9b
0116813b87
0000000000
010707b707
01feeb8b9b
011a813b87
0000000000
010707b787
01fefb8b9b
011e813b87
0000000000
010b07b407
01ff0b8b9b
0103013b87
0000000000
010b07b487
01ff1b8b9b
0107013b87
0000000000
010b07b507
01ff2b8b9b
010b013b87
0000000000
010b07b587
01ff3b8b9b
010f013b87
0000000000
010b07b607
01ff4b8b9b
0113013b87
0000000000
010b07b687
01ff5b8b9b
0117013b87
0000000000
010b07b707
01ff6b8b9b
011b013b87
0000000000
010b07b787
01ff7b8b9b
011f013b87
0000000000
010f07b407
01ff8b8b9b
0103813b87
0000000000
010f07b487
01ff9b8b9b
0107813b87
0000000000
010f07b507
01ffab8b9b
010b813b87
0000000000
010f07b587
01ffbb8b9b
010f813b87
0000000000
010f07b607
01ffcb8b9b
0113813b87
0000000000
010f07b687
01ffdb8b9b
0117813b87
0000000000
010f07b707
01ffeb8b9b
011b813b87
0000000000
010f07b787
01fffb8b9b
011f813b87
0000000000
0103843407
01fe0c0c1b
0102013c07
0000000000
0103843487
01fe1c0c1b
0106013c07
0000000000
0103843507
01fe2c0c1b
010a013c07
0000000000
0103843587
01fe3c0c1b
010e013c07
0000000000
0103843607
01fe4c0c1b
0112013c07
0000000000
0103843687
01fe5c0c1b
0116013c07
0000000000
0103843707
01fe6c0c1b
011a013c07
0000000000
0103843787
01fe7c0c1b
011e013c07
0000000000
0107843407
01fe8c0c1b
0102813c07
0000000000
0107843487
01fe9c0c1b
0106813c07
0000000000
0107843507
01feac0c1b
010a813c07
0000000000
0107843587
01febc0c1b
010e813c07
0000000000
0107843607
01fecc0c1b
0112813c07
0000000000
0107843687
01fedc0c1b
0116813c07
0000000000
0107843707
01feec0c1b
011a813c07
0000000000
0107843787
01fefc0c1b
011e813c07
0000000000
010b843407
01ff0c0c1b
0103013c07
0000000000
010b843487
01ff1c0c1b
0107013c07
0000000000
010b843507
01ff2c0c1b
010b013c07
0000000000
010b843587
01ff3c0c1b
010f013c07
0000000000
010b843607
01ff4c0c1b
0113013c07
0000000000
010b843687
01ff5c0c1b
0117013c07
0000000000
010b843707
01ff6c0c1b
011b013c07
0000000000
010b843787
01ff7c0c1b
011f013c07
0000000000
010f843407
01ff8c0c1b
0103813c07
0000000000
010f843487
01ff9c0c1b
0107813c07
0000000000
010f843507
01ffac0c1b
010b813c07
0000000000
010f843587
01ffbc0c1b
010f813c07
0000000000
010f843607
01ffcc0c1b
0113813c07
0000000000
010f843687
01ffdc0c1b
0117813c07
0000000000
010f843707
01ffec0c1b
011b813c07
0000000000
010f843787
01fffc0c1b
011f813c07
0000000000
010384b407
01fe0c8c9b
0102013c87
0000000000
010384b487
01fe1c8c9b
0106013c87
0000000000
010384b507
01fe2c8c9b
010a013c87
0000000000
010384b587
01fe3c8c9b
010e013c87
0000000000
010384b607
01fe4c8c9b
0112013c87
0000000000
010384b687
01fe5c8c9b
0116013c87
0000000000
010384b707
01fe6c8c9b
011a013c87
0000000000
010384b787
01fe7c8c9b
011e013c87
0000000000
010784b407
01fe8c8c9b
0102813c87
0000000000
010784b487
01fe9c8c9b
0106813c87
0000000000
010784b507
01feac8c9b
010a813c87
0000000000
010784b587
01febc8c9b
010e813c87
0000000000
010784b607
01fecc8c9b
0112813c87
0000000000
010784b687
01fedc8c9b
0116813c87
0000000000
010784b707
01feec8c9b
011a813c87
0000000000
010784b787
01fefc8c9b
011e813c87
0000000000
010b84b407
01ff0c8c9b
0103013c87
0000000000
010b84b487
01ff1c8c9b
0107013c87
0000000000
010b84b507
01ff2c8c9b
010b013c87
0000000000
010b84b587
01ff3c8c9b
010f013c87
0000000000
010b84b607
01ff4c8c9b
0113013c87
0000000000
010b84b687
01ff5c8c9b
0117013c87
0000000000
010b84b707
01ff6c8c9b
011b013c87
0000000000
010b84b787
01ff7c8c9b
011f013c87
0000000000
010f84b407
01ff8c8c9b
0103813c87
0000000000
010f84b487
01ff9c8c9b
0107813c87
0000000000
010f84b507
01ffac8c9b
010b813c87
0000000000
010f84b587
01ffbc8c9b
010f813c87
0000000000
010f84b607
01ffcc8c9b
0113813c87
0000000000
010f84b687
01ffdc8c9b
0117813c87
0000000000
010f84b707
01ffec8c9b
011b813c87
0000000000
010f84b787
01fffc8c9b
011f813c87
0000000000
0103853407
01fe0d0d1b
0102013d07
0000000000
0103853487
01fe1d0d1b
0106013d07
0000000000
0103853507
01fe2d0d1b
010a013d07
0000000000
0103853587
01fe3d0d1b
010e013d07
0000000000
0103853607
01fe4d0d1b
0112013d07
0000000000
0103853687
01fe5d0d1b
0116013d07
0000000000
0103853707
01fe6d0d1b
011a013d07
0000000000
0103853787
01fe7d0d1b
011e013d07
0000000000
0107853407
01fe8d0d1b
0102813d07
0000000000
0107853487
01fe9d0d1b
0106813d07
0000000000
0107853507
01fead0d1b
010a813d07
0000000000
0107853587
01febd0d1b
010e813d07
0000000000
0107853607
01fecd0d1b
0112813d07
0000000000
0107853687
01fedd0d1b
0116813d07
0000000000
0107853707
01feed0d1b
011a813d07
0000000000
0107853787
01fefd0d1b
011e813d07
0000000000
010b853407
01ff0d0d1b
0103013d07
0000000000
010b853487
01ff1d0d1b
0107013d07
0000000000
010b853507
01ff2d0d1b
010b013d07
0000000000
010b853587
01ff3d0d1b
010f013d07
0000000000
010b853607
01ff4d0d1b
0113013d07
0000000000
010b853687
01ff5d0d1b
0117013d07
0000000000
010b853707
01ff6d0d1b
011b013d07
0000000000
010b853787
01ff7d0d1b
011f013d07
0000000000
010f853407
01ff8d0d1b
0103813d07
0000000000
010f853487
01ff9d0d1b
0107813d07
0000000000
010f853507
01ffad0d1b
010b813d07
0000000000
010f853587
01ffbd0d1b
010f813d07
0000000000
010f853607
01ffcd0d1b
0113813d07
0000000000
010f853687
01ffdd0d1b
0117813d07
0000000000
010f853707
01ffed0d1b
011b813d07
0000000000
010f853787
01fffd0d1b
011f813d07
0000000000
010385b407
01fe0d8d9b
0102013d87
0000000000
010385b487
01fe1d8d9b
0106013d87
0000000000
010385b507
01fe2d8d9b
010a013d87
0000000000
010385b587
01fe3d8d9b
010e013d87
0000000000
010385b607
01fe4d8d9b
0112013d87
0000000000
010385b687
01fe5d8d9b
0116013d87
0000000000
010385b707
01fe6d8d9b
011a013d87
0000000000
010385b787
01fe7d8d9b
011e013d87
0000000000
010785b407
01fe8d8d9b
0102813d87
0000000000
010785b487
01fe9d8d9b
0106813d87
0000000000
010785b507
01fead8d9b
010a813d87
0000000000
010785b587
01febd8d9b
010e813d87
0000000000
010785b607
01fecd8d9b
0112813d87
0000000000
010785b687
01fedd8d9b
0116813d87
0000000000
010785b707
01feed8d9b
011a813d87
0000000000
010785b787
01fefd8d9b
011e813d87
0000000000
010b85b407
01ff0d8d9b
0103013d87
0000000000
010b85b487
01ff1d8d9b
0107013d87
0000000000
010b85b507
01ff2d8d9b
010b013d87
0000000000
010b85b587
01ff3d8d9b
010f013d87
0000000000
010b85b607
01ff4d8d9b
0113013d87
0000000000
010b85b687
01ff5d8d9b
0117013d87
0000000000
010b85b707
01ff6d8d9b
011b013d87
0000000000
010b85b787
01ff7d8d9b
011f013d87
0000000000
010f85b407
01ff8d8d9b
0103813d87
0000000000
010f85b487
01ff9d8d9b
0107813d87
0000000000
010f85b507
01ffad8d9b
010b813d87
0000000000
010f85b587
01ffbd8d9b
010f813d87
0000000000
010f85b607
01ffcd8d9b
0113813d87
0000000000
010f85b687
01ffdd8d9b
0117813d87
0000000000
010f85b707
01ffed8d9b
011b813d87
0000000000
010f85b787
01fffd8d9b
011f813d87
0000000000
0103863407
01fe0e0e1b
0102013e07
0000000000
0103863487
01fe1e0e1b
0106013e07
0000000000
0103863507
01fe2e0e1b
010a013e07
0000000000
0103863587
01fe3e0e1b
010e013e07
0000000000
0103863607
01fe4e0e1b
0112013e07
0000000000
0103863687
01fe5e0e1b
0116013e07
0000000000
0103863707
01fe6e0e1b
011a013e07
0000000000
0103863787
01fe7e0e1b
011e013e07
0000000000
0107863407
01fe8e0e1b
0102813e07
0000000000
0107863487
01fe9e0e1b
0106813e07
0000000000
0107863507
01feae0e1b
010a813e07
0000000000
0107863587
01febe0e1b
010e813e07
0000000000
0107863607
01fece0e1b
0112813e07
0000000000
0107863687
01fede0e1b
0116813e07
0000000000
0107863707
01feee0e1b
011a813e07
0000000000
0107863787
01fefe0e1b
011e813e07
0000000000
010b863407
01ff0e0e1b
0103013e07
0000000000
010b863487
01ff1e0e1b
0107013e07
0000000000
010b863507
01ff2e0e1b
010b013e07
0000000000
010b863587
01ff3e0e1b
010f013e07
0000000000
010b863607
01ff4e0e1b
0113013e07
0000000000
010b863687
01ff5e0e1b
0117013e07
0000000000
010b863707
01ff6e0e1b
011b013e07
0000000000
010b863787
01ff7e0e1b
011f013e07
0000000000
010f863407
01ff8e0e1b
0103813e07
0000000000
010f863487
01ff9e0e1b
0107813e07
0000000000
010f863507
01ffae0e1b
010b813e07
0000000000
010f863587
01ffbe0e1b
010f813e07
0000000000
010f863607
01ffce0e1b
0113813e07
0000000000
010f863687
01ffde0e1b
0117813e07
0000000000
010f863707
01ffee0e1b
011b813e07
0000000000
010f863787
01fffe0e1b
011f813e07
0000000000
010386b407
01fe0e8e9b
0102013e87
0000000000
010386b487
01fe1e8e9b
0106013e87
0000000000
010386b507
01fe2e8e9b
010a013e87
0000000000
010386b587
01fe3e8e9b
010e013e87
0000000000
010386b607
01fe4e8e9b
0112013e87
0000000000
010386b687
01fe5e8e9b
0116013e87
0000000000
010386b707
01fe6e8e9b
011a013e87
0000000000
010386b787
01fe7e8e9b
011e013e87
0000000000
010786b407
01fe8e8e9b
0102813e87
0000000000
010786b487
01fe9e8e9b
0106813e87
0000000000
010786b507
01feae8e9b
010a813e87
0000000000
010786b587
01febe8e9b
010e813e87
0000000000
010786b607
01fece8e9b
0112813e87
0000000000
010786b687
01fede8e9b
0116813e87
0000000000
010786b707
01feee8e9b
011a813e87
0000000000
010786b787
01fefe8e9b
011e813e87
0000000000
010b86b407
01ff0e8e9b
0103013e87
0000000000
010b86b487
01ff1e8e9b
0107013e87
0000000000
010b86b507
01ff2e8e9b
010b013e87
0000000000
010b86b587
01ff3e8e9b
010f013e87
0000000000
010b86b607
01ff4e8e9b
0113013e87
0000000000
010b86b687
01ff5e8e9b
0117013e87
0000000000
010b86b707
01ff6e8e9b
011b013e87
0000000000
010b86b787
01ff7e8e9b
011f013e87
0000000000
010f86b407
01ff8e8e9b
0103813e87
0000000000
010f86b487
01ff9e8e9b
0107813e87
0000000000
010f86b507
01ffae8e9b
010b813e87
0000000000
010f86b587
01ffbe8e9b
010f813e87
0000000000
010f86b607
01ffce8e9b
0113813e87
0000000000
010f86b687
01ffde8e9b
0117813e87
0000000000
010f86b707
01ffee8e9b
011b813e87
0000000000
010f86b787
01fffe8e9b
011f813e87
0000000000
0103873407
01fe0f0f1b
0102013f07
0000000000
0103873487
01fe1f0f1b
0106013f07
0000000000
0103873507
01fe2f0f1b
010a013f07
0000000000
0103873587
01fe3f0f1b
010e013f07
0000000000
0103873607
01fe4f0f1b
0112013f07
0000000000
0103873687
01fe5f0f1b
0116013f07
0000000000
0103873707
01fe6f0f1b
011a013f07
0000000000
0103873787
01fe7f0f1b
011e013f07
0000000000
0107873407
01fe8f0f1b
0102813f07
0000000000
0107873487
01fe9f0f1b
0106813f07
0000000000
0107873507
01feaf0f1b
010a813f07
0000000000
0107873587
01febf0f1b
010e813f07
0000000000
0107873607
01fecf0f1b
0112813f07
0000000000
0107873687
01fedf0f1b
0116813f07
0000000000
0107873707
01feef0f1b
011a813f07
0000000000
0107873787
01feff0f1b
011e813f07
0000000000
010b873407
01ff0f0f1b
0103013f07
0000000000
010b873487
01ff1f0f1b
0107013f07
0000000000
010b873507
01ff2f0f1b
010b013f07
0000000000
010b873587
01ff3f0f1b
010f013f07
0000000000
010b873607
01ff4f0f1b
0113013f07
0000000000
010b873687
01ff5f0f1b
0117013f07
0000000000
010b873707
01ff6f0f1b
011b013f07
0000000000
010b873787
01ff7f0f1b
011f013f07
0000000000
010f873407
01ff8f0f1b
0103813f07
0000000000
010f873487
01ff9f0f1b
0107813f07
0000000000
010f873507
01ffaf0f1b
010b813f07
0000000000
010f873587
01ffbf0f1b
010f813f07
0000000000
010f873607
01ffcf0f1b
0113813f07
0000000000
010f873687
01ffdf0f1b
0117813f07
0000000000
010f873707
01ffef0f1b
011b813f07
0000000000
010f873787
01ffff0f1b
011f813f07
0000000000
010387b407
01fe0f8f9b
0102013f87
0000000000
010387b487
01fe1f8f9b
0106013f87
0000000000
010387b507
01fe2f8f9b
010a013f87
0000000000
010387b587
01fe3f8f9b
010e013f87
0000000000
010387b607
01fe4f8f9b
0112013f87
0000000000
010387b687
01fe5f8f9b
0116013f87
0000000000
010387b707
01fe6f8f9b
011a013f87
0000000000
010387b787
01fe7f8f9b
011e013f87
0000000000
010787b407
01fe8f8f9b
0102813f87
0000000000
010787b487
01fe9f8f9b
0106813f87
0000000000
010787b507
01feaf8f9b
010a813f87
0000000000
010787b587
01febf8f9b
010e813f87
0000000000
010787b607
01fecf8f9b
0112813f87
0000000000
010787b687
01fedf8f9b
0116813f87
0000000000
010787b707
01feef8f9b
011a813f87
0000000000
010787b787
01feff8f9b
011e813f87
0000000000
010b87b407
01ff0f8f9b
0103013f87
0000000000
010b87b487
01ff1f8f9b
0107013f87
0000000000
010b87b507
01ff2f8f9b
010b013f87
0000000000
010b87b587
01ff3f8f9b
010f013f87
0000000000
010b87b607
01ff4f8f9b
0113013f87
0000000000
010b87b687
01ff5f8f9b
0117013f87
0000000000
010b87b707
01ff6f8f9b
011b013f87
0000000000
010b87b787
01ff7f8f9b
011f013f87
0000000000
010f87b407
01ff8f8f9b
0103813f87
0000000000
010f87b487
01ff9f8f9b
0107813f87
0000000000
010f87b507
01ffaf8f9b
010b813f87
0000000000
010f87b587
01ffbf8f9b
010f813f87
0000000000
010f87b607
01ffcf8f9b
0113813f87
0000000000
010f87b687
01ffdf8f9b
0117813f87
0000000000
010f87b707
01ffef8f9b
011b813f87
0000000000
010f87b787
01ffff8f9b
011f813f87
0000000000
0100042403
0400000013
0200004002
0000000000
0100042483
0400100013
0200004006
0000000000
0100042503
0400200013
020000400a
0000000000
0100042583
0400300013
020000400e
0000000000
0100042603
0400400013
0200004012
0000000000
0100042683
0400500013
0200004016
0000000000
0100042703
0400600013
020000401a
0000000000
0100042783
0400700013
020000401e
0000000000
0104042403
0400800013
0200004022
0000000000
0104042483
0400900013
0200004026
0000000000
0104042503
0400a00013
020000402a
0000000000
0104042583
0400b00013
020000402e
0000000000
0104042603
0400c00013
0200004032
0000000000
0104042683
0400d00013
0200004036
0000000000
0104042703
0400e00013
020000403a
0000000000
0104042783
0400f00013
020000403e
0000000000
0100442403
0401000013
0200004042
0000000000
0100442483
0401100013
0200004046
0000000000
0100442503
0401200013
020000404a
0000000000
0100442583
0401300013
020000404e
0000000000
0100442603
0401400013
0200004052
0000000000
0100442683
0401500013
0200004056
0000000000
0100442703
0401600013
020000405a
0000000000
0100442783
0401700013
020000405e
0000000000
0104442403
0401800013
0200004062
0000000000
0104442483
0401900013
0200004066
0000000000
0104442503
0401a00013
020000406a
0000000000
0104442583
0401b00013
020000406e
0000000000
0104442603
0401c00013
0200004072
0000000000
0104442683
0401d00013
0200004076
0000000000
0104442703
0401e00013
020000407a
0000000000
0104442783
0401f00013
020000407e
0000000000
010004a403
0100000093
0100012083
0000000000
010004a483
0100100093
0104012083
0000000000
010004a503
0100200093
0108012083
0000000000
010004a583
0100300093
010c012083
0000000000
010004a603
0100400093
0100412083
0000000000
010004a683
0100500093
0104412083
0000000000
010004a703
0100600093
0108412083
0000000000
010004a783
0100700093
010c412083
0000000000
010404a403
0100800093
0100812083
0000000000
010404a483
0100900093
0104812083
0000000000
010404a503
0100a00093
0108812083
0000000000
010404a583
0100b00093
010c812083
0000000000
010404a603
0100c00093
0100c12083
0000000000
010404a683
0100d00093
0104c12083
0000000000
010404a703
0100e00093
0108c12083
0000000000
010404a783
0100f00093
010cc12083
0000000000
010044a403
0101000093
0101012083
0000000000
010044a483
0101100093
0105012083
0000000000
010044a503
0101200093
0109012083
0000000000
010044a583
0101300093
010d012083
0000000000
010044a603
0101400093
0101412083
0000000000
010044a683
0101500093
0105412083
0000000000
010044a703
0101600093
0109412083
0000000000
010044a783
0101700093
010d412083
0000000000
010444a403
0101800093
0101812083
0000000000
010444a483
0101900093
0105812083
0000000000
010444a503
0101a00093
0109812083
0000000000
010444a583
0101b00093
010d812083
0000000000
010444a603
0101c00093
0101c12083
0000000000
010444a683
0101d00093
0105c12083
0000000000
010444a703
0101e00093
0109c12083
0000000000
010444a783
0101f00093
010dc12083
0000000000
0100052403
0100000113
0100012103
0000000000
0100052483
0100100113
0104012103
0000000000
0100052503
0100200113
0108012103
0000000000
0100052583
0100300113
010c012103
0000000000
0100052603
0100400113
0100412103
0000000000
0100052683
0100500113
0104412103
0000000000
0100052703
0100600113
0108412103
0000000000
0100052783
0100700113
010c412103
0000000000
0104052403
0100800113
0100812103
0000000000
0104052483
0100900113
0104812103
0000000000
0104052503
0100a00113
0108812103
0000000000
0104052583
0100b00113
010c812103
0000000000
0104052603
0100c00113
0100c12103
0000000000
0104052683
0100d00113
0104c12103
0000000000
0104052703
0100e00113
0108c12103
0000000000
0104052783
0100f00113
010cc12103
0000000000
0100452403
0101000113
0101012103
0000000000
0100452483
0101100113
0105012103
0000000000
0100452503
0101200113
0109012103
0000000000
0100452583
0101300113
010d012103
0000000000
0100452603
0101400113
0101412103
0000000000
0100452683
0101500113
0105412103
0000000000
0100452703
0101600113
0109412103
0000000000
0100452783
0101700113
010d412103
0000000000
0104452403
0101800113
0101812103
0000000000
0104452483
0101900113
0105812103
0000000000
0104452503
0101a00113
0109812103
0000000000
0104452583
0101b00113
010d812103
0000000000
0104452603
0101c00113
0101c12103
0000000000
0104452683
0101d00113
0105c12103
0000000000
0104452703
0101e00113
0109c12103
0000000000
0104452783
0101f00113
010dc12103
0000000000
010005a403
0100000193
0100012183
0000000000
010005a483
0100100193
0104012183
0000000000
010005a503
0100200193
0108012183
0000000000
010005a583
0100300193
010c012183
0000000000
010005a603
0100400193
0100412183
0000000000
010005a683
0100500193
0104412183
0000000000
010005a703
0100600193
0108412183
0000000000
010005a783
0100700193
010c412183
0000000000
010405a403
0100800193
0100812183
0000000000
010405a483
0100900193
0104812183
0000000000
010405a503
0100a00193
0108812183
0000000000
010405a583
0100b00193
010c812183
0000000000
010405a603
0100c00193
0100c12183
0000000000
010405a683
0100d00193
0104c12183
0000000000
010405a703
0100e00193
0108c12183
0000000000
010405a783
0100f00193
010cc12183
0000000000
010045a403
0101000193
0101012183
0000000000
010045a483
0101100193
0105012183
0000000000
010045a503
0101200193
0109012183
0000000000
010045a583
0101300193
010d012183
0000000000
010045a603
0101400193
0101412183
0000000000
010045a683
0101500193
0105412183
0000000000
010045a703
0101600193
0109412183
0000000000
010045a783
0101700193
010d412183
0000000000
010445a403
0101800193
0101812183
0000000000
010445a483
0101900193
0105812183
0000000000
010445a503
0101a00193
0109812183
0000000000
010445a583
0101b00193
010d812183
0000000000
010445a603
0101c00193
0101c12183
0000000000
010445a683
0101d00193
0105c12183
0000000000
010445a703
0101e00193
0109c12183
0000000000
010445a783
0101f00193
010dc12183
0000000000
0100062403
0100000213
0100012203
0000000000
0100062483
0100100213
0104012203
0000000000
0100062503
0100200213
0108012203
0000000000
0100062583
0100300213
010c012203
0000000000
0100062603
0100400213
0100412203
0000000000
0100062683
0100500213
0104412203
0000000000
0100062703
0100600213
0108412203
0000000000
0100062783
0100700213
010c412203
0000000000
0104062403
0100800213
0100812203
0000000000
0104062483
0100900213
0104812203
0000000000
0104062503
0100a00213
0108812203
0000000000
0104062583
0100b00213
010c812203
0000000000
0104062603
0100c00213
0100c12203
0000000000
0104062683
0100d00213
0104c12203
0000000000
0104062703
0100e00213
0108c12203
0000000000
0104062783
0100f00213
010cc12203
0000000000
0100462403
0101000213
0101012203
0000000000
0100462483
0101100213
0105012203
0000000000
0100462503
0101200213
0109012203
0000000000
0100462583
0101300213
010d012203
0000000000
0100462603
0101400213
0101412203
0000000000
0100462683
0101500213
0105412203
0000000000
0100462703
0101600213
0109412203
0000000000
0100462783
0101700213
010d412203
0000000000
0104462403
0101800213
0101812203
0000000000
0104462483
0101900213
0105812203
0000000000
0104462503
0101a00213
0109812203
0000000000
0104462583
0101b00213
010d812203
0000000000
0104462603
0101c00213
0101c12203
0000000000
0104462683
0101d00213
0105c12203
0000000000
0104462703
0101e00213
0109c12203
0000000000
0104462783
0101f00213
010dc12203
0000000000
010006a403
0100000293
0100012283
0000000000
010006a483
0100100293
0104012283
0000000000
010006a503
0100200293
0108012283
0000000000
010006a583
0100300293
010c012283
0000000000
010006a603
0100400293
0100412283
0000000000
010006a683
0100500293
0104412283
0000000000
010006a703
0100600293
0108412283
0000000000
010006a783
0100700293
010c412283
0000000000
010406a403
0100800293
0100812283
0000000000
010406a483
0100900293
0104812283
0000000000
010406a503
0100a00293
0108812283
0000000000
010406a583
0100b00293
010c812283
0000000000
010406a603
0100c00293
0100c12283
0000000000
010406a683
0100d00293
0104c12283
0000000000
010406a703
0100e00293
0108c12283
0000000000
010406a783
0100f00293
010cc12283
0000000000
010046a403
0101000293
0101012283
0000000000
010046a483
0101100293
0105012283
0000000000
010046a503
0101200293
0109012283
0000000000
010046a583
0101300293
010d012283
0000000000
010046a603
0101400293
0101412283
0000000000
010046a683
0101500293
0105412283
0000000000
010046a703
0101600293
0109412283
0000000000
010046a783
0101700293
010d412283
0000000000
010446a403
0101800293
0101812283
0000000000
010446a483
0101900293
0105812283
0000000000
010446a503
0101a00293
0109812283
0000000000
010446a583
0101b00293
010d812283
0000000000
010446a603
0101c00293
0101c12283
0000000000
010446a683
0101d00293
0105c12283
0000000000
010446a703
0101e00293
0109c12283
0000000000
010446a783
0101f00293
010dc12283
0000000000
0100072403
0100000313
0100012303
0000000000
0100072483
0100100313
0104012303
0000000000
0100072503
0100200313
0108012303
0000000000
0100072583
0100300313
010c012303
0000000000
0100072603
0100400313
0100412303
0000000000
0100072683
0100500313
0104412303
0000000000
0100072703
0100600313
0108412303
0000000000
0100072783
0100700313
010c412303
0000000000
0104072403
0100800313
0100812303
0000000000
0104072483
0100900313
0104812303
0000000000
0104072503
0100a00313
0108812303
0000000000
0104072583
0100b00313
010c812303
0000000000
0104072603
0100c00313
0100c12303
0000000000
0104072683
0100d00313
0104c12303
0000000000
0104072703
0100e00313
0108c12303
0000000000
0104072783
0100f00313
010cc12303
0000000000
0100472403
0101000313
0101012303
0000000000
0100472483
0101100313
0105012303
0000000000
0100472503
0101200313
0109012303
0000000000
0100472583
0101300313
010d012303
0000000000
0100472603
0101400313
0101412303
0000000000
0100472683
0101500313
0105412303
0000000000
0100472703
0101600313
0109412303
0000000000
0100472783
0101700313
010d412303
0000000000
0104472403
0101800313
0101812303
0000000000
0104472483
0101900313
0105812303
0000000000
0104472503
0101a00313
0109812303
0000000000
0104472583
0101b00313
010d812303
0000000000
0104472603
0101c00313
0101c12303
0000000000
0104472683
0101d00313
0105c12303
0000000000
0104472703
0101e00313
0109c12303
0000000000
0104472783
0101f00313
010dc12303
0000000000
010007a403
0100000393
0100012383
0000000000
010007a483
0100100393
0104012383
0000000000
010007a503
0100200393
0108012383
0000000000
010007a583
0100300393
010c012383
0000000000
010007a603
0100400393
0100412383
0000000000
010007a683
0100500393
0104412383
0000000000
010007a703
0100600393
0108412383
0000000000
010007a783
0100700393
010c412383
0000000000
010407a403
0100800393
0100812383
0000000000
010407a483
0100900393
0104812383
0000000000
010407a503
0100a00393
0108812383
0000000000
010407a583
0100b00393
010c812383
0000000000
010407a603
0100c00393
0100c12383
0000000000
010407a683
0100d00393
0104c12383
0000000000
010407a703
0100e00393
0108c12383
0000000000
010407a783
0100f00393
010cc12383
0000000000
010047a403
0101000393
0101012383
0000000000
010047a483
0101100393
0105012383
0000000000
010047a503
0101200393
0109012383
0000000000
010047a583
0101300393
010d012383
0000000000
010047a603
0101400393
0101412383
0000000000
010047a683
0101500393
0105412383
0000000000
010047a703
0101600393
0109412383
0000000000
010047a783
0101700393
010d412383
0000000000
010447a403
0101800393
0101812383
0000000000
010447a483
0101900393
0105812383
0000000000
010447a503
0101a00393
0109812383
0000000000
010447a583
0101b00393
010d812383
0000000000
010447a603
0101c00393
0101c12383
0000000000
010447a683
0101d00393
0105c12383
0000000000
010447a703
0101e00393
0109c12383
0000000000
010447a783
0101f00393
010dc12383
0000000000
0100842403
0100000413
0100012403
0000000000
0100842483
0100100413
0104012403
0000000000
0100842503
0100200413
0108012403
0000000000
0100842583
0100300413
010c012403
0000000000
0100842603
0100400413
0100412403
0000000000
0100842683
0100500413
0104412403
0000000000
0100842703
0100600413
0108412403
0000000000
0100842783
0100700413
010c412403
0000000000
0104842403
0100800413
0100812403
0000000000
0104842483
0100900413
0104812403
0000000000
0104842503
0100a00413
0108812403
0000000000
0104842583
0100b00413
010c812403
0000000000
0104842603
0100c00413
0100c12403
0000000000
0104842683
0100d00413
0104c12403
0000000000
0104842703
0100e00413
0108c12403
0000000000
0104842783
0100f00413
010cc12403
0000000000
0100c42403
0101000413
0101012403
0000000000
0100c42483
0101100413
0105012403
0000000000
0100c42503
0101200413
0109012403
0000000000
0100c42583
0101300413
010d012403
0000000000
0100c42603
0101400413
0101412403
0000000000
0100c42683
0101500413
0105412403
0000000000
0100c42703
0101600413
0109412403
0000000000
0100c42783
0101700413
010d412403
0000000000
0104c42403
0101800413
0101812403
0000000000
0104c42483
0101900413
0105812403
0000000000
0104c42503
0101a00413
0109812403
0000000000
0104c42583
0101b00413
010d812403
0000000000
0104c42603
0101c00413
0101c12403
0000000000
0104c42683
0101d00413
0105c12403
0000000000
0104c42703
0101e00413
0109c12403
0000000000
0104c42783
0101f00413
010dc12403
0000000000
010084a403
0100000493
0100012483
0000000000
010084a483
0100100493
0104012483
0000000000
010084a503
0100200493
0108012483
0000000000
010084a583
0100300493
010c012483
0000000000
010084a603
0100400493
0100412483
0000000000
010084a683
0100500493
0104412483
0000000000
010084a703
0100600493
0108412483
0000000000
010084a783
0100700493
010c412483
0000000000
010484a403
0100800493
0100812483
0000000000
010484a483
0100900493
0104812483
0000000000
010484a503
0100a00493
0108812483
0000000000
010484a583
0100b00493
010c812483
0000000000
010484a603
0100c00493
0100c12483
0000000000
010484a683
0100d00493
0104c12483
0000000000
010484a703
0100e00493
0108c12483
0000000000
010484a783
0100f00493
010cc12483
0000000000
0100c4a403
0101000493
0101012483
0000000000
0100c4a483
0101100493
0105012483
0000000000
0100c4a503
0101200493
0109012483
0000000000
0100c4a583
0101300493
010d012483
0000000000
0100c4a603
0101400493
0101412483
0000000000
0100c4a683
0101500493
0105412483
0000000000
0100c4a703
0101600493
0109412483
0000000000
0100c4a783
0101700493
010d412483
0000000000
0104c4a403
0101800493
0101812483
0000000000
0104c4a483
0101900493
0105812483
0000000000
0104c4a503
0101a00493
0109812483
0000000000
0104c4a583
0101b00493
010d812483
0000000000
0104c4a603
0101c00493
0101c12483
0000000000
0104c4a683
0101d00493
0105c12483
0000000000
0104c4a703
0101e00493
0109c12483
0000000000
0104c4a783
0101f00493
010dc12483
0000000000
0100852403
0100000513
0100012503
0000000000
0100852483
0100100513
0104012503
0000000000
0100852503
0100200513
0108012503
0000000000
0100852583
0100300513
010c012503
0000000000
0100852603
0100400513
0100412503
0000000000
0100852683
0100500513
0104412503
0000000000
0100852703
0100600513
0108412503
0000000000
0100852783
0100700513
010c412503
0000000000
0104852403
0100800513
0100812503
0000000000
0104852483
0100900513
0104812503
0000000000
0104852503
0100a00513
0108812503
0000000000
0104852583
0100b00513
010c812503
0000000000
0104852603
0100c00513
0100c12503
0000000000
0104852683
0100d00513
0104c12503
0000000000
0104852703
0100e00513
0108c12503
0000000000
0104852783
0100f00513
010cc12503
0000000000
0100c52403
0101000513
0101012503
0000000000
0100c52483
0101100513
0105012503
0000000000
0100c52503
0101200513
0109012503
0000000000
0100c52583
0101300513
010d012503
0000000000
0100c52603
0101400513
0101412503
0000000000
0100c52683
0101500513
0105412503
0000000000
0100c52703
0101600513
0109412503
0000000000
0100c52783
0101700513
010d412503
0000000000
0104c52403
0101800513
0101812503
0000000000
0104c52483
0101900513
0105812503
0000000000
0104c52503
0101a00513
0109812503
0000000000
0104c52583
0101b00513
010d812503
0000000000
0104c52603
0101c00513
0101c12503
0000000000
0104c52683
0101d00513
0105c12503
0000000000
0104c52703
0101e00513
0109c12503
0000000000
0104c52783
0101f00513
010dc12503
0000000000
010085a403
0100000593
0100012583
0000000000
010085a483
0100100593
0104012583
0000000000
010085a503
0100200593
0108012583
0000000000
010085a583
0100300593
010c012583
0000000000
010085a603
0100400593
0100412583
0000000000
010085a683
0100500593
0104412583
0000000000
010085a703
0100600593
0108412583
0000000000
010085a783
0100700593
010c412583
0000000000
010485a403
0100800593
0100812583
0000000000
010485a483
0100900593
0104812583
0000000000
010485a503
0100a00593
0108812583
0000000000
010485a583
0100b00593
010c812583
0000000000
010485a603
0100c00593
0100c12583
0000000000
010485a683
0100d00593
0104c12583
0000000000
010485a703
0100e00593
0108c12583
0000000000
010485a783
0100f00593
010cc12583
0000000000
0100c5a403
0101000593
0101012583
0000000000
0100c5a483
0101100593
0105012583
0000000000
0100c5a503
0101200593
0109012583
0000000000
0100c5a583
0101300593
010d012583
0000000000
0100c5a603
0101400593
0101412583
0000000000
0100c5a683
0101500593
0105412583
0000000000
0100c5a703
0101600593
0109412583
0000000000
0100c5a783
0101700593
010d412583
0000000000
0104c5a403
0101800593
0101812583
0000000000
0104c5a483
0101900593
0105812583
0000000000
0104c5a503
0101a00593
0109812583
0000000000
0104c5a583
0101b00593
010d812583
0000000000
0104c5a603
0101c00593
0101c12583
0000000000
0104c5a683
0101d00593
0105c12583
0000000000
0104c5a703
0101e00593
0109c12583
0000000000
0104c5a783
0101f00593
010dc12583
0000000000
0100862403
0100000613
0100012603
0000000000
0100862483
0100100613
0104012603
0000000000
0100862503
0100200613
0108012603
0000000000
0100862583
0100300613
010c012603
0000000000
0100862603
0100400613
0100412603
0000000000
0100862683
0100500613
0104412603
0000000000
0100862703
0100600613
0108412603
0000000000
0100862783
0100700613
010c412603
0000000000
0104862403
0100800613
0100812603
0000000000
0104862483
0100900613
0104812603
0000000000
0104862503
0100a00613
0108812603
0000000000
0104862583
0100b00613
010c812603
0000000000
0104862603
0100c00613
0100c12603
0000000000
0104862683
0100d00613
0104c12603
0000000000
0104862703
0100e00613
0108c12603
0000000000
0104862783
0100f00613
010cc12603
0000000000
0100c62403
0101000613
0101012603
0000000000
0100c62483
0101100613
0105012603
0000000000
0100c62503
0101200613
0109012603
0000000000
0100c62583
0101300613
010d012603
0000000000
0100c62603
0101400613
0101412603
0000000000
0100c62683
0101500613
0105412603
0000000000
0100c62703
0101600613
0109412603
0000000000
0100c62783
0101700613
010d412603
0000000000
0104c62403
0101800613
0101812603
0000000000
0104c62483
0101900613
0105812603
0000000000
0104c62503
0101a00613
0109812603
0000000000
0104c62583
0101b00613
010d812603
0000000000
0104c62603
0101c00613
0101c12603
0000000000
0104c62683
0101d00613
0105c12603
0000000000
0104c62703
0101e00613
0109c12603
0000000000
0104c62783
0101f00613
010dc12603
0000000000
010086a403
0100000693
0100012683
0000000000
010086a483
0100100693
0104012683
0000000000
010086a503
0100200693
0108012683
0000000000
010086a583
0100300693
010c012683
0000000000
010086a603
0100400693
0100412683
0000000000
010086a683
0100500693
0104412683
0000000000
010086a703
0100600693
0108412683
0000000000
010086a783
0100700693
010c412683
0000000000
010486a403
0100800693
0100812683
0000000000
010486a483
0100900693
0104812683
0000000000
010486a503
0100a00693
0108812683
0000000000
010486a583
0100b00693
010c812683
0000000000
010486a603
0100c00693
0100c12683
0000000000
010486a683
0100d00693
0104c12683
0000000000
010486a703
0100e00693
0108c12683
0000000000
010486a783
0100f00693
010cc12683
0000000000
0100c6a403
0101000693
0101012683
0000000000
0100c6a483
0101100693
0105012683
0000000000
0100c6a503
0101200693
0109012683
0000000000
0100c6a583
0101300693
010d012683
0000000000
0100c6a603
0101400693
0101412683
0000000000
0100c6a683
0101500693
0105412683
0000000000
0100c6a703
0101600693
0109412683
0000000000
0100c6a783
0101700693
010d412683
0000000000
0104c6a403
0101800693
0101812683
0000000000
0104c6a483
0101900693
0105812683
0000000000
0104c6a503
0101a00693
0109812683
0000000000
0104c6a583
0101b00693
010d812683
0000000000
0104c6a603
0101c00693
0101c12683
0000000000
0104c6a683
0101d00693
0105c12683
0000000000
0104c6a703
0101e00693
0109c12683
0000000000
0104c6a783
0101f00693
010dc12683
0000000000
0100872403
0100000713
0100012703
0000000000
0100872483
0100100713
0104012703
0000000000
0100872503
0100200713
0108012703
0000000000
0100872583
0100300713
010c012703
0000000000
0100872603
0100400713
0100412703
0000000000
0100872683
0100500713
0104412703
0000000000
0100872703
0100600713
0108412703
0000000000
0100872783
0100700713
010c412703
0000000000
0104872403
0100800713
0100812703
0000000000
0104872483
0100900713
0104812703
0000000000
0104872503
0100a00713
0108812703
0000000000
0104872583
0100b00713
010c812703
0000000000
0104872603
0100c00713
0100c12703
0000000000
0104872683
0100d00713
0104c12703
0000000000
0104872703
0100e00713
0108c12703
0000000000
0104872783
0100f00713
010cc12703
0000000000
0100c72403
0101000713
0101012703
0000000000
0100c72483
0101100713
0105012703
0000000000
0100c72503
0101200713
0109012703
0000000000
0100c72583
0101300713
010d012703
0000000000
0100c72603
0101400713
0101412703
0000000000
0100c72683
0101500713
0105412703
0000000000
0100c72703
0101600713
0109412703
0000000000
0100c72783
0101700713
010d412703
0000000000
0104c72403
0101800713
0101812703
0000000000
0104c72483
0101900713
0105812703
0000000000
0104c72503
0101a00713
0109812703
0000000000
0104c72583
0101b00713
010d812703
0000000000
0104c72603
0101c00713
0101c12703
0000000000
0104c72683
0101d00713
0105c12703
0000000000
0104c72703
0101e00713
0109c12703
0000000000
0104c72783
0101f00713
010dc12703
0000000000
010087a403
0100000793
0100012783
0000000000
010087a483
0100100793
0104012783
0000000000
010087a503
0100200793
0108012783
0000000000
010087a583
0100300793
010c012783
0000000000
010087a603
0100400793
0100412783
0000000000
010087a683
0100500793
0104412783
0000000000
010087a703
0100600793
0108412783
0000000000
010087a783
0100700793
010c412783
0000000000
010487a403
0100800793
0100812783
0000000000
010487a483
0100900793
0104812783
0000000000
010487a503
0100a00793
0108812783
0000000000
010487a583
0100b00793
010c812783
0000000000
010487a603
0100c00793
0100c12783
0000000000
010487a683
0100d00793
0104c12783
0000000000
010487a703
0100e00793
0108c12783
0000000000
010487a783
0100f00793
010cc12783
0000000000
0100c7a403
0101000793
0101012783
0000000000
0100c7a483
0101100793
0105012783
0000000000
0100c7a503
0101200793
0109012783
0000000000
0100c7a583
0101300793
010d012783
0000000000
0100c7a603
0101400793
0101412783
0000000000
0100c7a683
0101500793
0105412783
0000000000
0100c7a703
0101600793
0109412783
0000000000
0100c7a783
0101700793
010d412783
0000000000
0104c7a403
0101800793
0101812783
0000000000
0104c7a483
0101900793
0105812783
0000000000
0104c7a503
0101a00793
0109812783
0000000000
0104c7a583
0101b00793
010d812783
0000000000
0104c7a603
0101c00793
0101c12783
0000000000
0104c7a683
0101d00793
0105c12783
0000000000
0104c7a703
0101e00793
0109c12783
0000000000
0104c7a783
0101f00793
010dc12783
0000000000
0101042403
0100000813
0100012803
0000000000
0101042483
0100100813
0104012803
0000000000
0101042503
0100200813
0108012803
0000000000
0101042583
0100300813
010c012803
0000000000
0101042603
0100400813
0100412803
0000000000
0101042683
0100500813
0104412803
0000000000
0101042703
0100600813
0108412803
0000000000
0101042783
0100700813
010c412803
0000000000
0105042403
0100800813
0100812803
0000000000
0105042483
0100900813
0104812803
0000000000
0105042503
0100a00813
0108812803
0000000000
0105042583
0100b00813
010c812803
0000000000
0105042603
0100c00813
0100c12803
0000000000
0105042683
0100d00813
0104c12803
0000000000
0105042703
0100e00813
0108c12803
0000000000
0105042783
0100f00813
010cc12803
0000000000
0101442403
0101000813
0101012803
0000000000
0101442483
0101100813
0105012803
0000000000
0101442503
0101200813
0109012803
0000000000
0101442583
0101300813
010d012803
0000000000
0101442603
0101400813
0101412803
0000000000
0101442683
0101500813
0105412803
0000000000
0101442703
0101600813
0109412803
0000000000
0101442783
0101700813
010d412803
0000000000
0105442403
0101800813
0101812803
0000000000
0105442483
0101900813
0105812803
0000000000
0105442503
0101a00813
0109812803
0000000000
0105442583
0101b00813
010d812803
0000000000
0105442603
0101c00813
0101c12803
0000000000
0105442683
0101d00813
0105c12803
0000000000
0105442703
0101e00813
0109c12803
0000000000
0105442783
0101f00813
010dc12803
0000000000
010104a403
0100000893
0100012883
0000000000
010104a483
0100100893
0104012883
0000000000
010104a503
0100200893
0108012883
0000000000
010104a583
0100300893
010c012883
0000000000
010104a603
0100400893
0100412883
0000000000
010104a683
0100500893
0104412883
0000000000
010104a703
0100600893
0108412883
0000000000
010104a783
0100700893
010c412883
0000000000
010504a403
0100800893
0100812883
0000000000
010504a483
0100900893
0104812883
0000000000
010504a503
0100a00893
0108812883
0000000000
010504a583
0100b00893
010c812883
0000000000
010504a603
0100c00893
0100c12883
0000000000
010504a683
0100d00893
0104c12883
0000000000
010504a703
0100e00893
0108c12883
0000000000
010504a783
0100f00893
010cc12883
0000000000
010144a403
0101000893
0101012883
0000000000
010144a483
0101100893
0105012883
0000000000
010144a503
0101200893
0109012883
0000000000
010144a583
0101300893
010d012883
0000000000
010144a603
0101400893
0101412883
0000000000
010144a683
0101500893
0105412883
0000000000
010144a703
0101600893
0109412883
0000000000
010144a783
0101700893
010d412883
0000000000
010544a403
0101800893
0101812883
0000000000
010544a483
0101900893
0105812883
0000000000
010544a503
0101a00893
0109812883
0000000000
010544a583
0101b00893
010d812883
0000000000
010544a603
0101c00893
0101c12883
0000000000
010544a683
0101d00893
0105c12883
0000000000
010544a703
0101e00893
0109c12883
0000000000
010544a783
0101f00893
010dc12883
0000000000
0101052403
0100000913
0100012903
0000000000
0101052483
0100100913
0104012903
0000000000
0101052503
0100200913
0108012903
0000000000
0101052583
0100300913
010c012903
0000000000
0101052603
0100400913
0100412903
0000000000
0101052683
0100500913
0104412903
0000000000
0101052703
0100600913
0108412903
0000000000
0101052783
0100700913
010c412903
0000000000
0105052403
0100800913
0100812903
0000000000
0105052483
0100900913
0104812903
0000000000
0105052503
0100a00913
0108812903
0000000000
0105052583
0100b00913
010c812903
0000000000
0105052603
0100c00913
0100c12903
0000000000
0105052683
0100d00913
0104c12903
0000000000
0105052703
0100e00913
0108c12903
0000000000
0105052783
0100f00913
010cc12903
0000000000
0101452403
0101000913
0101012903
0000000000
0101452483
0101100913
0105012903
0000000000
0101452503
0101200913
0109012903
0000000000
0101452583
0101300913
010d012903
0000000000
0101452603
0101400913
0101412903
0000000000
0101452683
0101500913
0105412903
0000000000
0101452703
0101600913
0109412903
0000000000
0101452783
0101700913
010d412903
0000000000
0105452403
0101800913
0101812903
0000000000
0105452483
0101900913
0105812903
0000000000
0105452503
0101a00913
0109812903
0000000000
0105452583
0101b00913
010d812903
0000000000
0105452603
0101c00913
0101c12903
0000000000
0105452683
0101d00913
0105c12903
0000000000
0105452703
0101e00913
0109c12903
0000000000
0105452783
0101f00913
010dc12903
0000000000
010105a403
0100000993
0100012983
0000000000
010105a483
0100100993
0104012983
0000000000
010105a503
0100200993
0108012983
0000000000
010105a583
0100300993
010c012983
0000000000
010105a603
0100400993
0100412983
0000000000
010105a683
0100500993
0104412983
0000000000
010105a703
0100600993
0108412983
0000000000
010105a783
0100700993
010c412983
0000000000
010505a403
0100800993
0100812983
0000000000
010505a483
0100900993
0104812983
0000000000
010505a503
0100a00993
0108812983
0000000000
010505a583
0100b00993
010c812983
0000000000
010505a603
0100c00993
0100c12983
0000000000
010505a683
0100d00993
0104c12983
0000000000
010505a703
0100e00993
0108c12983
0000000000
010505a783
0100f00993
010cc12983
0000000000
010145a403
0101000993
0101012983
0000000000
010145a483
0101100993
0105012983
0000000000
010145a503
0101200993
0109012983
0000000000
010145a583
0101300993
010d012983
0000000000
010145a603
0101400993
0101412983
0000000000
010145a683
0101500993
0105412983
0000000000
010145a703
0101600993
0109412983
0000000000
010145a783
0101700993
010d412983
0000000000
010545a403
0101800993
0101812983
0000000000
010545a483
0101900993
0105812983
0000000000
010545a503
0101a00993
0109812983
0000000000
010545a583
0101b00993
010d812983
0000000000
010545a603
0101c00993
0101c12983
0000000000
010545a683
0101d00993
0105c12983
0000000000
010545a703
0101e00993
0109c12983
0000000000
010545a783
0101f00993
010dc12983
0000000000
0101062403
0100000a13
0100012a03
0000000000
0101062483
0100100a13
0104012a03
0000000000
0101062503
0100200a13
0108012a03
0000000000
0101062583
0100300a13
010c012a03
0000000000
0101062603
0100400a13
0100412a03
0000000000
0101062683
0100500a13
0104412a03
0000000000
0101062703
0100600a13
0108412a03
0000000000
0101062783
0100700a13
010c412a03
0000000000
0105062403
0100800a13
0100812a03
0000000000
0105062483
0100900a13
0104812a03
0000000000
0105062503
0100a00a13
0108812a03
0000000000
0105062583
0100b00a13
010c812a03
0000000000
0105062603
0100c00a13
0100c12a03
0000000000
0105062683
0100d00a13
0104c12a03
0000000000
0105062703
0100e00a13
0108c12a03
0000000000
0105062783
0100f00a13
010cc12a03
0000000000
0101462403
0101000a13
0101012a03
0000000000
0101462483
0101100a13
0105012a03
0000000000
0101462503
0101200a13
0109012a03
0000000000
0101462583
0101300a13
010d012a03
0000000000
0101462603
0101400a13
0101412a03
0000000000
0101462683
0101500a13
0105412a03
0000000000
0101462703
0101600a13
0109412a03
0000000000
0101462783
0101700a13
010d412a03
0000000000
0105462403
0101800a13
0101812a03
0000000000
0105462483
0101900a13
0105812a03
0000000000
0105462503
0101a00a13
0109812a03
0000000000
0105462583
0101b00a13
010d812a03
0000000000
0105462603
0101c00a13
0101c12a03
0000000000
0105462683
0101d00a13
0105c12a03
0000000000
0105462703
0101e00a13
0109c12a03
0000000000
0105462783
0101f00a13
010dc12a03
0000000000
010106a403
0100000a93
0100012a83
0000000000
010106a483
0100100a93
0104012a83
0000000000
010106a503
0100200a93
0108012a83
0000000000
010106a583
0100300a93
010c012a83
0000000000
010106a603
0100400a93
0100412a83
0000000000
010106a683
0100500a93
0104412a83
0000000000
010106a703
0100600a93
0108412a83
0000000000
010106a783
0100700a93
010c412a83
0000000000
010506a403
0100800a93
0100812a83
0000000000
010506a483
0100900a93
0104812a83
0000000000
010506a503
0100a00a93
0108812a83
0000000000
010506a583
0100b00a93
010c812a83
0000000000
010506a603
0100c00a93
0100c12a83
0000000000
010506a683
0100d00a93
0104c12a83
0000000000
010506a703
0100e00a93
0108c12a83
0000000000
010506a783
0100f00a93
010cc12a83
0000000000
010146a403
0101000a93
0101012a83
0000000000
010146a483
0101100a93
0105012a83
0000000000
010146a503
0101200a93
0109012a83
0000000000
010146a583
0101300a93
010d012a83
0000000000
010146a603
0101400a93
0101412a83
0000000000
010146a683
0101500a93
0105412a83
0000000000
010146a703
0101600a93
0109412a83
0000000000
010146a783
0101700a93
010d412a83
0000000000
010546a403
0101800a93
0101812a83
0000000000
010546a483
0101900a93
0105812a83
0000000000
010546a503
0101a00a93
0109812a83
0000000000
010546a583
0101b00a93
010d812a83
0000000000
010546a603
0101c00a93
0101c12a83
0000000000
010546a683
0101d00a93
0105c12a83
0000000000
010546a703
0101e00a93
0109c12a83
0000000000
010546a783
0101f00a93
010dc12a83
0000000000
0101072403
0100000b13
0100012b03
0000000000
0101072483
0100100b13
0104012b03
0000000000
0101072503
0100200b13
0108012b03
0000000000
0101072583
0100300b13
010c012b03
0000000000
0101072603
0100400b13
0100412b03
0000000000
0101072683
0100500b13
0104412b03
0000000000
0101072703
0100600b13
0108412b03
0000000000
0101072783
0100700b13
010c412b03
0000000000
0105072403
0100800b13
0100812b03
0000000000
0105072483
0100900b13
0104812b03
0000000000
0105072503
0100a00b13
0108812b03
0000000000
0105072583
0100b00b13
010c812b03
0000000000
0105072603
0100c00b13
0100c12b03
0000000000
0105072683
0100d00b13
0104c12b03
0000000000
0105072703
0100e00b13
0108c12b03
0000000000
0105072783
0100f00b13
010cc12b03
0000000000
0101472403
0101000b13
0101012b03
0000000000
0101472483
0101100b13
0105012b03
0000000000
0101472503
0101200b13
0109012b03
0000000000
0101472583
0101300b13
010d012b03
0000000000
0101472603
0101400b13
0101412b03
0000000000
0101472683
0101500b13
0105412b03
0000000000
0101472703
0101600b13
0109412b03
0000000000
0101472783
0101700b13
010d412b03
0000000000
0105472403
0101800b13
0101812b03
0000000000
0105472483
0101900b13
0105812b03
0000000000
0105472503
0101a00b13
0109812b03
0000000000
0105472583
0101b00b13
010d812b03
0000000000
0105472603
0101c00b13
0101c12b03
0000000000
0105472683
0101d00b13
0105c12b03
0000000000
0105472703
0101e00b13
0109c12b03
0000000000
0105472783
0101f00b13
010dc12b03
0000000000
010107a403
0100000b93
0100012b83
0000000000
010107a483
0100100b93
0104012b83
0000000000
010107a503
0100200b93
0108012b83
0000000000
010107a583
0100300b93
010c012b83
0000000000
010107a603
0100400b93
0100412b83
0000000000
010107a683
0100500b93
0104412b83
0000000000
010107a703
0100600b93
0108412b83
0000000000
010107a783
0100700b93
010c412b83
0000000000
010507a403
0100800b93
0100812b83
0000000000
010507a483
0100900b93
0104812b83
0000000000
010507a503
0100a00b93
0108812b83
0000000000
010507a583
0100b00b93
010c812b83
0000000000
010507a603
0100c00b93
0100c12b83
0000000000
010507a683
0100d00b93
0104c12b83
0000000000
010507a703
0100e00b93
0108c12b83
0000000000
010507a783
0100f00b93
010cc12b83
0000000000
010147a403
0101000b93
0101012b83
0000000000
010147a483
0101100b93
0105012b83
0000000000
010147a503
0101200b93
0109012b83
0000000000
010147a583
0101300b93
010d012b83
0000000000
010147a603
0101400b93
0101412b83
0000000000
010147a683
0101500b93
0105412b83
0000000000
010147a703
0101600b93
0109412b83
0000000000
010147a783
0101700b93
010d412b83
0000000000
010547a403
0101800b93
0101812b83
0000000000
010547a483
0101900b93
0105812b83
0000000000
010547a503
0101a00b93
0109812b83
0000000000
010547a583
0101b00b93
010d812b83
0000000000
010547a603
0101c00b93
0101c12b83
0000000000
010547a683
0101d00b93
0105c12b83
0000000000
010547a703
0101e00b93
0109c12b83
0000000000
010547a783
0101f00b93
010dc12b83
0000000000
0101842403
0100000c13
0100012c03
0000000000
0101842483
0100100c13
0104012c03
0000000000
0101842503
0100200c13
0108012c03
0000000000
0101842583
0100300c13
010c012c03
0000000000
0101842603
0100400c13
0100412c03
0000000000
0101842683
0100500c13
0104412c03
0000000000
0101842703
0100600c13
0108412c03
0000000000
0101842783
0100700c13
010c412c03
0000000000
0105842403
0100800c13
0100812c03
0000000000
0105842483
0100900c13
0104812c03
0000000000
0105842503
0100a00c13
0108812c03
0000000000
0105842583
0100b00c13
010c812c03
0000000000
0105842603
0100c00c13
0100c12c03
0000000000
0105842683
0100d00c13
0104c12c03
0000000000
0105842703
0100e00c13
0108c12c03
0000000000
0105842783
0100f00c13
010cc12c03
0000000000
0101c42403
0101000c13
0101012c03
0000000000
0101c42483
0101100c13
0105012c03
0000000000
0101c42503
0101200c13
0109012c03
0000000000
0101c42583
0101300c13
010d012c03
0000000000
0101c42603
0101400c13
0101412c03
0000000000
0101c42683
0101500c13
0105412c03
0000000000
0101c42703
0101600c13
0109412c03
0000000000
0101c42783
0101700c13
010d412c03
0000000000
0105c42403
0101800c13
0101812c03
0000000000
0105c42483
0101900c13
0105812c03
0000000000
0105c42503
0101a00c13
0109812c03
0000000000
0105c42583
0101b00c13
010d812c03
0000000000
0105c42603
0101c00c13
0101c12c03
0000000000
0105c42683
0101d00c13
0105c12c03
0000000000
0105c42703
0101e00c13
0109c12c03
0000000000
0105c42783
0101f00c13
010dc12c03
0000000000
010184a403
0100000c93
0100012c83
0000000000
010184a483
0100100c93
0104012c83
0000000000
010184a503
0100200c93
0108012c83
0000000000
010184a583
0100300c93
010c012c83
0000000000
010184a603
0100400c93
0100412c83
0000000000
010184a683
0100500c93
0104412c83
0000000000
010184a703
0100600c93
0108412c83
0000000000
010184a783
0100700c93
010c412c83
0000000000
010584a403
0100800c93
0100812c83
0000000000
010584a483
0100900c93
0104812c83
0000000000
010584a503
0100a00c93
0108812c83
0000000000
010584a583
0100b00c93
010c812c83
0000000000
010584a603
0100c00c93
0100c12c83
0000000000
010584a683
0100d00c93
0104c12c83
0000000000
010584a703
0100e00c93
0108c12c83
0000000000
010584a783
0100f00c93
010cc12c83
0000000000
0101c4a403
0101000c93
0101012c83
0000000000
0101c4a483
0101100c93
0105012c83
0000000000
0101c4a503
0101200c93
0109012c83
0000000000
0101c4a583
0101300c93
010d012c83
0000000000
0101c4a603
0101400c93
0101412c83
0000000000
0101c4a683
0101500c93
0105412c83
0000000000
0101c4a703
0101600c93
0109412c83
0000000000
0101c4a783
0101700c93
010d412c83
0000000000
0105c4a403
0101800c93
0101812c83
0000000000
0105c4a483
0101900c93
0105812c83
0000000000
0105c4a503
0101a00c93
0109812c83
0000000000
0105c4a583
0101b00c93
010d812c83
0000000000
0105c4a603
0101c00c93
0101c12c83
0000000000
0105c4a683
0101d00c93
0105c12c83
0000000000
0105c4a703
0101e00c93
0109c12c83
0000000000
0105c4a783
0101f00c93
010dc12c83
0000000000
0101852403
0100000d13
0100012d03
0000000000
0101852483
0100100d13
0104012d03
0000000000
0101852503
0100200d13
0108012d03
0000000000
0101852583
0100300d13
010c012d03
0000000000
0101852603
0100400d13
0100412d03
0000000000
0101852683
0100500d13
0104412d03
0000000000
0101852703
0100600d13
0108412d03
0000000000
0101852783
0100700d13
010c412d03
0000000000
0105852403
0100800d13
0100812d03
0000000000
0105852483
0100900d13
0104812d03
0000000000
0105852503
0100a00d13
0108812d03
0000000000
0105852583
0100b00d13
010c812d03
0000000000
0105852603
0100c00d13
0100c12d03
0000000000
0105852683
0100d00d13
0104c12d03
0000000000
0105852703
0100e00d13
0108c12d03
0000000000
0105852783
0100f00d13
010cc12d03
0000000000
0101c52403
0101000d13
0101012d03
0000000000
0101c52483
0101100d13
0105012d03
0000000000
0101c52503
0101200d13
0109012d03
0000000000
0101c52583
0101300d13
010d012d03
0000000000
0101c52603
0101400d13
0101412d03
0000000000
0101c52683
0101500d13
0105412d03
0000000000
0101c52703
0101600d13
0109412d03
0000000000
0101c52783
0101700d13
010d412d03
0000000000
0105c52403
0101800d13
0101812d03
0000000000
0105c52483
0101900d13
0105812d03
0000000000
0105c52503
0101a00d13
0109812d03
0000000000
0105c52583
0101b00d13
010d812d03
0000000000
0105c52603
0101c00d13
0101c12d03
0000000000
0105c52683
0101d00d13
0105c12d03
0000000000
0105c52703
0101e00d13
0109c12d03
0000000000
0105c52783
0101f00d13
010dc12d03
0000000000
010185a403
0100000d93
0100012d83
0000000000
010185a483
0100100d93
0104012d83
0000000000
010185a503
0100200d93
0108012d83
0000000000
010185a583
0100300d93
010c012d83
0000000000
010185a603
0100400d93
0100412d83
0000000000
010185a683
0100500d93
0104412d83
0000000000
010185a703
0100600d93
0108412d83
0000000000
010185a783
0100700d93
010c412d83
0000000000
010585a403
0100800d93
0100812d83
0000000000
010585a483
0100900d93
0104812d83
0000000000
010585a503
0100a00d93
0108812d83
0000000000
010585a583
0100b00d93
010c812d83
0000000000
010585a603
0100c00d93
0100c12d83
0000000000
010585a683
0100d00d93
0104c12d83
0000000000
010585a703
0100e00d93
0108c12d83
0000000000
010585a783
0100f00d93
010cc12d83
0000000000
0101c5a403
0101000d93
0101012d83
0000000000
0101c5a483
0101100d93
0105012d83
0000000000
0101c5a503
0101200d93
0109012d83
0000000000
0101c5a583
0101300d93
010d012d83
0000000000
0101c5a603
0101400d93
0101412d83
0000000000
0101c5a683
0101500d93
0105412d83
0000000000
0101c5a703
0101600d93
0109412d83
0000000000
0101c5a783
0101700d93
010d412d83
0000000000
0105c5a403
0101800d93
0101812d83
0000000000
0105c5a483
0101900d93
0105812d83
0000000000
0105c5a503
0101a00d93
0109812d83
0000000000
0105c5a583
0101b00d93
010d812d83
0000000000
0105c5a603
0101c00d93
0101c12d83
0000000000
0105c5a683
0101d00d93
0105c12d83
0000000000
0105c5a703
0101e00d93
0109c12d83
0000000000
0105c5a783
0101f00d93
010dc12d83
0000000000
0101862403
0100000e13
0100012e03
0000000000
0101862483
0100100e13
0104012e03
0000000000
0101862503
0100200e13
0108012e03
0000000000
0101862583
0100300e13
010c012e03
0000000000
0101862603
0100400e13
0100412e03
0000000000
0101862683
0100500e13
0104412e03
0000000000
0101862703
0100600e13
0108412e03
0000000000
0101862783
0100700e13
010c412e03
0000000000
0105862403
0100800e13
0100812e03
0000000000
0105862483
0100900e13
0104812e03
0000000000
0105862503
0100a00e13
0108812e03
0000000000
0105862583
0100b00e13
010c812e03
0000000000
0105862603
0100c00e13
0100c12e03
0000000000
0105862683
0100d00e13
0104c12e03
0000000000
0105862703
0100e00e13
0108c12e03
0000000000
0105862783
0100f00e13
010cc12e03
0000000000
0101c62403
0101000e13
0101012e03
0000000000
0101c62483
0101100e13
0105012e03
0000000000
0101c62503
0101200e13
0109012e03
0000000000
0101c62583
0101300e13
010d012e03
0000000000
0101c62603
0101400e13
0101412e03
0000000000
0101c62683
0101500e13
0105412e03
0000000000
0101c62703
0101600e13
0109412e03
0000000000
0101c62783
0101700e13
010d412e03
0000000000
0105c62403
0101800e13
0101812e03
0000000000
0105c62483
0101900e13
0105812e03
0000000000
0105c62503
0101a00e13
0109812e03
0000000000
0105c62583
0101b00e13
010d812e03
0000000000
0105c62603
0101c00e13
0101c12e03
0000000000
0105c62683
0101d00e13
0105c12e03
0000000000
0105c62703
0101e00e13
0109c12e03
0000000000
0105c62783
0101f00e13
010dc12e03
0000000000
010186a403
0100000e93
0100012e83
0000000000
010186a483
0100100e93
0104012e83
0000000000
010186a503
0100200e93
0108012e83
0000000000
010186a583
0100300e93
010c012e83
0000000000
010186a603
0100400e93
0100412e83
0000000000
010186a683
0100500e93
0104412e83
0000000000
010186a703
0100600e93
0108412e83
0000000000
010186a783
0100700e93
010c412e83
0000000000
010586a403
0100800e93
0100812e83
0000000000
010586a483
0100900e93
0104812e83
0000000000
010586a503
0100a00e93
0108812e83
0000000000
010586a583
0100b00e93
010c812e83
0000000000
010586a603
0100c00e93
0100c12e83
0000000000
010586a683
0100d00e93
0104c12e83
0000000000
010586a703
0100e00e93
0108c12e83
0000000000
010586a783
0100f00e93
010cc12e83
0000000000
0101c6a403
0101000e93
0101012e83
0000000000
0101c6a483
0101100e93
0105012e83
0000000000
0101c6a503
0101200e93
0109012e83
0000000000
0101c6a583
0101300e93
010d012e83
0000000000
0101c6a603
0101400e93
0101412e83
0000000000
0101c6a683
0101500e93
0105412e83
0000000000
0101c6a703
0101600e93
0109412e83
0000000000
0101c6a783
0101700e93
010d412e83
0000000000
0105c6a403
0101800e93
0101812e83
0000000000
0105c6a483
0101900e93
0105812e83
0000000000
0105c6a503
0101a00e93
0109812e83
0000000000
0105c6a583
0101b00e93
010d812e83
0000000000
0105c6a603
0101c00e93
0101c12e83
0000000000
0105c6a683
0101d00e93
0105c12e83
0000000000
0105c6a703
0101e00e93
0109c12e83
0000000000
0105c6a783
0101f00e93
010dc12e83
0000000000
0101872403
0100000f13
0100012f03
0000000000
0101872483
0100100f13
0104012f03
0000000000
0101872503
0100200f13
0108012f03
0000000000
0101872583
0100300f13
010c012f03
0000000000
0101872603
0100400f13
0100412f03
0000000000
0101872683
0100500f13
0104412f03
0000000000
0101872703
0100600f13
0108412f03
0000000000
0101872783
0100700f13
010c412f03
0000000000
0105872403
0100800f13
0100812f03
0000000000
0105872483
0100900f13
0104812f03
0000000000
0105872503
0100a00f13
0108812f03
0000000000
0105872583
0100b00f13
010c812f03
0000000000
0105872603
0100c00f13
0100c12f03
0000000000
0105872683
0100d00f13
0104c12f03
0000000000
0105872703
0100e00f13
0108c12f03
0000000000
0105872783
0100f00f13
010cc12f03
0000000000
0101c72403
0101000f13
0101012f03
0000000000
0101c72483
0101100f13
0105012f03
0000000000
0101c72503
0101200f13
0109012f03
0000000000
0101c72583
0101300f13
010d012f03
0000000000
0101c72603
0101400f13
0101412f03
0000000000
0101c72683
0101500f13
0105412f03
0000000000
0101c72703
0101600f13
0109412f03
0000000000
0101c72783
0101700f13
010d412f03
0000000000
0105c72403
0101800f13
0101812f03
0000000000
0105c72483
0101900f13
0105812f03
0000000000
0105c72503
0101a00f13
0109812f03
0000000000
0105c72583
0101b00f13
010d812f03
0000000000
0105c72603
0101c00f13
0101c12f03
0000000000
0105c72683
0101d00f13
0105c12f03
0000000000
0105c72703
0101e00f13
0109c12f03
0000000000
0105c72783
0101f00f13
010dc12f03
0000000000
010187a403
0100000f93
0100012f83
0000000000
010187a483
0100100f93
0104012f83
0000000000
010187a503
0100200f93
0108012f83
0000000000
010187a583
0100300f93
010c012f83
0000000000
010187a603
0100400f93
0100412f83
0000000000
010187a683
0100500f93
0104412f83
0000000000
010187a703
0100600f93
0108412f83
0000000000
010187a783
0100700f93
010c412f83
0000000000
010587a403
0100800f93
0100812f83
0000000000
010587a483
0100900f93
0104812f83
0000000000
010587a503
0100a00f93
0108812f83
0000000000
010587a583
0100b00f93
010c812f83
0000000000
010587a603
0100c00f93
0100c12f83
0000000000
010587a683
0100d00f93
0104c12f83
0000000000
010587a703
0100e00f93
0108c12f83
0000000000
010587a783
0100f00f93
010cc12f83
0000000000
0101c7a403
0101000f93
0101012f83
0000000000
0101c7a483
0101100f93
0105012f83
0000000000
0101c7a503
0101200f93
0109012f83
0000000000
0101c7a583
0101300f93
010d012f83
0000000000
0101c7a603
0101400f93
0101412f83
0000000000
0101c7a683
0101500f93
0105412f83
0000000000
0101c7a703
0101600f93
0109412f83
0000000000
0101c7a783
0101700f93
010d412f83
0000000000
0105c7a403
0101800f93
0101812f83
0000000000
0105c7a483
0101900f93
0105812f83
0000000000
0105c7a503
0101a00f93
0109812f83
0000000000
0105c7a583
0101b00f93
010d812f83
0000000000
0105c7a603
0101c00f93
0101c12f83
0000000000
0105c7a683
0101d00f93
0105c12f83
0000000000
0105c7a703
0101e00f93
0109c12f83
0000000000
0105c7a783
0101f00f93
010dc12f83
0000000000
0102042403
04fe000013
0200005002
0000000000
0102042483
04fe100013
0200005006
0000000000
0102042503
04fe200013
020000500a
0000000000
0102042583
04fe300013
020000500e
0000000000
0102042603
04fe400013
0200005012
0000000000
0102042683
04fe500013
0200005016
0000000000
0102042703
04fe600013
020000501a
0000000000
0102042783
04fe700013
020000501e
0000000000
0106042403
04fe800013
0200005022
0000000000
0106042483
04fe900013
0200005026
0000000000
0106042503
04fea00013
020000502a
0000000000
0106042583
04feb00013
020000502e
0000000000
0106042603
04fec00013
0200005032
0000000000
0106042683
04fed00013
0200005036
0000000000
0106042703
04fee00013
020000503a
0000000000
0106042783
04fef00013
020000503e
0000000000
0102442403
04ff000013
0200005042
0000000000
0102442483
04ff100013
0200005046
0000000000
0102442503
04ff200013
020000504a
0000000000
0102442583
04ff300013
020000504e
0000000000
0102442603
04ff400013
0200005052
0000000000
0102442683
04ff500013
0200005056
0000000000
0102442703
04ff600013
020000505a
0000000000
0102442783
04ff700013
020000505e
0000000000
0106442403
04ff800013
0200005062
0000000000
0106442483
04ff900013
0200005066
0000000000
0106442503
04ffa00013
020000506a
0000000000
0106442583
04ffb00013
020000506e
0000000000
0106442603
04ffc00013
0200005072
0000000000
0106442683
04ffd00013
0200005076
0000000000
0106442703
04ffe00013
020000507a
0000000000
0106442783
04fff00013
020000507e
0000000000
010204a403
01fe000093
0102012083
0000000000
010204a483
01fe100093
0106012083
0000000000
010204a503
01fe200093
010a012083
0000000000
010204a583
01fe300093
010e012083
0000000000
010204a603
01fe400093
0102412083
0000000000
010204a683
01fe500093
0106412083
0000000000
010204a703
01fe600093
010a412083
0000000000
010204a783
01fe700093
010e412083
0000000000
010604a403
01fe800093
0102812083
0000000000
010604a483
01fe900093
0106812083
0000000000
010604a503
01fea00093
010a812083
0000000000
010604a583
01feb00093
010e812083
0000000000
010604a603
01fec00093
0102c12083
0000000000
010604a683
01fed00093
0106c12083
0000000000
010604a703
01fee00093
010ac12083
0000000000
010604a783
01fef00093
010ec12083
0000000000
010244a403
01ff000093
0103012083
0000000000
010244a483
01ff100093
0107012083
0000000000
010244a503
01ff200093
010b012083
0000000000
010244a583
01ff300093
010f012083
0000000000
010244a603
01ff400093
0103412083
0000000000
010244a683
01ff500093
0107412083
0000000000
010244a703
01ff600093
010b412083
0000000000
010244a783
01ff700093
010f412083
0000000000
010644a403
01ff800093
0103812083
0000000000
010644a483
01ff900093
0107812083
0000000000
010644a503
01ffa00093
010b812083
0000000000
010644a583
01ffb00093
010f812083
0000000000
010644a603
01ffc00093
0103c12083
0000000000
010644a683
01ffd00093
0107c12083
0000000000
010644a703
01ffe00093
010bc12083
0000000000
010644a783
01fff00093
010fc12083
0000000000
0102052403
01fe000113
0102012103
0000000000
0102052483
01fe100113
0106012103
0000000000
0102052503
01fe200113
010a012103
0000000000
0102052583
01fe300113
010e012103
0000000000
0102052603
01fe400113
0102412103
0000000000
0102052683
01fe500113
0106412103
0000000000
0102052703
01fe600113
010a412103
0000000000
0102052783
01fe700113
010e412103
0000000000
0106052403
01fe800113
0102812103
0000000000
0106052483
01fe900113
0106812103
0000000000
0106052503
01fea00113
010a812103
0000000000
0106052583
01feb00113
010e812103
0000000000
0106052603
01fec00113
0102c12103
0000000000
0106052683
01fed00113
0106c12103
0000000000
0106052703
01fee00113
010ac12103
0000000000
0106052783
01fef00113
010ec12103
0000000000
0102452403
01ff000113
0103012103
0000000000
0102452483
01ff100113
0107012103
0000000000
0102452503
01ff200113
010b012103
0000000000
0102452583
01ff300113
010f012103
0000000000
0102452603
01ff400113
0103412103
0000000000
0102452683
01ff500113
0107412103
0000000000
0102452703
01ff600113
010b412103
0000000000
0102452783
01ff700113
010f412103
0000000000
0106452403
01ff800113
0103812103
0000000000
0106452483
01ff900113
0107812103
0000000000
0106452503
01ffa00113
010b812103
0000000000
0106452583
01ffb00113
010f812103
0000000000
0106452603
01ffc00113
0103c12103
0000000000
0106452683
01ffd00113
0107c12103
0000000000
0106452703
01ffe00113
010bc12103
0000000000
0106452783
01fff00113
010fc12103
0000000000
010205a403
01fe000193
0102012183
0000000000
010205a483
01fe100193
0106012183
0000000000
010205a503
01fe200193
010a012183
0000000000
010205a583
01fe300193
010e012183
0000000000
010205a603
01fe400193
0102412183
0000000000
010205a683
01fe500193
0106412183
0000000000
010205a703
01fe600193
010a412183
0000000000
010205a783
01fe700193
010e412183
0000000000
010605a403
01fe800193
0102812183
0000000000
010605a483
01fe900193
0106812183
0000000000
010605a503
01fea00193
010a812183
0000000000
010605a583
01feb00193
010e812183
0000000000
010605a603
01fec00193
0102c12183
0000000000
010605a683
01fed00193
0106c12183
0000000000
010605a703
01fee00193
010ac12183
0000000000
010605a783
01fef00193
010ec12183
0000000000
010245a403
01ff000193
0103012183
0000000000
010245a483
01ff100193
0107012183
0000000000
010245a503
01ff200193
010b012183
0000000000
010245a583
01ff300193
010f012183
0000000000
010245a603
01ff400193
0103412183
0000000000
010245a683
01ff500193
0107412183
0000000000
010245a703
01ff600193
010b412183
0000000000
010245a783
01ff700193
010f412183
0000000000
010645a403
01ff800193
0103812183
0000000000
010645a483
01ff900193
0107812183
0000000000
010645a503
01ffa00193
010b812183
0000000000
010645a583
01ffb00193
010f812183
0000000000
010645a603
01ffc00193
0103c12183
0000000000
010645a683
01ffd00193
0107c12183
0000000000
010645a703
01ffe00193
010bc12183
0000000000
010645a783
01fff00193
010fc12183
0000000000
0102062403
01fe000213
0102012203
0000000000
0102062483
01fe100213
0106012203
0000000000
0102062503
01fe200213
010a012203
0000000000
0102062583
01fe300213
010e012203
0000000000
0102062603
01fe400213
0102412203
0000000000
0102062683
01fe500213
0106412203
0000000000
0102062703
01fe600213
010a412203
0000000000
0102062783
01fe700213
010e412203
0000000000
0106062403
01fe800213
0102812203
0000000000
0106062483
01fe900213
0106812203
0000000000
0106062503
01fea00213
010a812203
0000000000
0106062583
01feb00213
010e812203
0000000000
0106062603
01fec00213
0102c12203
0000000000
0106062683
01fed00213
0106c12203
0000000000
0106062703
01fee00213
010ac12203
0000000000
0106062783
01fef00213
010ec12203
0000000000
0102462403
01ff000213
0103012203
0000000000
0102462483
01ff100213
0107012203
0000000000
0102462503
01ff200213
010b012203
0000000000
0102462583
01ff300213
010f012203
0000000000
0102462603
01ff400213
0103412203
0000000000
0102462683
01ff500213
0107412203
0000000000
0102462703
01ff600213
010b412203
0000000000
0102462783
01ff700213
010f412203
0000000000
0106462403
01ff800213
0103812203
0000000000
0106462483
01ff900213
0107812203
0000000000
0106462503
01ffa00213
010b812203
0000000000
0106462583
01ffb00213
010f812203
0000000000
0106462603
01ffc00213
0103c12203
0000000000
0106462683
01ffd00213
0107c12203
0000000000
0106462703
01ffe00213
010bc12203
0000000000
0106462783
01fff00213
010fc12203
0000000000
010206a403
01fe000293
0102012283
0000000000
010206a483
01fe100293
0106012283
0000000000
010206a503
01fe200293
010a012283
0000000000
010206a583
01fe300293
010e012283
0000000000
010206a603
01fe400293
0102412283
0000000000
010206a683
01fe500293
0106412283
0000000000
010206a703
01fe600293
010a412283
0000000000
010206a783
01fe700293
010e412283
0000000000
010606a403
01fe800293
0102812283
0000000000
010606a483
01fe900293
0106812283
0000000000
010606a503
01fea00293
010a812283
0000000000
010606a583
01feb00293
010e812283
0000000000
010606a603
01fec00293
0102c12283
0000000000
010606a683
01fed00293
0106c12283
0000000000
010606a703
01fee00293
010ac12283
0000000000
010606a783
01fef00293
010ec12283
0000000000
010246a403
01ff000293
0103012283
0000000000
010246a483
01ff100293
0107012283
0000000000
010246a503
01ff200293
010b012283
0000000000
010246a583
01ff300293
010f012283
0000000000
010246a603
01ff400293
0103412283
0000000000
010246a683
01ff500293
0107412283
0000000000
010246a703
01ff600293
010b412283
0000000000
010246a783
01ff700293
010f412283
0000000000
010646a403
01ff800293
0103812283
0000000000
010646a483
01ff900293
0107812283
0000000000
010646a503
01ffa00293
010b812283
0000000000
010646a583
01ffb00293
010f812283
0000000000
010646a603
01ffc00293
0103c12283
0000000000
010646a683
01ffd00293
0107c12283
0000000000
010646a703
01ffe00293
010bc12283
0000000000
010646a783
01fff00293
010fc12283
0000000000
0102072403
01fe000313
0102012303
0000000000
0102072483
01fe100313
0106012303
0000000000
0102072503
01fe200313
010a012303
0000000000
0102072583
01fe300313
010e012303
0000000000
0102072603
01fe400313
0102412303
0000000000
0102072683
01fe500313
0106412303
0000000000
0102072703
01fe600313
010a412303
0000000000
0102072783
01fe700313
010e412303
0000000000
0106072403
01fe800313
0102812303
0000000000
0106072483
01fe900313
0106812303
0000000000
0106072503
01fea00313
010a812303
0000000000
0106072583
01feb00313
010e812303
0000000000
0106072603
01fec00313
0102c12303
0000000000
0106072683
01fed00313
0106c12303
0000000000
0106072703
01fee00313
010ac12303
0000000000
0106072783
01fef00313
010ec12303
0000000000
0102472403
01ff000313
0103012303
0000000000
0102472483
01ff100313
0107012303
0000000000
0102472503
01ff200313
010b012303
0000000000
0102472583
01ff300313
010f012303
0000000000
0102472603
01ff400313
0103412303
0000000000
0102472683
01ff500313
0107412303
0000000000
0102472703
01ff600313
010b412303
0000000000
0102472783
01ff700313
010f412303
0000000000
0106472403
01ff800313
0103812303
0000000000
0106472483
01ff900313
0107812303
0000000000
0106472503
01ffa00313
010b812303
0000000000
0106472583
01ffb00313
010f812303
0000000000
0106472603
01ffc00313
0103c12303
0000000000
0106472683
01ffd00313
0107c12303
0000000000
0106472703
01ffe00313
010bc12303
0000000000
0106472783
01fff00313
010fc12303
0000000000
010207a403
01fe000393
0102012383
0000000000
010207a483
01fe100393
0106012383
0000000000
010207a503
01fe200393
010a012383
0000000000
010207a583
01fe300393
010e012383
0000000000
010207a603
01fe400393
0102412383
0000000000
010207a683
01fe500393
0106412383
0000000000
010207a703
01fe600393
010a412383
0000000000
010207a783
01fe700393
010e412383
0000000000
010607a403
01fe800393
0102812383
0000000000
010607a483
01fe900393
0106812383
0000000000
010607a503
01fea00393
010a812383
0000000000
010607a583
01feb00393
010e812383
0000000000
010607a603
01fec00393
0102c12383
0000000000
010607a683
01fed00393
0106c12383
0000000000
010607a703
01fee00393
010ac12383
0000000000
010607a783
01fef00393
010ec12383
0000000000
010247a403
01ff000393
0103012383
0000000000
010247a483
01ff100393
0107012383
0000000000
010247a503
01ff200393
010b012383
0000000000
010247a583
01ff300393
010f012383
0000000000
010247a603
01ff400393
0103412383
0000000000
010247a683
01ff500393
0107412383
0000000000
010247a703
01ff600393
010b412383
0000000000
010247a783
01ff700393
010f412383
0000000000
010647a403
01ff800393
0103812383
0000000000
010647a483
01ff900393
0107812383
0000000000
010647a503
01ffa00393
010b812383
0000000000
010647a583
01ffb00393
010f812383
0000000000
010647a603
01ffc00393
0103c12383
0000000000
010647a683
01ffd00393
0107c12383
0000000000
010647a703
01ffe00393
010bc12383
0000000000
010647a783
01fff00393
010fc12383
0000000000
0102842403
01fe000413
0102012403
0000000000
0102842483
01fe100413
0106012403
0000000000
0102842503
01fe200413
010a012403
0000000000
0102842583
01fe300413
010e012403
0000000000
0102842603
01fe400413
0102412403
0000000000
0102842683
01fe500413
0106412403
0000000000
0102842703
01fe600413
010a412403
0000000000
0102842783
01fe700413
010e412403
0000000000
0106842403
01fe800413
0102812403
0000000000
0106842483
01fe900413
0106812403
0000000000
0106842503
01fea00413
010a812403
0000000000
0106842583
01feb00413
010e812403
0000000000
0106842603
01fec00413
0102c12403
0000000000
0106842683
01fed00413
0106c12403
0000000000
0106842703
01fee00413
010ac12403
0000000000
0106842783
01fef00413
010ec12403
0000000000
0102c42403
01ff000413
0103012403
0000000000
0102c42483
01ff100413
0107012403
0000000000
0102c42503
01ff200413
010b012403
0000000000
0102c42583
01ff300413
010f012403
0000000000
0102c42603
01ff400413
0103412403
0000000000
0102c42683
01ff500413
0107412403
0000000000
0102c42703
01ff600413
010b412403
0000000000
0102c42783
01ff700413
010f412403
0000000000
0106c42403
01ff800413
0103812403
0000000000
0106c42483
01ff900413
0107812403
0000000000
0106c42503
01ffa00413
010b812403
0000000000
0106c42583
01ffb00413
010f812403
0000000000
0106c42603
01ffc00413
0103c12403
0000000000
0106c42683
01ffd00413
0107c12403
0000000000
0106c42703
01ffe00413
010bc12403
0000000000
0106c42783
01fff00413
010fc12403
0000000000
010284a403
01fe000493
0102012483
0000000000
010284a483
01fe100493
0106012483
0000000000
010284a503
01fe200493
010a012483
0000000000
010284a583
01fe300493
010e012483
0000000000
010284a603
01fe400493
0102412483
0000000000
010284a683
01fe500493
0106412483
0000000000
010284a703
01fe600493
010a412483
0000000000
010284a783
01fe700493
010e412483
0000000000
010684a403
01fe800493
0102812483
0000000000
010684a483
01fe900493
0106812483
0000000000
010684a503
01fea00493
010a812483
0000000000
010684a583
01feb00493
010e812483
0000000000
010684a603
01fec00493
0102c12483
0000000000
010684a683
01fed00493
0106c12483
0000000000
010684a703
01fee00493
010ac12483
0000000000
010684a783
01fef00493
010ec12483
0000000000
0102c4a403
01ff000493
0103012483
0000000000
0102c4a483
01ff100493
0107012483
0000000000
0102c4a503
01ff200493
010b012483
0000000000
0102c4a583
01ff300493
010f012483
0000000000
0102c4a603
01ff400493
0103412483
0000000000
0102c4a683
01ff500493
0107412483
0000000000
0102c4a703
01ff600493
010b412483
0000000000
0102c4a783
01ff700493
010f412483
0000000000
0106c4a403
01ff800493
0103812483
0000000000
0106c4a483
01ff900493
0107812483
0000000000
0106c4a503
01ffa00493
010b812483
0000000000
0106c4a583
01ffb00493
010f812483
0000000000
0106c4a603
01ffc00493
0103c12483
0000000000
0106c4a683
01ffd00493
0107c12483
0000000000
0106c4a703
01ffe00493
010bc12483
0000000000
0106c4a783
01fff00493
010fc12483
0000000000
0102852403
01fe000513
0102012503
0000000000
0102852483
01fe100513
0106012503
0000000000
0102852503
01fe200513
010a012503
0000000000
0102852583
01fe300513
010e012503
0000000000
0102852603
01fe400513
0102412503
0000000000
0102852683
01fe500513
0106412503
0000000000
0102852703
01fe600513
010a412503
0000000000
0102852783
01fe700513
010e412503
0000000000
0106852403
01fe800513
0102812503
0000000000
0106852483
01fe900513
0106812503
0000000000
0106852503
01fea00513
010a812503
0000000000
0106852583
01feb00513
010e812503
0000000000
0106852603
01fec00513
0102c12503
0000000000
0106852683
01fed00513
0106c12503
0000000000
0106852703
01fee00513
010ac12503
0000000000
0106852783
01fef00513
010ec12503
0000000000
0102c52403
01ff000513
0103012503
0000000000
0102c52483
01ff100513
0107012503
0000000000
0102c52503
01ff200513
010b012503
0000000000
0102c52583
01ff300513
010f012503
0000000000
0102c52603
01ff400513
0103412503
0000000000
0102c52683
01ff500513
0107412503
0000000000
0102c52703
01ff600513
010b412503
0000000000
0102c52783
01ff700513
010f412503
0000000000
0106c52403
01ff800513
0103812503
0000000000
0106c52483
01ff900513
0107812503
0000000000
0106c52503
01ffa00513
010b812503
0000000000
0106c52583
01ffb00513
010f812503
0000000000
0106c52603
01ffc00513
0103c12503
0000000000
0106c52683
01ffd00513
0107c12503
0000000000
0106c52703
01ffe00513
010bc12503
0000000000
0106c52783
01fff00513
010fc12503
0000000000
010285a403
01fe000593
0102012583
0000000000
010285a483
01fe100593
0106012583
0000000000
010285a503
01fe200593
010a012583
0000000000
010285a583
01fe300593
010e012583
0000000000
010285a603
01fe400593
0102412583
0000000000
010285a683
01fe500593
0106412583
0000000000
010285a703
01fe600593
010a412583
0000000000
010285a783
01fe700593
010e412583
0000000000
010685a403
01fe800593
0102812583
0000000000
010685a483
01fe900593
0106812583
0000000000
010685a503
01fea00593
010a812583
0000000000
010685a583
01feb00593
010e812583
0000000000
010685a603
01fec00593
0102c12583
0000000000
010685a683
01fed00593
0106c12583
0000000000
010685a703
01fee00593
010ac12583
0000000000
010685a783
01fef00593
010ec12583
0000000000
0102c5a403
01ff000593
0103012583
0000000000
0102c5a483
01ff100593
0107012583
0000000000
0102c5a503
01ff200593
010b012583
0000000000
0102c5a583
01ff300593
010f012583
0000000000
0102c5a603
01ff400593
0103412583
0000000000
0102c5a683
01ff500593
0107412583
0000000000
0102c5a703
01ff600593
010b412583
0000000000
0102c5a783
01ff700593
010f412583
0000000000
0106c5a403
01ff800593
0103812583
0000000000
0106c5a483
01ff900593
0107812583
0000000000
0106c5a503
01ffa00593
010b812583
0000000000
0106c5a583
01ffb00593
010f812583
0000000000
0106c5a603
01ffc00593
0103c12583
0000000000
0106c5a683
01ffd00593
0107c12583
0000000000
0106c5a703
01ffe00593
010bc12583
0000000000
0106c5a783
01fff00593
010fc12583
0000000000
0102862403
01fe000613
0102012603
0000000000
0102862483
01fe100613
0106012603
0000000000
0102862503
01fe200613
010a012603
0000000000
0102862583
01fe300613
010e012603
0000000000
0102862603
01fe400613
0102412603
0000000000
0102862683
01fe500613
0106412603
0000000000
0102862703
01fe600613
010a412603
0000000000
0102862783
01fe700613
010e412603
0000000000
0106862403
01fe800613
0102812603
0000000000
0106862483
01fe900613
0106812603
0000000000
0106862503
01fea00613
010a812603
0000000000
0106862583
01feb00613
010e812603
0000000000
0106862603
01fec00613
0102c12603
0000000000
0106862683
01fed00613
0106c12603
0000000000
0106862703
01fee00613
010ac12603
0000000000
0106862783
01fef00613
010ec12603
0000000000
0102c62403
01ff000613
0103012603
0000000000
0102c62483
01ff100613
0107012603
0000000000
0102c62503
01ff200613
010b012603
0000000000
0102c62583
01ff300613
010f012603
0000000000
0102c62603
01ff400613
0103412603
0000000000
0102c62683
01ff500613
0107412603
0000000000
0102c62703
01ff600613
010b412603
0000000000
0102c62783
01ff700613
010f412603
0000000000
0106c62403
01ff800613
0103812603
0000000000
0106c62483
01ff900613
0107812603
0000000000
0106c62503
01ffa00613
010b812603
0000000000
0106c62583
01ffb00613
010f812603
0000000000
0106c62603
01ffc00613
0103c12603
0000000000
0106c62683
01ffd00613
0107c12603
0000000000
0106c62703
01ffe00613
010bc12603
0000000000
0106c62783
01fff00613
010fc12603
0000000000
010286a403
01fe000693
0102012683
0000000000
010286a483
01fe100693
0106012683
0000000000
010286a503
01fe200693
010a012683
0000000000
010286a583
01fe300693
010e012683
0000000000
010286a603
01fe400693
0102412683
0000000000
010286a683
01fe500693
0106412683
0000000000
010286a703
01fe600693
010a412683
0000000000
010286a783
01fe700693
010e412683
0000000000
010686a403
01fe800693
0102812683
0000000000
010686a483
01fe900693
0106812683
0000000000
010686a503
01fea00693
010a812683
0000000000
010686a583
01feb00693
010e812683
0000000000
010686a603
01fec00693
0102c12683
0000000000
010686a683
01fed00693
0106c12683
0000000000
010686a703
01fee00693
010ac12683
0000000000
010686a783
01fef00693
010ec12683
0000000000
0102c6a403
01ff000693
0103012683
0000000000
0102c6a483
01ff100693
0107012683
0000000000
0102c6a503
01ff200693
010b012683
0000000000
0102c6a583
01ff300693
010f012683
0000000000
0102c6a603
01ff400693
0103412683
0000000000
0102c6a683
01ff500693
0107412683
0000000000
0102c6a703
01ff600693
010b412683
0000000000
0102c6a783
01ff700693
010f412683
0000000000
0106c6a403
01ff800693
0103812683
0000000000
0106c6a483
01ff900693
0107812683
0000000000
0106c6a503
01ffa00693
010b812683
0000000000
0106c6a583
01ffb00693
010f812683
0000000000
0106c6a603
01ffc00693
0103c12683
0000000000
0106c6a683
01ffd00693
0107c12683
0000000000
0106c6a703
01ffe00693
010bc12683
0000000000
0106c6a783
01fff00693
010fc12683
0000000000
0102872403
01fe000713
0102012703
0000000000
0102872483
01fe100713
0106012703
0000000000
0102872503
01fe200713
010a012703
0000000000
0102872583
01fe300713
010e012703
0000000000
0102872603
01fe400713
0102412703
0000000000
0102872683
01fe500713
0106412703
0000000000
0102872703
01fe600713
010a412703
0000000000
0102872783
01fe700713
010e412703
0000000000
0106872403
01fe800713
0102812703
0000000000
0106872483
01fe900713
0106812703
0000000000
0106872503
01fea00713
010a812703
0000000000
0106872583
01feb00713
010e812703
0000000000
0106872603
01fec00713
0102c12703
0000000000
0106872683
01fed00713
0106c12703
0000000000
0106872703
01fee00713
010ac12703
0000000000
0106872783
01fef00713
010ec12703
0000000000
0102c72403
01ff000713
0103012703
0000000000
0102c72483
01ff100713
0107012703
0000000000
0102c72503
01ff200713
010b012703
0000000000
0102c72583
01ff300713
010f012703
0000000000
0102c72603
01ff400713
0103412703
0000000000
0102c72683
01ff500713
0107412703
0000000000
0102c72703
01ff600713
010b412703
0000000000
0102c72783
01ff700713
010f412703
0000000000
0106c72403
01ff800713
0103812703
0000000000
0106c72483
01ff900713
0107812703
0000000000
0106c72503
01ffa00713
010b812703
0000000000
0106c72583
01ffb00713
010f812703
0000000000
0106c72603
01ffc00713
0103c12703
0000000000
0106c72683
01ffd00713
0107c12703
0000000000
0106c72703
01ffe00713
010bc12703
0000000000
0106c72783
01fff00713
010fc12703
0000000000
010287a403
01fe000793
0102012783
0000000000
010287a483
01fe100793
0106012783
0000000000
010287a503
01fe200793
010a012783
0000000000
010287a583
01fe300793
010e012783
0000000000
010287a603
01fe400793
0102412783
0000000000
010287a683
01fe500793
0106412783
0000000000
010287a703
01fe600793
010a412783
0000000000
010287a783
01fe700793
010e412783
0000000000
010687a403
01fe800793
0102812783
0000000000
010687a483
01fe900793
0106812783
0000000000
010687a503
01fea00793
010a812783
0000000000
010687a583
01feb00793
010e812783
0000000000
010687a603
01fec00793
0102c12783
0000000000
010687a683
01fed00793
0106c12783
0000000000
010687a703
01fee00793
010ac12783
0000000000
010687a783
01fef00793
010ec12783
0000000000
0102c7a403
01ff000793
0103012783
0000000000
0102c7a483
01ff100793
0107012783
0000000000
0102c7a503
01ff200793
010b012783
0000000000
0102c7a583
01ff300793
010f012783
0000000000
0102c7a603
01ff400793
0103412783
0000000000
0102c7a683
01ff500793
0107412783
0000000000
0102c7a703
01ff600793
010b412783
0000000000
0102c7a783
01ff700793
010f412783
0000000000
0106c7a403
01ff800793
0103812783
0000000000
0106c7a483
01ff900793
0107812783
0000000000
0106c7a503
01ffa00793
010b812783
0000000000
0106c7a583
01ffb00793
010f812783
0000000000
0106c7a603
01ffc00793
0103c12783
0000000000
0106c7a683
01ffd00793
0107c12783
0000000000
0106c7a703
01ffe00793
010bc12783
0000000000
0106c7a783
01fff00793
010fc12783
0000000000
0103042403
01fe000813
0102012803
0000000000
0103042483
01fe100813
0106012803
0000000000
0103042503
01fe200813
010a012803
0000000000
0103042583
01fe300813
010e012803
0000000000
0103042603
01fe400813
0102412803
0000000000
0103042683
01fe500813
0106412803
0000000000
0103042703
01fe600813
010a412803
0000000000
0103042783
01fe700813
010e412803
0000000000
0107042403
01fe800813
0102812803
0000000000
0107042483
01fe900813
0106812803
0000000000
0107042503
01fea00813
010a812803
0000000000
0107042583
01feb00813
010e812803
0000000000
0107042603
01fec00813
0102c12803
0000000000
0107042683
01fed00813
0106c12803
0000000000
0107042703
01fee00813
010ac12803
0000000000
0107042783
01fef00813
010ec12803
0000000000
0103442403
01ff000813
0103012803
0000000000
0103442483
01ff100813
0107012803
0000000000
0103442503
01ff200813
010b012803
0000000000
0103442583
01ff300813
010f012803
0000000000
0103442603
01ff400813
0103412803
0000000000
0103442683
01ff500813
0107412803
0000000000
0103442703
01ff600813
010b412803
0000000000
0103442783
01ff700813
010f412803
0000000000
0107442403
01ff800813
0103812803
0000000000
0107442483
01ff900813
0107812803
0000000000
0107442503
01ffa00813
010b812803
0000000000
0107442583
01ffb00813
010f812803
0000000000
0107442603
01ffc00813
0103c12803
0000000000
0107442683
01ffd00813
0107c12803
0000000000
0107442703
01ffe00813
010bc12803
0000000000
0107442783
01fff00813
010fc12803
0000000000
010304a403
01fe000893
0102012883
0000000000
010304a483
01fe100893
0106012883
0000000000
010304a503
01fe200893
010a012883
0000000000
010304a583
01fe300893
010e012883
0000000000
010304a603
01fe400893
0102412883
0000000000
010304a683
01fe500893
0106412883
0000000000
010304a703
01fe600893
010a412883
0000000000
010304a783
01fe700893
010e412883
0000000000
010704a403
01fe800893
0102812883
0000000000
010704a483
01fe900893
0106812883
0000000000
010704a503
01fea00893
010a812883
0000000000
010704a583
01feb00893
010e812883
0000000000
010704a603
01fec00893
0102c12883
0000000000
010704a683
01fed00893
0106c12883
0000000000
010704a703
01fee00893
010ac12883
0000000000
010704a783
01fef00893
010ec12883
0000000000
010344a403
01ff000893
0103012883
0000000000
010344a483
01ff100893
0107012883
0000000000
010344a503
01ff200893
010b012883
0000000000
010344a583
01ff300893
010f012883
0000000000
010344a603
01ff400893
0103412883
0000000000
010344a683
01ff500893
0107412883
0000000000
010344a703
01ff600893
010b412883
0000000000
010344a783
01ff700893
010f412883
0000000000
010744a403
01ff800893
0103812883
0000000000
010744a483
01ff900893
0107812883
0000000000
010744a503
01ffa00893
010b812883
0000000000
010744a583
01ffb00893
010f812883
0000000000
010744a603
01ffc00893
0103c12883
0000000000
010744a683
01ffd00893
0107c12883
0000000000
010744a703
01ffe00893
010bc12883
0000000000
010744a783
01fff00893
010fc12883
0000000000
0103052403
01fe000913
0102012903
0000000000
0103052483
01fe100913
0106012903
0000000000
0103052503
01fe200913
010a012903
0000000000
0103052583
01fe300913
010e012903
0000000000
0103052603
01fe400913
0102412903
0000000000
0103052683
01fe500913
0106412903
0000000000
0103052703
01fe600913
010a412903
0000000000
0103052783
01fe700913
010e412903
0000000000
0107052403
01fe800913
0102812903
0000000000
0107052483
01fe900913
0106812903
0000000000
0107052503
01fea00913
010a812903
0000000000
0107052583
01feb00913
010e812903
0000000000
0107052603
01fec00913
0102c12903
0000000000
0107052683
01fed00913
0106c12903
0000000000
0107052703
01fee00913
010ac12903
0000000000
0107052783
01fef00913
010ec12903
0000000000
0103452403
01ff000913
0103012903
0000000000
0103452483
01ff100913
0107012903
0000000000
0103452503
01ff200913
010b012903
0000000000
0103452583
01ff300913
010f012903
0000000000
0103452603
01ff400913
0103412903
0000000000
0103452683
01ff500913
0107412903
0000000000
0103452703
01ff600913
010b412903
0000000000
0103452783
01ff700913
010f412903
0000000000
0107452403
01ff800913
0103812903
0000000000
0107452483
01ff900913
0107812903
0000000000
0107452503
01ffa00913
010b812903
0000000000
0107452583
01ffb00913
010f812903
0000000000
0107452603
01ffc00913
0103c12903
0000000000
0107452683
01ffd00913
0107c12903
0000000000
0107452703
01ffe00913
010bc12903
0000000000
0107452783
01fff00913
010fc12903
0000000000
010305a403
01fe000993
0102012983
0000000000
010305a483
01fe100993
0106012983
0000000000
010305a503
01fe200993
010a012983
0000000000
010305a583
01fe300993
010e012983
0000000000
010305a603
01fe400993
0102412983
0000000000
010305a683
01fe500993
0106412983
0000000000
010305a703
01fe600993
010a412983
0000000000
010305a783
01fe700993
010e412983
0000000000
010705a403
01fe800993
0102812983
0000000000
010705a483
01fe900993
0106812983
0000000000
010705a503
01fea00993
010a812983
0000000000
010705a583
01feb00993
010e812983
0000000000
010705a603
01fec00993
0102c12983
0000000000
010705a683
01fed00993
0106c12983
0000000000
010705a703
01fee00993
010ac12983
0000000000
010705a783
01fef00993
010ec12983
0000000000
010345a403
01ff000993
0103012983
0000000000
010345a483
01ff100993
0107012983
0000000000
010345a503
01ff200993
010b012983
0000000000
010345a583
01ff300993
010f012983
0000000000
010345a603
01ff400993
0103412983
0000000000
010345a683
01ff500993
0107412983
0000000000
010345a703
01ff600993
010b412983
0000000000
010345a783
01ff700993
010f412983
0000000000
010745a403
01ff800993
0103812983
0000000000
010745a483
01ff900993
0107812983
0000000000
010745a503
01ffa00993
010b812983
0000000000
010745a583
01ffb00993
010f812983
0000000000
010745a603
01ffc00993
0103c12983
0000000000
010745a683
01ffd00993
0107c12983
0000000000
010745a703
01ffe00993
010bc12983
0000000000
010745a783
01fff00993
010fc12983
0000000000
0103062403
01fe000a13
0102012a03
0000000000
0103062483
01fe100a13
0106012a03
0000000000
0103062503
01fe200a13
010a012a03
0000000000
0103062583
01fe300a13
010e012a03
0000000000
0103062603
01fe400a13
0102412a03
0000000000
0103062683
01fe500a13
0106412a03
0000000000
0103062703
01fe600a13
010a412a03
0000000000
0103062783
01fe700a13
010e412a03
0000000000
0107062403
01fe800a13
0102812a03
0000000000
0107062483
01fe900a13
0106812a03
0000000000
0107062503
01fea00a13
010a812a03
0000000000
0107062583
01feb00a13
010e812a03
0000000000
0107062603
01fec00a13
0102c12a03
0000000000
0107062683
01fed00a13
0106c12a03
0000000000
0107062703
01fee00a13
010ac12a03
0000000000
0107062783
01fef00a13
010ec12a03
0000000000
0103462403
01ff000a13
0103012a03
0000000000
0103462483
01ff100a13
0107012a03
0000000000
0103462503
01ff200a13
010b012a03
0000000000
0103462583
01ff300a13
010f012a03
0000000000
0103462603
01ff400a13
0103412a03
0000000000
0103462683
01ff500a13
0107412a03
0000000000
0103462703
01ff600a13
010b412a03
0000000000
0103462783
01ff700a13
010f412a03
0000000000
0107462403
01ff800a13
0103812a03
0000000000
0107462483
01ff900a13
0107812a03
0000000000
0107462503
01ffa00a13
010b812a03
0000000000
0107462583
01ffb00a13
010f812a03
0000000000
0107462603
01ffc00a13
0103c12a03
0000000000
0107462683
01ffd00a13
0107c12a03
0000000000
0107462703
01ffe00a13
010bc12a03
0000000000
0107462783
01fff00a13
010fc12a03
0000000000
010306a403
01fe000a93
0102012a83
0000000000
010306a483
01fe100a93
0106012a83
0000000000
010306a503
01fe200a93
010a012a83
0000000000
010306a583
01fe300a93
010e012a83
0000000000
010306a603
01fe400a93
0102412a83
0000000000
010306a683
01fe500a93
0106412a83
0000000000
010306a703
01fe600a93
010a412a83
0000000000
010306a783
01fe700a93
010e412a83
0000000000
010706a403
01fe800a93
0102812a83
0000000000
010706a483
01fe900a93
0106812a83
0000000000
010706a503
01fea00a93
010a812a83
0000000000
010706a583
01feb00a93
010e812a83
0000000000
010706a603
01fec00a93
0102c12a83
0000000000
010706a683
01fed00a93
0106c12a83
0000000000
010706a703
01fee00a93
010ac12a83
0000000000
010706a783
01fef00a93
010ec12a83
0000000000
010346a403
01ff000a93
0103012a83
0000000000
010346a483
01ff100a93
0107012a83
0000000000
010346a503
01ff200a93
010b012a83
0000000000
010346a583
01ff300a93
010f012a83
0000000000
010346a603
01ff400a93
0103412a83
0000000000
010346a683
01ff500a93
0107412a83
0000000000
010346a703
01ff600a93
010b412a83
0000000000
010346a783
01ff700a93
010f412a83
0000000000
010746a403
01ff800a93
0103812a83
0000000000
010746a483
01ff900a93
0107812a83
0000000000
010746a503
01ffa00a93
010b812a83
0000000000
010746a583
01ffb00a93
010f812a83
0000000000
010746a603
01ffc00a93
0103c12a83
0000000000
010746a683
01ffd00a93
0107c12a83
0000000000
010746a703
01ffe00a93
010bc12a83
0000000000
010746a783
01fff00a93
010fc12a83
0000000000
0103072403
01fe000b13
0102012b03
0000000000
0103072483
01fe100b13
0106012b03
0000000000
0103072503
01fe200b13
010a012b03
0000000000
0103072583
01fe300b13
010e012b03
0000000000
0103072603
01fe400b13
0102412b03
0000000000
0103072683
01fe500b13
0106412b03
0000000000
0103072703
01fe600b13
010a412b03
0000000000
0103072783
01fe700b13
010e412b03
0000000000
0107072403
01fe800b13
0102812b03
0000000000
0107072483
01fe900b13
0106812b03
0000000000
0107072503
01fea00b13
010a812b03
0000000000
0107072583
01feb00b13
010e812b03
0000000000
0107072603
01fec00b13
0102c12b03
0000000000
0107072683
01fed00b13
0106c12b03
0000000000
0107072703
01fee00b13
010ac12b03
0000000000
0107072783
01fef00b13
010ec12b03
0000000000
0103472403
01ff000b13
0103012b03
0000000000
0103472483
01ff100b13
0107012b03
0000000000
0103472503
01ff200b13
010b012b03
0000000000
0103472583
01ff300b13
010f012b03
0000000000
0103472603
01ff400b13
0103412b03
0000000000
0103472683
01ff500b13
0107412b03
0000000000
0103472703
01ff600b13
010b412b03
0000000000
0103472783
01ff700b13
010f412b03
0000000000
0107472403
01ff800b13
0103812b03
0000000000
0107472483
01ff900b13
0107812b03
0000000000
0107472503
01ffa00b13
010b812b03
0000000000
0107472583
01ffb00b13
010f812b03
0000000000
0107472603
01ffc00b13
0103c12b03
0000000000
0107472683
01ffd00b13
0107c12b03
0000000000
0107472703
01ffe00b13
010bc12b03
0000000000
0107472783
01fff00b13
010fc12b03
0000000000
010307a403
01fe000b93
0102012b83
0000000000
010307a483
01fe100b93
0106012b83
0000000000
010307a503
01fe200b93
010a012b83
0000000000
010307a583
01fe300b93
010e012b83
0000000000
010307a603
01fe400b93
0102412b83
0000000000
010307a683
01fe500b93
0106412b83
0000000000
010307a703
01fe600b93
010a412b83
0000000000
010307a783
01fe700b93
010e412b83
0000000000
010707a403
01fe800b93
0102812b83
0000000000
010707a483
01fe900b93
0106812b83
0000000000
010707a503
01fea00b93
010a812b83
0000000000
010707a583
01feb00b93
010e812b83
0000000000
010707a603
01fec00b93
0102c12b83
0000000000
010707a683
01fed00b93
0106c12b83
0000000000
010707a703
01fee00b93
010ac12b83
0000000000
010707a783
01fef00b93
010ec12b83
0000000000
010347a403
01ff000b93
0103012b83
0000000000
010347a483
01ff100b93
0107012b83
0000000000
010347a503
01ff200b93
010b012b83
0000000000
010347a583
01ff300b93
010f012b83
0000000000
010347a603
01ff400b93
0103412b83
0000000000
010347a683
01ff500b93
0107412b83
0000000000
010347a703
01ff600b93
010b412b83
0000000000
010347a783
01ff700b93
010f412b83
0000000000
010747a403
01ff800b93
0103812b83
0000000000
010747a483
01ff900b93
0107812b83
0000000000
010747a503
01ffa00b93
010b812b83
0000000000
010747a583
01ffb00b93
010f812b83
0000000000
010747a603
01ffc00b93
0103c12b83
0000000000
010747a683
01ffd00b93
0107c12b83
0000000000
010747a703
01ffe00b93
010bc12b83
0000000000
010747a783
01fff00b93
010fc12b83
0000000000
0103842403
01fe000c13
0102012c03
0000000000
0103842483
01fe100c13
0106012c03
0000000000
0103842503
01fe200c13
010a012c03
0000000000
0103842583
01fe300c13
010e012c03
0000000000
0103842603
01fe400c13
0102412c03
0000000000
0103842683
01fe500c13
0106412c03
0000000000
0103842703
01fe600c13
010a412c03
0000000000
0103842783
01fe700c13
010e412c03
0000000000
0107842403
01fe800c13
0102812c03
0000000000
0107842483
01fe900c13
0106812c03
0000000000
0107842503
01fea00c13
010a812c03
0000000000
0107842583
01feb00c13
010e812c03
0000000000
0107842603
01fec00c13
0102c12c03
0000000000
0107842683
01fed00c13
0106c12c03
0000000000
0107842703
01fee00c13
010ac12c03
0000000000
0107842783
01fef00c13
010ec12c03
0000000000
0103c42403
01ff000c13
0103012c03
0000000000
0103c42483
01ff100c13
0107012c03
0000000000
0103c42503
01ff200c13
010b012c03
0000000000
0103c42583
01ff300c13
010f012c03
0000000000
0103c42603
01ff400c13
0103412c03
0000000000
0103c42683
01ff500c13
0107412c03
0000000000
0103c42703
01ff600c13
010b412c03
0000000000
0103c42783
01ff700c13
010f412c03
0000000000
0107c42403
01ff800c13
0103812c03
0000000000
0107c42483
01ff900c13
0107812c03
0000000000
0107c42503
01ffa00c13
010b812c03
0000000000
0107c42583
01ffb00c13
010f812c03
0000000000
0107c42603
01ffc00c13
0103c12c03
0000000000
0107c42683
01ffd00c13
0107c12c03
0000000000
0107c42703
01ffe00c13
010bc12c03
0000000000
0107c42783
01fff00c13
010fc12c03
0000000000
010384a403
01fe000c93
0102012c83
0000000000
010384a483
01fe100c93
0106012c83
0000000000
010384a503
01fe200c93
010a012c83
0000000000
010384a583
01fe300c93
010e012c83
0000000000
010384a603
01fe400c93
0102412c83
0000000000
010384a683
01fe500c93
0106412c83
0000000000
010384a703
01fe600c93
010a412c83
0000000000
010384a783
01fe700c93
010e412c83
0000000000
010784a403
01fe800c93
0102812c83
0000000000
010784a483
01fe900c93
0106812c83
0000000000
010784a503
01fea00c93
010a812c83
0000000000
010784a583
01feb00c93
010e812c83
0000000000
010784a603
01fec00c93
0102c12c83
0000000000
010784a683
01fed00c93
0106c12c83
0000000000
010784a703
01fee00c93
010ac12c83
0000000000
010784a783
01fef00c93
010ec12c83
0000000000
0103c4a403
01ff000c93
0103012c83
0000000000
0103c4a483
01ff100c93
0107012c83
0000000000
0103c4a503
01ff200c93
010b012c83
0000000000
0103c4a583
01ff300c93
010f012c83
0000000000
0103c4a603
01ff400c93
0103412c83
0000000000
0103c4a683
01ff500c93
0107412c83
0000000000
0103c4a703
01ff600c93
010b412c83
0000000000
0103c4a783
01ff700c93
010f412c83
0000000000
0107c4a403
01ff800c93
0103812c83
0000000000
0107c4a483
01ff900c93
0107812c83
0000000000
0107c4a503
01ffa00c93
010b812c83
0000000000
0107c4a583
01ffb00c93
010f812c83
0000000000
0107c4a603
01ffc00c93
0103c12c83
0000000000
0107c4a683
01ffd00c93
0107c12c83
0000000000
0107c4a703
01ffe00c93
010bc12c83
0000000000
0107c4a783
01fff00c93
010fc12c83
0000000000
0103852403
01fe000d13
0102012d03
0000000000
0103852483
01fe100d13
0106012d03
0000000000
0103852503
01fe200d13
010a012d03
0000000000
0103852583
01fe300d13
010e012d03
0000000000
0103852603
01fe400d13
0102412d03
0000000000
0103852683
01fe500d13
0106412d03
0000000000
0103852703
01fe600d13
010a412d03
0000000000
0103852783
01fe700d13
010e412d03
0000000000
0107852403
01fe800d13
0102812d03
0000000000
0107852483
01fe900d13
0106812d03
0000000000
0107852503
01fea00d13
010a812d03
0000000000
0107852583
01feb00d13
010e812d03
0000000000
0107852603
01fec00d13
0102c12d03
0000000000
0107852683
01fed00d13
0106c12d03
0000000000
0107852703
01fee00d13
010ac12d03
0000000000
0107852783
01fef00d13
010ec12d03
0000000000
0103c52403
01ff000d13
0103012d03
0000000000
0103c52483
01ff100d13
0107012d03
0000000000
0103c52503
01ff200d13
010b012d03
0000000000
0103c52583
01ff300d13
010f012d03
0000000000
0103c52603
01ff400d13
0103412d03
0000000000
0103c52683
01ff500d13
0107412d03
0000000000
0103c52703
01ff600d13
010b412d03
0000000000
0103c52783
01ff700d13
010f412d03
0000000000
0107c52403
01ff800d13
0103812d03
0000000000
0107c52483
01ff900d13
0107812d03
0000000000
0107c52503
01ffa00d13
010b812d03
0000000000
0107c52583
01ffb00d13
010f812d03
0000000000
0107c52603
01ffc00d13
0103c12d03
0000000000
0107c52683
01ffd00d13
0107c12d03
0000000000
0107c52703
01ffe00d13
010bc12d03
0000000000
0107c52783
01fff00d13
010fc12d03
0000000000
010385a403
01fe000d93
0102012d83
0000000000
010385a483
01fe100d93
0106012d83
0000000000
010385a503
01fe200d93
010a012d83
0000000000
010385a583
01fe300d93
010e012d83
0000000000
010385a603
01fe400d93
0102412d83
0000000000
010385a683
01fe500d93
0106412d83
0000000000
010385a703
01fe600d93
010a412d83
0000000000
010385a783
01fe700d93
010e412d83
0000000000
010785a403
01fe800d93
0102812d83
0000000000
010785a483
01fe900d93
0106812d83
0000000000
010785a503
01fea00d93
010a812d83
0000000000
010785a583
01feb00d93
010e812d83
0000000000
010785a603
01fec00d93
0102c12d83
0000000000
010785a683
01fed00d93
0106c12d83
0000000000
010785a703
01fee00d93
010ac12d83
0000000000
010785a783
01fef00d93
010ec12d83
0000000000
0103c5a403
01ff000d93
0103012d83
0000000000
0103c5a483
01ff100d93
0107012d83
0000000000
0103c5a503
01ff200d93
010b012d83
0000000000
0103c5a583
01ff300d93
010f012d83
0000000000
0103c5a603
01ff400d93
0103412d83
0000000000
0103c5a683
01ff500d93
0107412d83
0000000000
0103c5a703
01ff600d93
010b412d83
0000000000
0103c5a783
01ff700d93
010f412d83
0000000000
0107c5a403
01ff800d93
0103812d83
0000000000
0107c5a483
01ff900d93
0107812d83
0000000000
0107c5a503
01ffa00d93
010b812d83
0000000000
0107c5a583
01ffb00d93
010f812d83
0000000000
0107c5a603
01ffc00d93
0103c12d83
0000000000
0107c5a683
01ffd00d93
0107c12d83
0000000000
0107c5a703
01ffe00d93
010bc12d83
0000000000
0107c5a783
01fff00d93
010fc12d83
0000000000
0103862403
01fe000e13
0102012e03
0000000000
0103862483
01fe100e13
0106012e03
0000000000
0103862503
01fe200e13
010a012e03
0000000000
0103862583
01fe300e13
010e012e03
0000000000
0103862603
01fe400e13
0102412e03
0000000000
0103862683
01fe500e13
0106412e03
0000000000
0103862703
01fe600e13
010a412e03
0000000000
0103862783
01fe700e13
010e412e03
0000000000
0107862403
01fe800e13
0102812e03
0000000000
0107862483
01fe900e13
0106812e03
0000000000
0107862503
01fea00e13
010a812e03
0000000000
0107862583
01feb00e13
010e812e03
0000000000
0107862603
01fec00e13
0102c12e03
0000000000
0107862683
01fed00e13
0106c12e03
0000000000
0107862703
01fee00e13
010ac12e03
0000000000
0107862783
01fef00e13
010ec12e03
0000000000
0103c62403
01ff000e13
0103012e03
0000000000
0103c62483
01ff100e13
0107012e03
0000000000
0103c62503
01ff200e13
010b012e03
0000000000
0103c62583
01ff300e13
010f012e03
0000000000
0103c62603
01ff400e13
0103412e03
0000000000
0103c62683
01ff500e13
0107412e03
0000000000
0103c62703
01ff600e13
010b412e03
0000000000
0103c62783
01ff700e13
010f412e03
0000000000
0107c62403
01ff800e13
0103812e03
0000000000
0107c62483
01ff900e13
0107812e03
0000000000
0107c62503
01ffa00e13
010b812e03
0000000000
0107c62583
01ffb00e13
010f812e03
0000000000
0107c62603
01ffc00e13
0103c12e03
0000000000
0107c62683
01ffd00e13
0107c12e03
0000000000
0107c62703
01ffe00e13
010bc12e03
0000000000
0107c62783
01fff00e13
010fc12e03
0000000000
010386a403
01fe000e93
0102012e83
0000000000
010386a483
01fe100e93
0106012e83
0000000000
010386a503
01fe200e93
010a012e83
0000000000
010386a583
01fe300e93
010e012e83
0000000000
010386a603
01fe400e93
0102412e83
0000000000
010386a683
01fe500e93
0106412e83
0000000000
010386a703
01fe600e93
010a412e83
0000000000
010386a783
01fe700e93
010e412e83
0000000000
010786a403
01fe800e93
0102812e83
0000000000
010786a483
01fe900e93
0106812e83
0000000000
010786a503
01fea00e93
010a812e83
0000000000
010786a583
01feb00e93
010e812e83
0000000000
010786a603
01fec00e93
0102c12e83
0000000000
010786a683
01fed00e93
0106c12e83
0000000000
010786a703
01fee00e93
010ac12e83
0000000000
010786a783
01fef00e93
010ec12e83
0000000000
0103c6a403
01ff000e93
0103012e83
0000000000
0103c6a483
01ff100e93
0107012e83
0000000000
0103c6a503
01ff200e93
010b012e83
0000000000
0103c6a583
01ff300e93
010f012e83
0000000000
0103c6a603
01ff400e93
0103412e83
0000000000
0103c6a683
01ff500e93
0107412e83
0000000000
0103c6a703
01ff600e93
010b412e83
0000000000
0103c6a783
01ff700e93
010f412e83
0000000000
0107c6a403
01ff800e93
0103812e83
0000000000
0107c6a483
01ff900e93
0107812e83
0000000000
0107c6a503
01ffa00e93
010b812e83
0000000000
0107c6a583
01ffb00e93
010f812e83
0000000000
0107c6a603
01ffc00e93
0103c12e83
0000000000
0107c6a683
01ffd00e93
0107c12e83
0000000000
0107c6a703
01ffe00e93
010bc12e83
0000000000
0107c6a783
01fff00e93
010fc12e83
0000000000
0103872403
01fe000f13
0102012f03
0000000000
0103872483
01fe100f13
0106012f03
0000000000
0103872503
01fe200f13
010a012f03
0000000000
0103872583
01fe300f13
010e012f03
0000000000
0103872603
01fe400f13
0102412f03
0000000000
0103872683
01fe500f13
0106412f03
0000000000
0103872703
01fe600f13
010a412f03
0000000000
0103872783
01fe700f13
010e412f03
0000000000
0107872403
01fe800f13
0102812f03
0000000000
0107872483
01fe900f13
0106812f03
0000000000
0107872503
01fea00f13
010a812f03
0000000000
0107872583
01feb00f13
010e812f03
0000000000
0107872603
01fec00f13
0102c12f03
0000000000
0107872683
01fed00f13
0106c12f03
0000000000
0107872703
01fee00f13
010ac12f03
0000000000
0107872783
01fef00f13
010ec12f03
0000000000
0103c72403
01ff000f13
0103012f03
0000000000
0103c72483
01ff100f13
0107012f03
0000000000
0103c72503
01ff200f13
010b012f03
0000000000
0103c72583
01ff300f13
010f012f03
0000000000
0103c72603
01ff400f13
0103412f03
0000000000
0103c72683
01ff500f13
0107412f03
0000000000
0103c72703
01ff600f13
010b412f03
0000000000
0103c72783
01ff700f13
010f412f03
0000000000
0107c72403
01ff800f13
0103812f03
0000000000
0107c72483
01ff900f13
0107812f03
0000000000
0107c72503
01ffa00f13
010b812f03
0000000000
0107c72583
01ffb00f13
010f812f03
0000000000
0107c72603
01ffc00f13
0103c12f03
0000000000
0107c72683
01ffd00f13
0107c12f03
0000000000
0107c72703
01ffe00f13
010bc12f03
0000000000
0107c72783
01fff00f13
010fc12f03
0000000000
010387a403
01fe000f93
0102012f83
0000000000
010387a483
01fe100f93
0106012f83
0000000000
010387a503
01fe200f93
010a012f83
0000000000
010387a583
01fe300f93
010e012f83
0000000000
010387a603
01fe400f93
0102412f83
0000000000
010387a683
01fe500f93
0106412f83
0000000000
010387a703
01fe600f93
010a412f83
0000000000
010387a783
01fe700f93
010e412f83
0000000000
010787a403
01fe800f93
0102812f83
0000000000
010787a483
01fe900f93
0106812f83
0000000000
010787a503
01fea00f93
010a812f83
0000000000
010787a583
01feb00f93
010e812f83
0000000000
010787a603
01fec00f93
0102c12f83
0000000000
010787a683
01fed00f93
0106c12f83
0000000000
010787a703
01fee00f93
010ac12f83
0000000000
010787a783
01fef00f93
010ec12f83
0000000000
0103c7a403
01ff000f93
0103012f83
0000000000
0103c7a483
01ff100f93
0107012f83
0000000000
0103c7a503
01ff200f93
010b012f83
0000000000
0103c7a583
01ff300f93
010f012f83
0000000000
0103c7a603
01ff400f93
0103412f83
0000000000
0103c7a683
01ff500f93
0107412f83
0000000000
0103c7a703
01ff600f93
010b412f83
0000000000
0103c7a783
01ff700f93
010f412f83
0000000000
0107c7a403
01ff800f93
0103812f83
0000000000
0107c7a483
01ff900f93
0107812f83
0000000000
0107c7a503
01ffa00f93
010b812f83
0000000000
0107c7a583
01ffb00f93
010f812f83
0000000000
0107c7a603
01ffc00f93
0103c12f83
0000000000
0107c7a683
01ffd00f93
0107c12f83
0000000000
0107c7a703
01ffe00f93
010bc12f83
0000000000
0107c7a783
01fff00f93
010fc12f83
0000000000
0100043403
0600006001
0200006002
0000000000
0100043483
0400001037
0200006006
0000000000
0100043503
0400002037
020000600a
0000000000
0100043583
0400003037
020000600e
0000000000
0100043603
0400004037
0200006012
0000000000
0100043683
0400005037
0200006016
0000000000
0100043703
0400006037
020000601a
0000000000
0100043783
0400007037
020000601e
0000000000
0104043403
0400008037
0200006022
0000000000
0104043483
0400009037
0200006026
0000000000
0104043503
040000a037
020000602a
0000000000
0104043583
040000b037
020000602e
0000000000
0104043603
040000c037
0200006032
0000000000
0104043683
040000d037
0200006036
0000000000
0104043703
040000e037
020000603a
0000000000
0104043783
040000f037
020000603e
0000000000
0108043403
0400010037
0200006042
0000000000
0108043483
0400011037
0200006046
0000000000
0108043503
0400012037
020000604a
0000000000
0108043583
0400013037
020000604e
0000000000
0108043603
0400014037
0200006052
0000000000
0108043683
0400015037
0200006056
0000000000
0108043703
0400016037
020000605a
0000000000
0108043783
0400017037
020000605e
0000000000
010c043403
0400018037
0200006062
0000000000
010c043483
0400019037
0200006066
0000000000
010c043503
040001a037
020000606a
0000000000
010c043583
040001b037
020000606e
0000000000
010c043603
040001c037
0200006072
0000000000
010c043683
040001d037
0200006076
0000000000
010c043703
040001e037
020000607a
0000000000
010c043783
040001f037
020000607e
0000000000
010004b403
0500000013
0100013083
0000000000
010004b483
01000010b7
0104013083
0000000000
010004b503
01000020b7
0108013083
0000000000
010004b583
01000030b7
010c013083
0000000000
010004b603
01000040b7
0110013083
0000000000
010004b683
01000050b7
0114013083
0000000000
010004b703
01000060b7
0118013083
0000000000
010004b783
01000070b7
011c013083
0000000000
010404b403
01000080b7
0100813083
0000000000
010404b483
01000090b7
0104813083
0000000000
010404b503
010000a0b7
0108813083
0000000000
010404b583
010000b0b7
010c813083
0000000000
010404b603
010000c0b7
0110813083
0000000000
010404b683
010000d0b7
0114813083
0000000000
010404b703
010000e0b7
0118813083
0000000000
010404b783
010000f0b7
011c813083
0000000000
010804b403
01000100b7
0101013083
0000000000
010804b483
01000110b7
0105013083
0000000000
010804b503
01000120b7
0109013083
0000000000
010804b583
01000130b7
010d013083
0000000000
010804b603
01000140b7
0111013083
0000000000
010804b683
01000150b7
0115013083
0000000000
010804b703
01000160b7
0119013083
0000000000
010804b783
01000170b7
011d013083
0000000000
010c04b403
01000180b7
0101813083
0000000000
010c04b483
01000190b7
0105813083
0000000000
010c04b503
010001a0b7
0109813083
0000000000
010c04b583
010001b0b7
010d813083
0000000000
010c04b603
010001c0b7
0111813083
0000000000
010c04b683
010001d0b7
0115813083
0000000000
010c04b703
010001e0b7
0119813083
0000000000
010c04b783
010001f0b7
011d813083
0000000000
0100053403
0200006101
0100013103
0000000000
0100053483
0102010113
0104013103
0000000000
0100053503
0108010113
0108013103
0000000000
0100053583
010a010113
010c013103
0000000000
0100053603
0110010113
0110013103
0000000000
0100053683
0112010113
0114013103
0000000000
0100053703
0118010113
0118013103
0000000000
0100053783
011a010113
011c013103
0000000000
0104053403
0104010113
0100813103
0000000000
0104053483
0106010113
0104813103
0000000000
0104053503
010c010113
0108813103
0000000000
0104053583
010e010113
010c813103
0000000000
0104053603
0114010113
0110813103
0000000000
0104053683
0116010113
0114813103
0000000000
0104053703
011c010113
0118813103
0000000000
0104053783
011e010113
011c813103
0000000000
0108053403
0101010113
0101013103
0000000000
0108053483
0103010113
0105013103
0000000000
0108053503
0109010113
0109013103
0000000000
0108053583
010b010113
010d013103
0000000000
0108053603
0111010113
0111013103
0000000000
0108053683
0113010113
0115013103
0000000000
0108053703
0119010113
0119013103
0000000000
0108053783
011b010113
011d013103
0000000000
010c053403
0105010113
0101813103
0000000000
010c053483
0107010113
0105813103
0000000000
010c053503
010d010113
0109813103
0000000000
010c053583
010f010113
010d813103
0000000000
010c053603
0115010113
0111813103
0000000000
010c053683
0117010113
0115813103
0000000000
010c053703
011d010113
0119813103
0000000000
010c053783
011f010113
011d813103
0000000000
010005b403
0500000013
0100013183
0000000000
010005b483
01000011b7
0104013183
0000000000
010005b503
01000021b7
0108013183
0000000000
010005b583
01000031b7
010c013183
0000000000
010005b603
01000041b7
0110013183
0000000000
010005b683
01000051b7
0114013183
0000000000
010005b703
01000061b7
0118013183
0000000000
010005b783
01000071b7
011c013183
0000000000
010405b403
01000081b7
0100813183
0000000000
010405b483
01000091b7
0104813183
0000000000
010405b503
010000a1b7
0108813183
0000000000
010405b583
010000b1b7
010c813183
0000000000
010405b603
010000c1b7
0110813183
0000000000
010405b683
010000d1b7
0114813183
0000000000
010405b703
010000e1b7
0118813183
0000000000
010405b783
010000f1b7
011c813183
0000000000
010805b403
01000101b7
0101013183
0000000000
010805b483
01000111b7
0105013183
0000000000
010805b503
01000121b7
0109013183
0000000000
010805b583
01000131b7
010d013183
0000000000
010805b603
01000141b7
0111013183
0000000000
010805b683
01000151b7
0115013183
0000000000
010805b703
01000161b7
0119013183
0000000000
010805b783
01000171b7
011d013183
0000000000
010c05b403
01000181b7
0101813183
0000000000
010c05b483
01000191b7
0105813183
0000000000
010c05b503
010001a1b7
0109813183
0000000000
010c05b583
010001b1b7
010d813183
0000000000
010c05b603
010001c1b7
0111813183
0000000000
010c05b683
010001d1b7
0115813183
0000000000
010c05b703
010001e1b7
0119813183
0000000000
010c05b783
010001f1b7
011d813183
0000000000
0100063403
0600006201
0100013203
0000000000
0100063483
0100001237
0104013203
0000000000
0100063503
0100002237
0108013203
0000000000
0100063583
0100003237
010c013203
0000000000
0100063603
0100004237
0110013203
0000000000
0100063683
0100005237
0114013203
0000000000
0100063703
0100006237
0118013203
0000000000
0100063783
0100007237
011c013203
0000000000
0104063403
0100008237
0100813203
0000000000
0104063483
0100009237
0104813203
0000000000
0104063503
010000a237
0108813203
0000000000
0104063583
010000b237
010c813203
0000000000
0104063603
010000c237
0110813203
0000000000
0104063683
010000d237
0114813203
0000000000
0104063703
010000e237
0118813203
0000000000
0104063783
010000f237
011c813203
0000000000
0108063403
0100010237
0101013203
0000000000
0108063483
0100011237
0105013203
0000000000
0108063503
0100012237
0109013203
0000000000
0108063583
0100013237
010d013203
0000000000
0108063603
0100014237
0111013203
0000000000
0108063683
0100015237
0115013203
0000000000
0108063703
0100016237
0119013203
0000000000
0108063783
0100017237
011d013203
0000000000
010c063403
0100018237
0101813203
0000000000
010c063483
0100019237
0105813203
0000000000
010c063503
010001a237
0109813203
0000000000
010c063583
010001b237
010d813203
0000000000
010c063603
010001c237
0111813203
0000000000
010c063683
010001d237
0115813203
0000000000
010c063703
010001e237
0119813203
0000000000
010c063783
010001f237
011d813203
0000000000
010006b403
0500000013
0100013283
0000000000
010006b483
01000012b7
0104013283
0000000000
010006b503
01000022b7
0108013283
0000000000
010006b583
01000032b7
010c013283
0000000000
010006b603
01000042b7
0110013283
0000000000
010006b683
01000052b7
0114013283
0000000000
010006b703
01000062b7
0118013283
0000000000
010006b783
01000072b7
011c013283
0000000000
010406b403
01000082b7
0100813283
0000000000
010406b483
01000092b7
0104813283
0000000000
010406b503
010000a2b7
0108813283
0000000000
010406b583
010000b2b7
010c813283
0000000000
010406b603
010000c2b7
0110813283
0000000000
010406b683
010000d2b7
0114813283
0000000000
010406b703
010000e2b7
0118813283
0000000000
010406b783
010000f2b7
011c813283
0000000000
010806b403
01000102b7
0101013283
0000000000
010806b483
01000112b7
0105013283
0000000000
010806b503
01000122b7
0109013283
0000000000
010806b583
01000132b7
010d013283
0000000000
010806b603
01000142b7
0111013283
0000000000
010806b683
01000152b7
0115013283
0000000000
010806b703
01000162b7
0119013283
0000000000
010806b783
01000172b7
011d013283
0000000000
010c06b403
01000182b7
0101813283
0000000000
010c06b483
01000192b7
0105813283
0000000000
010c06b503
010001a2b7
0109813283
0000000000
010c06b583
010001b2b7
010d813283
0000000000
010c06b603
010001c2b7
0111813283
0000000000
010c06b683
010001d2b7
0115813283
0000000000
010c06b703
010001e2b7
0119813283
0000000000
010c06b783
010001f2b7
011d813283
0000000000
0100073403
0600006301
0100013303
0000000000
0100073483
0100001337
0104013303
0000000000
0100073503
0100002337
0108013303
0000000000
0100073583
0100003337
010c013303
0000000000
0100073603
0100004337
0110013303
0000000000
0100073683
0100005337
0114013303
0000000000
0100073703
0100006337
0118013303
0000000000
0100073783
0100007337
011c013303
0000000000
0104073403
0100008337
0100813303
0000000000
0104073483
0100009337
0104813303
0000000000
0104073503
010000a337
0108813303
0000000000
0104073583
010000b337
010c813303
0000000000
0104073603
010000c337
0110813303
0000000000
0104073683
010000d337
0114813303
0000000000
0104073703
010000e337
0118813303
0000000000
0104073783
010000f337
011c813303
0000000000
0108073403
0100010337
0101013303
0000000000
0108073483
0100011337
0105013303
0000000000
0108073503
0100012337
0109013303
0000000000
0108073583
0100013337
010d013303
0000000000
0108073603
0100014337
0111013303
0000000000
0108073683
0100015337
0115013303
0000000000
0108073703
0100016337
0119013303
0000000000
0108073783
0100017337
011d013303
0000000000
010c073403
0100018337
0101813303
0000000000
010c073483
0100019337
0105813303
0000000000
010c073503
010001a337
0109813303
0000000000
010c073583
010001b337
010d813303
0000000000
010c073603
010001c337
0111813303
0000000000
010c073683
010001d337
0115813303
0000000000
010c073703
010001e337
0119813303
0000000000
010c073783
010001f337
011d813303
0000000000
010007b403
0500000013
0100013383
0000000000
010007b483
01000013b7
0104013383
0000000000
010007b503
01000023b7
0108013383
0000000000
010007b583
01000033b7
010c013383
0000000000
010007b603
01000043b7
0110013383
0000000000
010007b683
01000053b7
0114013383
0000000000
010007b703
01000063b7
0118013383
0000000000
010007b783
01000073b7
011c013383
0000000000
010407b403
01000083b7
0100813383
0000000000
010407b483
01000093b7
0104813383
0000000000
010407b503
010000a3b7
0108813383
0000000000
010407b583
010000b3b7
010c813383
0000000000
010407b603
010000c3b7
0110813383
0000000000
010407b683
010000d3b7
0114813383
0000000000
010407b703
010000e3b7
0118813383
0000000000
010407b783
010000f3b7
011c813383
0000000000
010807b403
01000103b7
0101013383
0000000000
010807b483
01000113b7
0105013383
0000000000
010807b503
01000123b7
0109013383
0000000000
010807b583
01000133b7
010d013383
0000000000
010807b603
01000143b7
0111013383
0000000000
010807b683
01000153b7
0115013383
0000000000
010807b703
01000163b7
0119013383
0000000000
010807b783
01000173b7
011d013383
0000000000
010c07b403
01000183b7
0101813383
0000000000
010c07b483
01000193b7
0105813383
0000000000
010c07b503
010001a3b7
0109813383
0000000000
010c07b583
010001b3b7
010d813383
0000000000
010c07b603
010001c3b7
0111813383
0000000000
010c07b683
010001d3b7
0115813383
0000000000
010c07b703
010001e3b7
0119813383
0000000000
010c07b783
010001f3b7
011d813383
0000000000
0100843403
0600006401
0100013403
0000000000
0100843483
0100001437
0104013403
0000000000
0100843503
0100002437
0108013403
0000000000
0100843583
0100003437
010c013403
0000000000
0100843603
0100004437
0110013403
0000000000
0100843683
0100005437
0114013403
0000000000
0100843703
0100006437
0118013403
0000000000
0100843783
0100007437
011c013403
0000000000
0104843403
0100008437
0100813403
0000000000
0104843483
0100009437
0104813403
0000000000
0104843503
010000a437
0108813403
0000000000
0104843583
010000b437
010c813403
0000000000
0104843603
010000c437
0110813403
0000000000
0104843683
010000d437
0114813403
0000000000
0104843703
010000e437
0118813403
0000000000
0104843783
010000f437
011c813403
0000000000
0108843403
0100010437
0101013403
0000000000
0108843483
0100011437
0105013403
0000000000
0108843503
0100012437
0109013403
0000000000
0108843583
0100013437
010d013403
0000000000
0108843603
0100014437
0111013403
0000000000
0108843683
0100015437
0115013403
0000000000
0108843703
0100016437
0119013403
0000000000
0108843783
0100017437
011d013403
0000000000
010c843403
0100018437
0101813403
0000000000
010c843483
0100019437
0105813403
0000000000
010c843503
010001a437
0109813403
0000000000
010c843583
010001b437
010d813403
0000000000
010c843603
010001c437
0111813403
0000000000
010c843683
010001d437
0115813403
0000000000
010c843703
010001e437
0119813403
0000000000
010c843783
010001f437
011d813403
0000000000
010084b403
0500000013
0100013483
0000000000
010084b483
01000014b7
0104013483
0000000000
010084b503
01000024b7
0108013483
0000000000
010084b583
01000034b7
010c013483
0000000000
010084b603
01000044b7
0110013483
0000000000
010084b683
01000054b7
0114013483
0000000000
010084b703
01000064b7
0118013483
0000000000
010084b783
01000074b7
011c013483
0000000000
010484b403
01000084b7
0100813483
0000000000
010484b483
01000094b7
0104813483
0000000000
010484b503
010000a4b7
0108813483
0000000000
010484b583
010000b4b7
010c813483
0000000000
010484b603
010000c4b7
0110813483
0000000000
010484b683
010000d4b7
0114813483
0000000000
010484b703
010000e4b7
0118813483
0000000000
010484b783
010000f4b7
011c813483
0000000000
010884b403
01000104b7
0101013483
0000000000
010884b483
01000114b7
0105013483
0000000000
010884b503
01000124b7
0109013483
0000000000
010884b583
01000134b7
010d013483
0000000000
010884b603
01000144b7
0111013483
0000000000
010884b683
01000154b7
0115013483
0000000000
010884b703
01000164b7
0119013483
0000000000
010884b783
01000174b7
011d013483
0000000000
010c84b403
01000184b7
0101813483
0000000000
010c84b483
01000194b7
0105813483
0000000000
010c84b503
010001a4b7
0109813483
0000000000
010c84b583
010001b4b7
010d813483
0000000000
010c84b603
010001c4b7
0111813483
0000000000
010c84b683
010001d4b7
0115813483
0000000000
010c84b703
010001e4b7
0119813483
0000000000
010c84b783
010001f4b7
011d813483
0000000000
0100853403
0600006501
0100013503
0000000000
0100853483
0100001537
0104013503
0000000000
0100853503
0100002537
0108013503
0000000000
0100853583
0100003537
010c013503
0000000000
0100853603
0100004537
0110013503
0000000000
0100853683
0100005537
0114013503
0000000000
0100853703
0100006537
0118013503
0000000000
0100853783
0100007537
011c013503
0000000000
0104853403
0100008537
0100813503
0000000000
0104853483
0100009537
0104813503
0000000000
0104853503
010000a537
0108813503
0000000000
0104853583
010000b537
010c813503
0000000000
0104853603
010000c537
0110813503
0000000000
0104853683
010000d537
0114813503
0000000000
0104853703
010000e537
0118813503
0000000000
0104853783
010000f537
011c813503
0000000000
0108853403
0100010537
0101013503
0000000000
0108853483
0100011537
0105013503
0000000000
0108853503
0100012537
0109013503
0000000000
0108853583
0100013537
010d013503
0000000000
0108853603
0100014537
0111013503
0000000000
0108853683
0100015537
0115013503
0000000000
0108853703
0100016537
0119013503
0000000000
0108853783
0100017537
011d013503
0000000000
010c853403
0100018537
0101813503
0000000000
010c853483
0100019537
0105813503
0000000000
010c853503
010001a537
0109813503
0000000000
010c853583
010001b537
010d813503
0000000000
010c853603
010001c537
0111813503
0000000000
010c853683
010001d537
0115813503
0000000000
010c853703
010001e537
0119813503
0000000000
010c853783
010001f537
011d813503
0000000000
010085b403
0500000013
0100013583
0000000000
010085b483
01000015b7
0104013583
0000000000
010085b503
01000025b7
0108013583
0000000000
010085b583
01000035b7
010c013583
0000000000
010085b603
01000045b7
0110013583
0000000000
010085b683
01000055b7
0114013583
0000000000
010085b703
01000065b7
0118013583
0000000000
010085b783
01000075b7
011c013583
0000000000
010485b403
01000085b7
0100813583
0000000000
010485b483
01000095b7
0104813583
0000000000
010485b503
010000a5b7
0108813583
0000000000
010485b583
010000b5b7
010c813583
0000000000
010485b603
010000c5b7
0110813583
0000000000
010485b683
010000d5b7
0114813583
0000000000
010485b703
010000e5b7
0118813583
0000000000
010485b783
010000f5b7
011c813583
0000000000
010885b403
01000105b7
0101013583
0000000000
010885b483
01000115b7
0105013583
0000000000
010885b503
01000125b7
0109013583
0000000000
010885b583
01000135b7
010d013583
0000000000
010885b603
01000145b7
0111013583
0000000000
010885b683
01000155b7
0115013583
0000000000
010885b703
01000165b7
0119013583
0000000000
010885b783
01000175b7
011d013583
0000000000
010c85b403
01000185b7
0101813583
0000000000
010c85b483
01000195b7
0105813583
0000000000
010c85b503
010001a5b7
0109813583
0000000000
010c85b583
010001b5b7
010d813583
0000000000
010c85b603
010001c5b7
0111813583
0000000000
010c85b683
010001d5b7
0115813583
0000000000
010c85b703
010001e5b7
0119813583
0000000000
010c85b783
010001f5b7
011d813583
0000000000
0100863403
0600006601
0100013603
0000000000
0100863483
0100001637
0104013603
0000000000
0100863503
0100002637
0108013603
0000000000
0100863583
0100003637
010c013603
0000000000
0100863603
0100004637
0110013603
0000000000
0100863683
0100005637
0114013603
0000000000
0100863703
0100006637
0118013603
0000000000
0100863783
0100007637
011c013603
0000000000
0104863403
0100008637
0100813603
0000000000
0104863483
0100009637
0104813603
0000000000
0104863503
010000a637
0108813603
0000000000
0104863583
010000b637
010c813603
0000000000
0104863603
010000c637
0110813603
0000000000
0104863683
010000d637
0114813603
0000000000
0104863703
010000e637
0118813603
0000000000
0104863783
010000f637
011c813603
0000000000
0108863403
0100010637
0101013603
0000000000
0108863483
0100011637
0105013603
0000000000
0108863503
0100012637
0109013603
0000000000
0108863583
0100013637
010d013603
0000000000
0108863603
0100014637
0111013603
0000000000
0108863683
0100015637
0115013603
0000000000
0108863703
0100016637
0119013603
0000000000
0108863783
0100017637
011d013603
0000000000
010c863403
0100018637
0101813603
0000000000
010c863483
0100019637
0105813603
0000000000
010c863503
010001a637
0109813603
0000000000
010c863583
010001b637
010d813603
0000000000
010c863603
010001c637
0111813603
0000000000
010c863683
010001d637
0115813603
0000000000
010c863703
010001e637
0119813603
0000000000
010c863783
010001f637
011d813603
0000000000
010086b403
0500000013
0100013683
0000000000
010086b483
01000016b7
0104013683
0000000000
010086b503
01000026b7
0108013683
0000000000
010086b583
01000036b7
010c013683
0000000000
010086b603
01000046b7
0110013683
0000000000
010086b683
01000056b7
0114013683
0000000000
010086b703
01000066b7
0118013683
0000000000
010086b783
01000076b7
011c013683
0000000000
010486b403
01000086b7
0100813683
0000000000
010486b483
01000096b7
0104813683
0000000000
010486b503
010000a6b7
0108813683
0000000000
010486b583
010000b6b7
010c813683
0000000000
010486b603
010000c6b7
0110813683
0000000000
010486b683
010000d6b7
0114813683
0000000000
010486b703
010000e6b7
0118813683
0000000000
010486b783
010000f6b7
011c813683
0000000000
010886b403
01000106b7
0101013683
0000000000
010886b483
01000116b7
0105013683
0000000000
010886b503
01000126b7
0109013683
0000000000
010886b583
01000136b7
010d013683
0000000000
010886b603
01000146b7
0111013683
0000000000
010886b683
01000156b7
0115013683
0000000000
010886b703
01000166b7
0119013683
0000000000
010886b783
01000176b7
011d013683
0000000000
010c86b403
01000186b7
0101813683
0000000000
010c86b483
01000196b7
0105813683
0000000000
010c86b503
010001a6b7
0109813683
0000000000
010c86b583
010001b6b7
010d813683
0000000000
010c86b603
010001c6b7
0111813683
0000000000
010c86b683
010001d6b7
0115813683
0000000000
010c86b703
010001e6b7
0119813683
0000000000
010c86b783
010001f6b7
011d813683
0000000000
0100873403
0600006701
0100013703
0000000000
0100873483
0100001737
0104013703
0000000000
0100873503
0100002737
0108013703
0000000000
0100873583
0100003737
010c013703
0000000000
0100873603
0100004737
0110013703
0000000000
0100873683
0100005737
0114013703
0000000000
0100873703
0100006737
0118013703
0000000000
0100873783
0100007737
011c013703
0000000000
0104873403
0100008737
0100813703
0000000000
0104873483
0100009737
0104813703
0000000000
0104873503
010000a737
0108813703
0000000000
0104873583
010000b737
010c813703
0000000000
0104873603
010000c737
0110813703
0000000000
0104873683
010000d737
0114813703
0000000000
0104873703
010000e737
0118813703
0000000000
0104873783
010000f737
011c813703
0000000000
0108873403
0100010737
0101013703
0000000000
0108873483
0100011737
0105013703
0000000000
0108873503
0100012737
0109013703
0000000000
0108873583
0100013737
010d013703
0000000000
0108873603
0100014737
0111013703
0000000000
0108873683
0100015737
0115013703
0000000000
0108873703
0100016737
0119013703
0000000000
0108873783
0100017737
011d013703
0000000000
010c873403
0100018737
0101813703
0000000000
010c873483
0100019737
0105813703
0000000000
010c873503
010001a737
0109813703
0000000000
010c873583
010001b737
010d813703
0000000000
010c873603
010001c737
0111813703
0000000000
010c873683
010001d737
0115813703
0000000000
010c873703
010001e737
0119813703
0000000000
010c873783
010001f737
011d813703
0000000000
010087b403
0500000013
0100013783
0000000000
010087b483
01000017b7
0104013783
0000000000
010087b503
01000027b7
0108013783
0000000000
010087b583
01000037b7
010c013783
0000000000
010087b603
01000047b7
0110013783
0000000000
010087b683
01000057b7
0114013783
0000000000
010087b703
01000067b7
0118013783
0000000000
010087b783
01000077b7
011c013783
0000000000
010487b403
01000087b7
0100813783
0000000000
010487b483
01000097b7
0104813783
0000000000
010487b503
010000a7b7
0108813783
0000000000
010487b583
010000b7b7
010c813783
0000000000
010487b603
010000c7b7
0110813783
0000000000
010487b683
010000d7b7
0114813783
0000000000
010487b703
010000e7b7
0118813783
0000000000
010487b783
010000f7b7
011c813783
0000000000
010887b403
01000107b7
0101013783
0000000000
010887b483
01000117b7
0105013783
0000000000
010887b503
01000127b7
0109013783
0000000000
010887b583
01000137b7
010d013783
0000000000
010887b603
01000147b7
0111013783
0000000000
010887b683
01000157b7
0115013783
0000000000
010887b703
01000167b7
0119013783
0000000000
010887b783
01000177b7
011d013783
0000000000
010c87b403
01000187b7
0101813783
0000000000
010c87b483
01000197b7
0105813783
0000000000
010c87b503
010001a7b7
0109813783
0000000000
010c87b583
010001b7b7
010d813783
0000000000
010c87b603
010001c7b7
0111813783
0000000000
010c87b683
010001d7b7
0115813783
0000000000
010c87b703
010001e7b7
0119813783
0000000000
010c87b783
010001f7b7
011d813783
0000000000
0101043403
0600006801
0100013803
0000000000
0101043483
0100001837
0104013803
0000000000
0101043503
0100002837
0108013803
0000000000
0101043583
0100003837
010c013803
0000000000
0101043603
0100004837
0110013803
0000000000
0101043683
0100005837
0114013803
0000000000
0101043703
0100006837
0118013803
0000000000
0101043783
0100007837
011c013803
0000000000
0105043403
0100008837
0100813803
0000000000
0105043483
0100009837
0104813803
0000000000
0105043503
010000a837
0108813803
0000000000
0105043583
010000b837
010c813803
0000000000
0105043603
010000c837
0110813803
0000000000
0105043683
010000d837
0114813803
0000000000
0105043703
010000e837
0118813803
0000000000
0105043783
010000f837
011c813803
0000000000
0109043403
0100010837
0101013803
0000000000
0109043483
0100011837
0105013803
0000000000
0109043503
0100012837
0109013803
0000000000
0109043583
0100013837
010d013803
0000000000
0109043603
0100014837
0111013803
0000000000
0109043683
0100015837
0115013803
0000000000
0109043703
0100016837
0119013803
0000000000
0109043783
0100017837
011d013803
0000000000
010d043403
0100018837
0101813803
0000000000
010d043483
0100019837
0105813803
0000000000
010d043503
010001a837
0109813803
0000000000
010d043583
010001b837
010d813803
0000000000
010d043603
010001c837
0111813803
0000000000
010d043683
010001d837
0115813803
0000000000
010d043703
010001e837
0119813803
0000000000
010d043783
010001f837
011d813803
0000000000
010104b403
0600006881
0100013883
0000000000
010104b483
01000018b7
0104013883
0000000000
010104b503
01000028b7
0108013883
0000000000
010104b583
01000038b7
010c013883
0000000000
010104b603
01000048b7
0110013883
0000000000
010104b683
01000058b7
0114013883
0000000000
010104b703
01000068b7
0118013883
0000000000
010104b783
01000078b7
011c013883
0000000000
010504b403
01000088b7
0100813883
0000000000
010504b483
01000098b7
0104813883
0000000000
010504b503
010000a8b7
0108813883
0000000000
010504b583
010000b8b7
010c813883
0000000000
010504b603
010000c8b7
0110813883
0000000000
010504b683
010000d8b7
0114813883
0000000000
010504b703
010000e8b7
0118813883
0000000000
010504b783
010000f8b7
011c813883
0000000000
010904b403
01000108b7
0101013883
0000000000
010904b483
01000118b7
0105013883
0000000000
010904b503
01000128b7
0109013883
0000000000
010904b583
01000138b7
010d013883
0000000000
010904b603
01000148b7
0111013883
0000000000
010904b683
01000158b7
0115013883
0000000000
010904b703
01000168b7
0119013883
0000000000
010904b783
01000178b7
011d013883
0000000000
010d04b403
01000188b7
0101813883
0000000000
010d04b483
01000198b7
0105813883
0000000000
010d04b503
010001a8b7
0109813883
0000000000
010d04b583
010001b8b7
010d813883
0000000000
010d04b603
010001c8b7
0111813883
0000000000
010d04b683
010001d8b7
0115813883
0000000000
010d04b703
010001e8b7
0119813883
0000000000
010d04b783
010001f8b7
011d813883
0000000000
0101053403
0600006901
0100013903
0000000000
0101053483
0100001937
0104013903
0000000000
0101053503
0100002937
0108013903
0000000000
0101053583
0100003937
010c013903
0000000000
0101053603
0100004937
0110013903
0000000000
0101053683
0100005937
0114013903
0000000000
0101053703
0100006937
0118013903
0000000000
0101053783
0100007937
011c013903
0000000000
0105053403
0100008937
0100813903
0000000000
0105053483
0100009937
0104813903
0000000000
0105053503
010000a937
0108813903
0000000000
0105053583
010000b937
010c813903
0000000000
0105053603
010000c937
0110813903
0000000000
0105053683
010000d937
0114813903
0000000000
0105053703
010000e937
0118813903
0000000000
0105053783
010000f937
011c813903
0000000000
0109053403
0100010937
0101013903
0000000000
0109053483
0100011937
0105013903
0000000000
0109053503
0100012937
0109013903
0000000000
0109053583
0100013937
010d013903
0000000000
0109053603
0100014937
0111013903
0000000000
0109053683
0100015937
0115013903
0000000000
0109053703
0100016937
0119013903
0000000000
0109053783
0100017937
011d013903
0000000000
010d053403
0100018937
0101813903
0000000000
010d053483
0100019937
0105813903
0000000000
010d053503
010001a937
0109813903
0000000000
010d053583
010001b937
010d813903
0000000000
010d053603
010001c937
0111813903
0000000000
010d053683
010001d937
0115813903
0000000000
010d053703
010001e937
0119813903
0000000000
010d053783
010001f937
011d813903
0000000000
010105b403
0600006981
0100013983
0000000000
010105b483
01000019b7
0104013983
0000000000
010105b503
01000029b7
0108013983
0000000000
010105b583
01000039b7
010c013983
0000000000
010105b603
01000049b7
0110013983
0000000000
010105b683
01000059b7
0114013983
0000000000
010105b703
01000069b7
0118013983
0000000000
010105b783
01000079b7
011c013983
0000000000
010505b403
01000089b7
0100813983
0000000000
010505b483
01000099b7
0104813983
0000000000
010505b503
010000a9b7
0108813983
0000000000
010505b583
010000b9b7
010c813983
0000000000
010505b603
010000c9b7
0110813983
0000000000
010505b683
010000d9b7
0114813983
0000000000
010505b703
010000e9b7
0118813983
0000000000
010505b783
010000f9b7
011c813983
0000000000
010905b403
01000109b7
0101013983
0000000000
010905b483
01000119b7
0105013983
0000000000
010905b503
01000129b7
0109013983
0000000000
010905b583
01000139b7
010d013983
0000000000
010905b603
01000149b7
0111013983
0000000000
010905b683
01000159b7
0115013983
0000000000
010905b703
01000169b7
0119013983
0000000000
010905b783
01000179b7
011d013983
0000000000
010d05b403
01000189b7
0101813983
0000000000
010d05b483
01000199b7
0105813983
0000000000
010d05b503
010001a9b7
0109813983
0000000000
010d05b583
010001b9b7
010d813983
0000000000
010d05b603
010001c9b7
0111813983
0000000000
010d05b683
010001d9b7
0115813983
0000000000
010d05b703
010001e9b7
0119813983
0000000000
010d05b783
010001f9b7
011d813983
0000000000
0101063403
0600006a01
0100013a03
0000000000
0101063483
0100001a37
0104013a03
0000000000
0101063503
0100002a37
0108013a03
0000000000
0101063583
0100003a37
010c013a03
0000000000
0101063603
0100004a37
0110013a03
0000000000
0101063683
0100005a37
0114013a03
0000000000
0101063703
0100006a37
0118013a03
0000000000
0101063783
0100007a37
011c013a03
0000000000
0105063403
0100008a37
0100813a03
0000000000
0105063483
0100009a37
0104813a03
0000000000
0105063503
010000aa37
0108813a03
0000000000
0105063583
010000ba37
010c813a03
0000000000
0105063603
010000ca37
0110813a03
0000000000
0105063683
010000da37
0114813a03
0000000000
0105063703
010000ea37
0118813a03
0000000000
0105063783
010000fa37
011c813a03
0000000000
0109063403
0100010a37
0101013a03
0000000000
0109063483
0100011a37
0105013a03
0000000000
0109063503
0100012a37
0109013a03
0000000000
0109063583
0100013a37
010d013a03
0000000000
0109063603
0100014a37
0111013a03
0000000000
0109063683
0100015a37
0115013a03
0000000000
0109063703
0100016a37
0119013a03
0000000000
0109063783
0100017a37
011d013a03
0000000000
010d063403
0100018a37
0101813a03
0000000000
010d063483
0100019a37
0105813a03
0000000000
010d063503
010001aa37
0109813a03
0000000000
010d063583
010001ba37
010d813a03
0000000000
010d063603
010001ca37
0111813a03
0000000000
010d063683
010001da37
0115813a03
0000000000
010d063703
010001ea37
0119813a03
0000000000
010d063783
010001fa37
011d813a03
0000000000
010106b403
0600006a81
0100013a83
0000000000
010106b483
0100001ab7
0104013a83
0000000000
010106b503
0100002ab7
0108013a83
0000000000
010106b583
0100003ab7
010c013a83
0000000000
010106b603
0100004ab7
0110013a83
0000000000
010106b683
0100005ab7
0114013a83
0000000000
010106b703
0100006ab7
0118013a83
0000000000
010106b783
0100007ab7
011c013a83
0000000000
010506b403
0100008ab7
0100813a83
0000000000
010506b483
0100009ab7
0104813a83
0000000000
010506b503
010000aab7
0108813a83
0000000000
010506b583
010000bab7
010c813a83
0000000000
010506b603
010000cab7
0110813a83
0000000000
010506b683
010000dab7
0114813a83
0000000000
010506b703
010000eab7
0118813a83
0000000000
010506b783
010000fab7
011c813a83
0000000000
010906b403
0100010ab7
0101013a83
0000000000
010906b483
0100011ab7
0105013a83
0000000000
010906b503
0100012ab7
0109013a83
0000000000
010906b583
0100013ab7
010d013a83
0000000000
010906b603
0100014ab7
0111013a83
0000000000
010906b683
0100015ab7
0115013a83
0000000000
010906b703
0100016ab7
0119013a83
0000000000
010906b783
0100017ab7
011d013a83
0000000000
010d06b403
0100018ab7
0101813a83
0000000000
010d06b483
0100019ab7
0105813a83
0000000000
010d06b503
010001aab7
0109813a83
0000000000
010d06b583
010001bab7
010d813a83
0000000000
010d06b603
010001cab7
0111813a83
0000000000
010d06b683
010001dab7
0115813a83
0000000000
010d06b703
010001eab7
0119813a83
0000000000
010d06b783
010001fab7
011d813a83
0000000000
0101073403
0600006b01
0100013b03
0000000000
0101073483
0100001b37
0104013b03
0000000000
0101073503
0100002b37
0108013b03
0000000000
0101073583
0100003b37
010c013b03
0000000000
0101073603
0100004b37
0110013b03
0000000000
0101073683
0100005b37
0114013b03
0000000000
0101073703
0100006b37
0118013b03
0000000000
0101073783
0100007b37
011c013b03
0000000000
0105073403
0100008b37
0100813b03
0000000000
0105073483
0100009b37
0104813b03
0000000000
0105073503
010000ab37
0108813b03
0000000000
0105073583
010000bb37
010c813b03
0000000000
0105073603
010000cb37
0110813b03
0000000000
0105073683
010000db37
0114813b03
0000000000
0105073703
010000eb37
0118813b03
0000000000
0105073783
010000fb37
011c813b03
0000000000
0109073403
0100010b37
0101013b03
0000000000
0109073483
0100011b37
0105013b03
0000000000
0109073503
0100012b37
0109013b03
0000000000
0109073583
0100013b37
010d013b03
0000000000
0109073603
0100014b37
0111013b03
0000000000
0109073683
0100015b37
0115013b03
0000000000
0109073703
0100016b37
0119013b03
0000000000
0109073783
0100017b37
011d013b03
0000000000
010d073403
0100018b37
0101813b03
0000000000
010d073483
0100019b37
0105813b03
0000000000
010d073503
010001ab37
0109813b03
0000000000
010d073583
010001bb37
010d813b03
0000000000
010d073603
010001cb37
0111813b03
0000000000
010d073683
010001db37
0115813b03
0000000000
010d073703
010001eb37
0119813b03
0000000000
010d073783
010001fb37
011d813b03
0000000000
010107b403
0600006b81
0100013b83
0000000000
010107b483
0100001bb7
0104013b83
0000000000
010107b503
0100002bb7
0108013b83
0000000000
010107b583
0100003bb7
010c013b83
0000000000
010107b603
0100004bb7
0110013b83
0000000000
010107b683
0100005bb7
0114013b83
0000000000
010107b703
0100006bb7
0118013b83
0000000000
010107b783
0100007bb7
011c013b83
0000000000
010507b403
0100008bb7
0100813b83
0000000000
010507b483
0100009bb7
0104813b83
0000000000
010507b503
010000abb7
0108813b83
0000000000
010507b583
010000bbb7
010c813b83
0000000000
010507b603
010000cbb7
0110813b83
0000000000
010507b683
010000dbb7
0114813b83
0000000000
010507b703
010000ebb7
0118813b83
0000000000
010507b783
010000fbb7
011c813b83
0000000000
010907b403
0100010bb7
0101013b83
0000000000
010907b483
0100011bb7
0105013b83
0000000000
010907b503
0100012bb7
0109013b83
0000000000
010907b583
0100013bb7
010d013b83
0000000000
010907b603
0100014bb7
0111013b83
0000000000
010907b683
0100015bb7
0115013b83
0000000000
010907b703
0100016bb7
0119013b83
0000000000
010907b783
0100017bb7
011d013b83
0000000000
010d07b403
0100018bb7
0101813b83
0000000000
010d07b483
0100019bb7
0105813b83
0000000000
010d07b503
010001abb7
0109813b83
0000000000
010d07b583
010001bbb7
010d813b83
0000000000
010d07b603
010001cbb7
0111813b83
0000000000
010d07b683
010001dbb7
0115813b83
0000000000
010d07b703
010001ebb7
0119813b83
0000000000
010d07b783
010001fbb7
011d813b83
0000000000
0101843403
0600006c01
0100013c03
0000000000
0101843483
0100001c37
0104013c03
0000000000
0101843503
0100002c37
0108013c03
0000000000
0101843583
0100003c37
010c013c03
0000000000
0101843603
0100004c37
0110013c03
0000000000
0101843683
0100005c37
0114013c03
0000000000
0101843703
0100006c37
0118013c03
0000000000
0101843783
0100007c37
011c013c03
0000000000
0105843403
0100008c37
0100813c03
0000000000
0105843483
0100009c37
0104813c03
0000000000
0105843503
010000ac37
0108813c03
0000000000
0105843583
010000bc37
010c813c03
0000000000
0105843603
010000cc37
0110813c03
0000000000
0105843683
010000dc37
0114813c03
0000000000
0105843703
010000ec37
0118813c03
0000000000
0105843783
010000fc37
011c813c03
0000000000
0109843403
0100010c37
0101013c03
0000000000
0109843483
0100011c37
0105013c03
0000000000
0109843503
0100012c37
0109013c03
0000000000
0109843583
0100013c37
010d013c03
0000000000
0109843603
0100014c37
0111013c03
0000000000
0109843683
0100015c37
0115013c03
0000000000
0109843703
0100016c37
0119013c03
0000000000
0109843783
0100017c37
011d013c03
0000000000
010d843403
0100018c37
0101813c03
0000000000
010d843483
0100019c37
0105813c03
0000000000
010d843503
010001ac37
0109813c03
0000000000
010d843583
010001bc37
010d813c03
0000000000
010d843603
010001cc37
0111813c03
0000000000
010d843683
010001dc37
0115813c03
0000000000
010d843703
010001ec37
0119813c03
0000000000
010d843783
010001fc37
011d813c03
0000000000
010184b403
0600006c81
0100013c83
0000000000
010184b483
0100001cb7
0104013c83
0000000000
010184b503
0100002cb7
0108013c83
0000000000
010184b583
0100003cb7
010c013c83
0000000000
010184b603
0100004cb7
0110013c83
0000000000
010184b683
0100005cb7
0114013c83
0000000000
010184b703
0100006cb7
0118013c83
0000000000
010184b783
0100007cb7
011c013c83
0000000000
010584b403
0100008cb7
0100813c83
0000000000
010584b483
0100009cb7
0104813c83
0000000000
010584b503
010000acb7
0108813c83
0000000000
010584b583
010000bcb7
010c813c83
0000000000
010584b603
010000ccb7
0110813c83
0000000000
010584b683
010000dcb7
0114813c83
0000000000
010584b703
010000ecb7
0118813c83
0000000000
010584b783
010000fcb7
011c813c83
0000000000
010984b403
0100010cb7
0101013c83
0000000000
010984b483
0100011cb7
0105013c83
0000000000
010984b503
0100012cb7
0109013c83
0000000000
010984b583
0100013cb7
010d013c83
0000000000
010984b603
0100014cb7
0111013c83
0000000000
010984b683
0100015cb7
0115013c83
0000000000
010984b703
0100016cb7
0119013c83
0000000000
010984b783
0100017cb7
011d013c83
0000000000
010d84b403
0100018cb7
0101813c83
0000000000
010d84b483
0100019cb7
0105813c83
0000000000
010d84b503
010001acb7
0109813c83
0000000000
010d84b583
010001bcb7
010d813c83
0000000000
010d84b603
010001ccb7
0111813c83
0000000000
010d84b683
010001dcb7
0115813c83
0000000000
010d84b703
010001ecb7
0119813c83
0000000000
010d84b783
010001fcb7
011d813c83
0000000000
0101853403
0600006d01
0100013d03
0000000000
0101853483
0100001d37
0104013d03
0000000000
0101853503
0100002d37
0108013d03
0000000000
0101853583
0100003d37
010c013d03
0000000000
0101853603
0100004d37
0110013d03
0000000000
0101853683
0100005d37
0114013d03
0000000000
0101853703
0100006d37
0118013d03
0000000000
0101853783
0100007d37
011c013d03
0000000000
0105853403
0100008d37
0100813d03
0000000000
0105853483
0100009d37
0104813d03
0000000000
0105853503
010000ad37
0108813d03
0000000000
0105853583
010000bd37
010c813d03
0000000000
0105853603
010000cd37
0110813d03
0000000000
0105853683
010000dd37
0114813d03
0000000000
0105853703
010000ed37
0118813d03
0000000000
0105853783
010000fd37
011c813d03
0000000000
0109853403
0100010d37
0101013d03
0000000000
0109853483
0100011d37
0105013d03
0000000000
0109853503
0100012d37
0109013d03
0000000000
0109853583
0100013d37
010d013d03
0000000000
0109853603
0100014d37
0111013d03
0000000000
0109853683
0100015d37
0115013d03
0000000000
0109853703
0100016d37
0119013d03
0000000000
0109853783
0100017d37
011d013d03
0000000000
010d853403
0100018d37
0101813d03
0000000000
010d853483
0100019d37
0105813d03
0000000000
010d853503
010001ad37
0109813d03
0000000000
010d853583
010001bd37
010d813d03
0000000000
010d853603
010001cd37
0111813d03
0000000000
010d853683
010001dd37
0115813d03
0000000000
010d853703
010001ed37
0119813d03
0000000000
010d853783
010001fd37
011d813d03
0000000000
010185b403
0600006d81
0100013d83
0000000000
010185b483
0100001db7
0104013d83
0000000000
010185b503
0100002db7
0108013d83
0000000000
010185b583
0100003db7
010c013d83
0000000000
010185b603
0100004db7
0110013d83
0000000000
010185b683
0100005db7
0114013d83
0000000000
010185b703
0100006db7
0118013d83
0000000000
010185b783
0100007db7
011c013d83
0000000000
010585b403
0100008db7
0100813d83
0000000000
010585b483
0100009db7
0104813d83
0000000000
010585b503
010000adb7
0108813d83
0000000000
010585b583
010000bdb7
010c813d83
0000000000
010585b603
010000cdb7
0110813d83
0000000000
010585b683
010000ddb7
0114813d83
0000000000
010585b703
010000edb7
0118813d83
0000000000
010585b783
010000fdb7
011c813d83
0000000000
010985b403
0100010db7
0101013d83
0000000000
010985b483
0100011db7
0105013d83
0000000000
010985b503
0100012db7
0109013d83
0000000000
010985b583
0100013db7
010d013d83
0000000000
010985b603
0100014db7
0111013d83
0000000000
010985b683
0100015db7
0115013d83
0000000000
010985b703
0100016db7
0119013d83
0000000000
010985b783
0100017db7
011d013d83
0000000000
010d85b403
0100018db7
0101813d83
0000000000
010d85b483
0100019db7
0105813d83
0000000000
010d85b503
010001adb7
0109813d83
0000000000
010d85b583
010001bdb7
010d813d83
0000000000
010d85b603
010001cdb7
0111813d83
0000000000
010d85b683
010001ddb7
0115813d83
0000000000
010d85b703
010001edb7
0119813d83
0000000000
010d85b783
010001fdb7
011d813d83
0000000000
0101863403
0600006e01
0100013e03
0000000000
0101863483
0100001e37
0104013e03
0000000000
0101863503
0100002e37
0108013e03
0000000000
0101863583
0100003e37
010c013e03
0000000000
0101863603
0100004e37
0110013e03
0000000000
0101863683
0100005e37
0114013e03
0000000000
0101863703
0100006e37
0118013e03
0000000000
0101863783
0100007e37
011c013e03
0000000000
0105863403
0100008e37
0100813e03
0000000000
0105863483
0100009e37
0104813e03
0000000000
0105863503
010000ae37
0108813e03
0000000000
0105863583
010000be37
010c813e03
0000000000
0105863603
010000ce37
0110813e03
0000000000
0105863683
010000de37
0114813e03
0000000000
0105863703
010000ee37
0118813e03
0000000000
0105863783
010000fe37
011c813e03
0000000000
0109863403
0100010e37
0101013e03
0000000000
0109863483
0100011e37
0105013e03
0000000000
0109863503
0100012e37
0109013e03
0000000000
0109863583
0100013e37
010d013e03
0000000000
0109863603
0100014e37
0111013e03
0000000000
0109863683
0100015e37
0115013e03
0000000000
0109863703
0100016e37
0119013e03
0000000000
0109863783
0100017e37
011d013e03
0000000000
010d863403
0100018e37
0101813e03
0000000000
010d863483
0100019e37
0105813e03
0000000000
010d863503
010001ae37
0109813e03
0000000000
010d863583
010001be37
010d813e03
0000000000
010d863603
010001ce37
0111813e03
0000000000
010d863683
010001de37
0115813e03
0000000000
010d863703
010001ee37
0119813e03
0000000000
010d863783
010001fe37
011d813e03
0000000000
010186b403
0600006e81
0100013e83
0000000000
010186b483
0100001eb7
0104013e83
0000000000
010186b503
0100002eb7
0108013e83
0000000000
010186b583
0100003eb7
010c013e83
0000000000
010186b603
0100004eb7
0110013e83
0000000000
010186b683
0100005eb7
0114013e83
0000000000
010186b703
0100006eb7
0118013e83
0000000000
010186b783
0100007eb7
011c013e83
0000000000
010586b403
0100008eb7
0100813e83
0000000000
010586b483
0100009eb7
0104813e83
0000000000
010586b503
010000aeb7
0108813e83
0000000000
010586b583
010000beb7
010c813e83
0000000000
010586b603
010000ceb7
0110813e83
0000000000
010586b683
010000deb7
0114813e83
0000000000
010586b703
010000eeb7
0118813e83
0000000000
010586b783
010000feb7
011c813e83
0000000000
010986b403
0100010eb7
0101013e83
0000000000
010986b483
0100011eb7
0105013e83
0000000000
010986b503
0100012eb7
0109013e83
0000000000
010986b583
0100013eb7
010d013e83
0000000000
010986b603
0100014eb7
0111013e83
0000000000
010986b683
0100015eb7
0115013e83
0000000000
010986b703
0100016eb7
0119013e83
0000000000
010986b783
0100017eb7
011d013e83
0000000000
010d86b403
0100018eb7
0101813e83
0000000000
010d86b483
0100019eb7
0105813e83
0000000000
010d86b503
010001aeb7
0109813e83
0000000000
010d86b583
010001beb7
010d813e83
0000000000
010d86b603
010001ceb7
0111813e83
0000000000
010d86b683
010001deb7
0115813e83
0000000000
010d86b703
010001eeb7
0119813e83
0000000000
010d86b783
010001feb7
011d813e83
0000000000
0101873403
0600006f01
0100013f03
0000000000
0101873483
0100001f37
0104013f03
0000000000
0101873503
0100002f37
0108013f03
0000000000
0101873583
0100003f37
010c013f03
0000000000
0101873603
0100004f37
0110013f03
0000000000
0101873683
0100005f37
0114013f03
0000000000
0101873703
0100006f37
0118013f03
0000000000
0101873783
0100007f37
011c013f03
0000000000
0105873403
0100008f37
0100813f03
0000000000
0105873483
0100009f37
0104813f03
0000000000
0105873503
010000af37
0108813f03
0000000000
0105873583
010000bf37
010c813f03
0000000000
0105873603
010000cf37
0110813f03
0000000000
0105873683
010000df37
0114813f03
0000000000
0105873703
010000ef37
0118813f03
0000000000
0105873783
010000ff37
011c813f03
0000000000
0109873403
0100010f37
0101013f03
0000000000
0109873483
0100011f37
0105013f03
0000000000
0109873503
0100012f37
0109013f03
0000000000
0109873583
0100013f37
010d013f03
0000000000
0109873603
0100014f37
0111013f03
0000000000
0109873683
0100015f37
0115013f03
0000000000
0109873703
0100016f37
0119013f03
0000000000
0109873783
0100017f37
011d013f03
0000000000
010d873403
0100018f37
0101813f03
0000000000
010d873483
0100019f37
0105813f03
0000000000
010d873503
010001af37
0109813f03
0000000000
010d873583
010001bf37
010d813f03
0000000000
010d873603
010001cf37
0111813f03
0000000000
010d873683
010001df37
0115813f03
0000000000
010d873703
010001ef37
0119813f03
0000000000
010d873783
010001ff37
011d813f03
0000000000
010187b403
0600006f81
0100013f83
0000000000
010187b483
0100001fb7
0104013f83
0000000000
010187b503
0100002fb7
0108013f83
0000000000
010187b583
0100003fb7
010c013f83
0000000000
010187b603
0100004fb7
0110013f83
0000000000
010187b683
0100005fb7
0114013f83
0000000000
010187b703
0100006fb7
0118013f83
0000000000
010187b783
0100007fb7
011c013f83
0000000000
010587b403
0100008fb7
0100813f83
0000000000
010587b483
0100009fb7
0104813f83
0000000000
010587b503
010000afb7
0108813f83
0000000000
010587b583
010000bfb7
010c813f83
0000000000
010587b603
010000cfb7
0110813f83
0000000000
010587b683
010000dfb7
0114813f83
0000000000
010587b703
010000efb7
0118813f83
0000000000
010587b783
010000ffb7
011c813f83
0000000000
010987b403
0100010fb7
0101013f83
0000000000
010987b483
0100011fb7
0105013f83
0000000000
010987b503
0100012fb7
0109013f83
0000000000
010987b583
0100013fb7
010d013f83
0000000000
010987b603
0100014fb7
0111013f83
0000000000
010987b683
0100015fb7
0115013f83
0000000000
010987b703
0100016fb7
0119013f83
0000000000
010987b783
0100017fb7
011d013f83
0000000000
010d87b403
0100018fb7
0101813f83
0000000000
010d87b483
0100019fb7
0105813f83
0000000000
010d87b503
010001afb7
0109813f83
0000000000
010d87b583
010001bfb7
010d813f83
0000000000
010d87b603
010001cfb7
0111813f83
0000000000
010d87b683
010001dfb7
0115813f83
0000000000
010d87b703
010001efb7
0119813f83
0000000000
010d87b783
010001ffb7
011d813f83
0000000000
0102043403
04fffe0037
0200007002
0000000000
0102043483
04fffe1037
0200007006
0000000000
0102043503
04fffe2037
020000700a
0000000000
0102043583
04fffe3037
020000700e
0000000000
0102043603
04fffe4037
0200007012
0000000000
0102043683
04fffe5037
0200007016
0000000000
0102043703
04fffe6037
020000701a
0000000000
0102043783
04fffe7037
020000701e
0000000000
0106043403
04fffe8037
0200007022
0000000000
0106043483
04fffe9037
0200007026
0000000000
0106043503
04fffea037
020000702a
0000000000
0106043583
04fffeb037
020000702e
0000000000
0106043603
04fffec037
0200007032
0000000000
0106043683
04fffed037
0200007036
0000000000
0106043703
04fffee037
020000703a
0000000000
0106043783
04fffef037
020000703e
0000000000
010a043403
04ffff0037
0200007042
0000000000
010a043483
04ffff1037
0200007046
0000000000
010a043503
04ffff2037
020000704a
0000000000
010a043583
04ffff3037
020000704e
0000000000
010a043603
04ffff4037
0200007052
0000000000
010a043683
04ffff5037
0200007056
0000000000
010a043703
04ffff6037
020000705a
0000000000
010a043783
04ffff7037
020000705e
0000000000
010e043403
04ffff8037
0200007062
0000000000
010e043483
04ffff9037
0200007066
0000000000
010e043503
04ffffa037
020000706a
0000000000
010e043583
04ffffb037
020000706e
0000000000
010e043603
04ffffc037
0200007072
0000000000
010e043683
04ffffd037
0200007076
0000000000
010e043703
04ffffe037
020000707a
0000000000
010e043783
04fffff037
020000707e
0000000000
010204b403
01fffe00b7
0102013083
0000000000
010204b483
01fffe10b7
0106013083
0000000000
010204b503
01fffe20b7
010a013083
0000000000
010204b583
01fffe30b7
010e013083
0000000000
010204b603
01fffe40b7
0112013083
0000000000
010204b683
01fffe50b7
0116013083
0000000000
010204b703
01fffe60b7
011a013083
0000000000
010204b783
01fffe70b7
011e013083
0000000000
010604b403
01fffe80b7
0102813083
0000000000
010604b483
01fffe90b7
0106813083
0000000000
010604b503
01fffea0b7
010a813083
0000000000
010604b583
01fffeb0b7
010e813083
0000000000
010604b603
01fffec0b7
0112813083
0000000000
010604b683
01fffed0b7
0116813083
0000000000
010604b703
01fffee0b7
011a813083
0000000000
010604b783
01fffef0b7
011e813083
0000000000
010a04b403
01ffff00b7
0103013083
0000000000
010a04b483
01ffff10b7
0107013083
0000000000
010a04b503
01ffff20b7
010b013083
0000000000
010a04b583
01ffff30b7
010f013083
0000000000
010a04b603
01ffff40b7
0113013083
0000000000
010a04b683
01ffff50b7
0117013083
0000000000
010a04b703
01ffff60b7
011b013083
0000000000
010a04b783
01ffff70b7
011f013083
0000000000
010e04b403
01ffff80b7
0103813083
0000000000
010e04b483
01ffff90b7
0107813083
0000000000
010e04b503
01ffffa0b7
010b813083
0000000000
010e04b583
01ffffb0b7
010f813083
0000000000
010e04b603
01ffffc0b7
0113813083
0000000000
010e04b683
01ffffd0b7
0117813083
0000000000
010e04b703
01ffffe0b7
011b813083
0000000000
010e04b783
01fffff0b7
011f813083
0000000000
0102053403
01e0010113
0102013103
0000000000
0102053483
01e2010113
0106013103
0000000000
0102053503
01e8010113
010a013103
0000000000
0102053583
01ea010113
010e013103
0000000000
0102053603
01f0010113
0112013103
0000000000
0102053683
01f2010113
0116013103
0000000000
0102053703
01f8010113
011a013103
0000000000
0102053783
01fa010113
011e013103
0000000000
0106053403
01e4010113
0102813103
0000000000
0106053483
01e6010113
0106813103
0000000000
0106053503
01ec010113
010a813103
0000000000
0106053583
01ee010113
010e813103
0000000000
0106053603
01f4010113
0112813103
0000000000
0106053683
01f6010113
0116813103
0000000000
0106053703
01fc010113
011a813103
0000000000
0106053783
01fe010113
011e813103
0000000000
010a053403
01e1010113
0103013103
0000000000
010a053483
01e3010113
0107013103
0000000000
010a053503
01e9010113
010b013103
0000000000
010a053583
01eb010113
010f013103
0000000000
010a053603
01f1010113
0113013103
0000000000
010a053683
01f3010113
0117013103
0000000000
010a053703
01f9010113
011b013103
0000000000
010a053783
01fb010113
011f013103
0000000000
010e053403
01e5010113
0103813103
0000000000
010e053483
01e7010113
0107813103
0000000000
010e053503
01ed010113
010b813103
0000000000
010e053583
01ef010113
010f813103
0000000000
010e053603
01f5010113
0113813103
0000000000
010e053683
01f7010113
0117813103
0000000000
010e053703
01fd010113
011b813103
0000000000
010e053783
01ff010113
011f813103
0000000000
010205b403
01fffe01b7
0102013183
0000000000
010205b483
01fffe11b7
0106013183
0000000000
010205b503
01fffe21b7
010a013183
0000000000
010205b583
01fffe31b7
010e013183
0000000000
010205b603
01fffe41b7
0112013183
0000000000
010205b683
01fffe51b7
0116013183
0000000000
010205b703
01fffe61b7
011a013183
0000000000
010205b783
01fffe71b7
011e013183
0000000000
010605b403
01fffe81b7
0102813183
0000000000
010605b483
01fffe91b7
0106813183
0000000000
010605b503
01fffea1b7
010a813183
0000000000
010605b583
01fffeb1b7
010e813183
0000000000
010605b603
01fffec1b7
0112813183
0000000000
010605b683
01fffed1b7
0116813183
0000000000
010605b703
01fffee1b7
011a813183
0000000000
010605b783
01fffef1b7
011e813183
0000000000
010a05b403
01ffff01b7
0103013183
0000000000
010a05b483
01ffff11b7
0107013183
0000000000
010a05b503
01ffff21b7
010b013183
0000000000
010a05b583
01ffff31b7
010f013183
0000000000
010a05b603
01ffff41b7
0113013183
0000000000
010a05b683
01ffff51b7
0117013183
0000000000
010a05b703
01ffff61b7
011b013183
0000000000
010a05b783
01ffff71b7
011f013183
0000000000
010e05b403
01ffff81b7
0103813183
0000000000
010e05b483
01ffff91b7
0107813183
0000000000
010e05b503
01ffffa1b7
010b813183
0000000000
010e05b583
01ffffb1b7
010f813183
0000000000
010e05b603
01ffffc1b7
0113813183
0000000000
010e05b683
01ffffd1b7
0117813183
0000000000
010e05b703
01ffffe1b7
011b813183
0000000000
010e05b783
01fffff1b7
011f813183
0000000000
0102063403
01fffe0237
0102013203
0000000000
0102063483
01fffe1237
0106013203
0000000000
0102063503
01fffe2237
010a013203
0000000000
0102063583
01fffe3237
010e013203
0000000000
0102063603
01fffe4237
0112013203
0000000000
0102063683
01fffe5237
0116013203
0000000000
0102063703
01fffe6237
011a013203
0000000000
0102063783
01fffe7237
011e013203
0000000000
0106063403
01fffe8237
0102813203
0000000000
0106063483
01fffe9237
0106813203
0000000000
0106063503
01fffea237
010a813203
0000000000
0106063583
01fffeb237
010e813203
0000000000
0106063603
01fffec237
0112813203
0000000000
0106063683
01fffed237
0116813203
0000000000
0106063703
01fffee237
011a813203
0000000000
0106063783
01fffef237
011e813203
0000000000
010a063403
01ffff0237
0103013203
0000000000
010a063483
01ffff1237
0107013203
0000000000
010a063503
01ffff2237
010b013203
0000000000
010a063583
01ffff3237
010f013203
0000000000
010a063603
01ffff4237
0113013203
0000000000
010a063683
01ffff5237
0117013203
0000000000
010a063703
01ffff6237
011b013203
0000000000
010a063783
01ffff7237
011f013203
0000000000
010e063403
01ffff8237
0103813203
0000000000
010e063483
01ffff9237
0107813203
0000000000
010e063503
01ffffa237
010b813203
0000000000
010e063583
01ffffb237
010f813203
0000000000
010e063603
01ffffc237
0113813203
0000000000
010e063683
01ffffd237
0117813203
0000000000
010e063703
01ffffe237
011b813203
0000000000
010e063783
01fffff237
011f813203
0000000000
010206b403
01fffe02b7
0102013283
0000000000
010206b483
01fffe12b7
0106013283
0000000000
010206b503
01fffe22b7
010a013283
0000000000
010206b583
01fffe32b7
010e013283
0000000000
010206b603
01fffe42b7
0112013283
0000000000
010206b683
01fffe52b7
0116013283
0000000000
010206b703
01fffe62b7
011a013283
0000000000
010206b783
01fffe72b7
011e013283
0000000000
010606b403
01fffe82b7
0102813283
0000000000
010606b483
01fffe92b7
0106813283
0000000000
010606b503
01fffea2b7
010a813283
0000000000
010606b583
01fffeb2b7
010e813283
0000000000
010606b603
01fffec2b7
0112813283
0000000000
010606b683
01fffed2b7
0116813283
0000000000
010606b703
01fffee2b7
011a813283
0000000000
010606b783
01fffef2b7
011e813283
0000000000
010a06b403
01ffff02b7
0103013283
0000000000
010a06b483
01ffff12b7
0107013283
0000000000
010a06b503
01ffff22b7
010b013283
0000000000
010a06b583
01ffff32b7
010f013283
0000000000
010a06b603
01ffff42b7
0113013283
0000000000
010a06b683
01ffff52b7
0117013283
0000000000
010a06b703
01ffff62b7
011b013283
0000000000
010a06b783
01ffff72b7
011f013283
0000000000
010e06b403
01ffff82b7
0103813283
0000000000
010e06b483
01ffff92b7
0107813283
0000000000
010e06b503
01ffffa2b7
010b813283
0000000000
010e06b583
01ffffb2b7
010f813283
0000000000
010e06b603
01ffffc2b7
0113813283
0000000000
010e06b683
01ffffd2b7
0117813283
0000000000
010e06b703
01ffffe2b7
011b813283
0000000000
010e06b783
01fffff2b7
011f813283
0000000000
0102073403
01fffe0337
0102013303
0000000000
0102073483
01fffe1337
0106013303
0000000000
0102073503
01fffe2337
010a013303
0000000000
0102073583
01fffe3337
010e013303
0000000000
0102073603
01fffe4337
0112013303
0000000000
0102073683
01fffe5337
0116013303
0000000000
0102073703
01fffe6337
011a013303
0000000000
0102073783
01fffe7337
011e013303
0000000000
0106073403
01fffe8337
0102813303
0000000000
0106073483
01fffe9337
0106813303
0000000000
0106073503
01fffea337
010a813303
0000000000
0106073583
01fffeb337
010e813303
0000000000
0106073603
01fffec337
0112813303
0000000000
0106073683
01fffed337
0116813303
0000000000
0106073703
01fffee337
011a813303
0000000000
0106073783
01fffef337
011e813303
0000000000
010a073403
01ffff0337
0103013303
0000000000
010a073483
01ffff1337
0107013303
0000000000
010a073503
01ffff2337
010b013303
0000000000
010a073583
01ffff3337
010f013303
0000000000
010a073603
01ffff4337
0113013303
0000000000
010a073683
01ffff5337
0117013303
0000000000
010a073703
01ffff6337
011b013303
0000000000
010a073783
01ffff7337
011f013303
0000000000
010e073403
01ffff8337
0103813303
0000000000
010e073483
01ffff9337
0107813303
0000000000
010e073503
01ffffa337
010b813303
0000000000
010e073583
01ffffb337
010f813303
0000000000
010e073603
01ffffc337
0113813303
0000000000
010e073683
01ffffd337
0117813303
0000000000
010e073703
01ffffe337
011b813303
0000000000
010e073783
01fffff337
011f813303
0000000000
010207b403
01fffe03b7
0102013383
0000000000
010207b483
01fffe13b7
0106013383
0000000000
010207b503
01fffe23b7
010a013383
0000000000
010207b583
01fffe33b7
010e013383
0000000000
010207b603
01fffe43b7
0112013383
0000000000
010207b683
01fffe53b7
0116013383
0000000000
010207b703
01fffe63b7
011a013383
0000000000
010207b783
01fffe73b7
011e013383
0000000000
010607b403
01fffe83b7
0102813383
0000000000
010607b483
01fffe93b7
0106813383
0000000000
010607b503
01fffea3b7
010a813383
0000000000
010607b583
01fffeb3b7
010e813383
0000000000
010607b603
01fffec3b7
0112813383
0000000000
010607b683
01fffed3b7
0116813383
0000000000
010607b703
01fffee3b7
011a813383
0000000000
010607b783
01fffef3b7
011e813383
0000000000
010a07b403
01ffff03b7
0103013383
0000000000
010a07b483
01ffff13b7
0107013383
0000000000
010a07b503
01ffff23b7
010b013383
0000000000
010a07b583
01ffff33b7
010f013383
0000000000
010a07b603
01ffff43b7
0113013383
0000000000
010a07b683
01ffff53b7
0117013383
0000000000
010a07b703
01ffff63b7
011b013383
0000000000
010a07b783
01ffff73b7
011f013383
0000000000
010e07b403
01ffff83b7
0103813383
0000000000
010e07b483
01ffff93b7
0107813383
0000000000
010e07b503
01ffffa3b7
010b813383
0000000000
010e07b583
01ffffb3b7
010f813383
0000000000
010e07b603
01ffffc3b7
0113813383
0000000000
010e07b683
01ffffd3b7
0117813383
0000000000
010e07b703
01ffffe3b7
011b813383
0000000000
010e07b783
01fffff3b7
011f813383
0000000000
0102843403
01fffe0437
0102013403
0000000000
0102843483
01fffe1437
0106013403
0000000000
0102843503
01fffe2437
010a013403
0000000000
0102843583
01fffe3437
010e013403
0000000000
0102843603
01fffe4437
0112013403
0000000000
0102843683
01fffe5437
0116013403
0000000000
0102843703
01fffe6437
011a013403
0000000000
0102843783
01fffe7437
011e013403
0000000000
0106843403
01fffe8437
0102813403
0000000000
0106843483
01fffe9437
0106813403
0000000000
0106843503
01fffea437
010a813403
0000000000
0106843583
01fffeb437
010e813403
0000000000
0106843603
01fffec437
0112813403
0000000000
0106843683
01fffed437
0116813403
0000000000
0106843703
01fffee437
011a813403
0000000000
0106843783
01fffef437
011e813403
0000000000
010a843403
01ffff0437
0103013403
0000000000
010a843483
01ffff1437
0107013403
0000000000
010a843503
01ffff2437
010b013403
0000000000
010a843583
01ffff3437
010f013403
0000000000
010a843603
01ffff4437
0113013403
0000000000
010a843683
01ffff5437
0117013403
0000000000
010a843703
01ffff6437
011b013403
0000000000
010a843783
01ffff7437
011f013403
0000000000
010e843403
01ffff8437
0103813403
0000000000
010e843483
01ffff9437
0107813403
0000000000
010e843503
01ffffa437
010b813403
0000000000
010e843583
01ffffb437
010f813403
0000000000
010e843603
01ffffc437
0113813403
0000000000
010e843683
01ffffd437
0117813403
0000000000
010e843703
01ffffe437
011b813403
0000000000
010e843783
01fffff437
011f813403
0000000000
010284b403
01fffe04b7
0102013483
0000000000
010284b483
01fffe14b7
0106013483
0000000000
010284b503
01fffe24b7
010a013483
0000000000
010284b583
01fffe34b7
010e013483
0000000000
010284b603
01fffe44b7
0112013483
0000000000
010284b683
01fffe54b7
0116013483
0000000000
010284b703
01fffe64b7
011a013483
0000000000
010284b783
01fffe74b7
011e013483
0000000000
010684b403
01fffe84b7
0102813483
0000000000
010684b483
01fffe94b7
0106813483
0000000000
010684b503
01fffea4b7
010a813483
0000000000
010684b583
01fffeb4b7
010e813483
0000000000
010684b603
01fffec4b7
0112813483
0000000000
010684b683
01fffed4b7
0116813483
0000000000
010684b703
01fffee4b7
011a813483
0000000000
010684b783
01fffef4b7
011e813483
0000000000
010a84b403
01ffff04b7
0103013483
0000000000
010a84b483
01ffff14b7
0107013483
0000000000
010a84b503
01ffff24b7
010b013483
0000000000
010a84b583
01ffff34b7
010f013483
0000000000
010a84b603
01ffff44b7
0113013483
0000000000
010a84b683
01ffff54b7
0117013483
0000000000
010a84b703
01ffff64b7
011b013483
0000000000
010a84b783
01ffff74b7
011f013483
0000000000
010e84b403
01ffff84b7
0103813483
0000000000
010e84b483
01ffff94b7
0107813483
0000000000
010e84b503
01ffffa4b7
010b813483
0000000000
010e84b583
01ffffb4b7
010f813483
0000000000
010e84b603
01ffffc4b7
0113813483
0000000000
010e84b683
01ffffd4b7
0117813483
0000000000
010e84b703
01ffffe4b7
011b813483
0000000000
010e84b783
01fffff4b7
011f813483
0000000000
0102853403
01fffe0537
0102013503
0000000000
0102853483
01fffe1537
0106013503
0000000000
0102853503
01fffe2537
010a013503
0000000000
0102853583
01fffe3537
010e013503
0000000000
0102853603
01fffe4537
0112013503
0000000000
0102853683
01fffe5537
0116013503
0000000000
0102853703
01fffe6537
011a013503
0000000000
0102853783
01fffe7537
011e013503
0000000000
0106853403
01fffe8537
0102813503
0000000000
0106853483
01fffe9537
0106813503
0000000000
0106853503
01fffea537
010a813503
0000000000
0106853583
01fffeb537
010e813503
0000000000
0106853603
01fffec537
0112813503
0000000000
0106853683
01fffed537
0116813503
0000000000
0106853703
01fffee537
011a813503
0000000000
0106853783
01fffef537
011e813503
0000000000
010a853403
01ffff0537
0103013503
0000000000
010a853483
01ffff1537
0107013503
0000000000
010a853503
01ffff2537
010b013503
0000000000
010a853583
01ffff3537
010f013503
0000000000
010a853603
01ffff4537
0113013503
0000000000
010a853683
01ffff5537
0117013503
0000000000
010a853703
01ffff6537
011b013503
0000000000
010a853783
01ffff7537
011f013503
0000000000
010e853403
01ffff8537
0103813503
0000000000
010e853483
01ffff9537
0107813503
0000000000
010e853503
01ffffa537
010b813503
0000000000
010e853583
01ffffb537
010f813503
0000000000
010e853603
01ffffc537
0113813503
0000000000
010e853683
01ffffd537
0117813503
0000000000
010e853703
01ffffe537
011b813503
0000000000
010e853783
01fffff537
011f813503
0000000000
010285b403
01fffe05b7
0102013583
0000000000
010285b483
01fffe15b7
0106013583
0000000000
010285b503
01fffe25b7
010a013583
0000000000
010285b583
01fffe35b7
010e013583
0000000000
010285b603
01fffe45b7
0112013583
0000000000
010285b683
01fffe55b7
0116013583
0000000000
010285b703
01fffe65b7
011a013583
0000000000
010285b783
01fffe75b7
011e013583
0000000000
010685b403
01fffe85b7
0102813583
0000000000
010685b483
01fffe95b7
0106813583
0000000000
010685b503
01fffea5b7
010a813583
0000000000
010685b583
01fffeb5b7
010e813583
0000000000
010685b603
01fffec5b7
0112813583
0000000000
010685b683
01fffed5b7
0116813583
0000000000
010685b703
01fffee5b7
011a813583
0000000000
010685b783
01fffef5b7
011e813583
0000000000
010a85b403
01ffff05b7
0103013583
0000000000
010a85b483
01ffff15b7
0107013583
0000000000
010a85b503
01ffff25b7
010b013583
0000000000
010a85b583
01ffff35b7
010f013583
0000000000
010a85b603
01ffff45b7
0113013583
0000000000
010a85b683
01ffff55b7
0117013583
0000000000
010a85b703
01ffff65b7
011b013583
0000000000
010a85b783
01ffff75b7
011f013583
0000000000
010e85b403
01ffff85b7
0103813583
0000000000
010e85b483
01ffff95b7
0107813583
0000000000
010e85b503
01ffffa5b7
010b813583
0000000000
010e85b583
01ffffb5b7
010f813583
0000000000
010e85b603
01ffffc5b7
0113813583
0000000000
010e85b683
01ffffd5b7
0117813583
0000000000
010e85b703
01ffffe5b7
011b813583
0000000000
010e85b783
01fffff5b7
011f813583
0000000000
0102863403
01fffe0637
0102013603
0000000000
0102863483
01fffe1637
0106013603
0000000000
0102863503
01fffe2637
010a013603
0000000000
0102863583
01fffe3637
010e013603
0000000000
0102863603
01fffe4637
0112013603
0000000000
0102863683
01fffe5637
0116013603
0000000000
0102863703
01fffe6637
011a013603
0000000000
0102863783
01fffe7637
011e013603
0000000000
0106863403
01fffe8637
0102813603
0000000000
0106863483
01fffe9637
0106813603
0000000000
0106863503
01fffea637
010a813603
0000000000
0106863583
01fffeb637
010e813603
0000000000
0106863603
01fffec637
0112813603
0000000000
0106863683
01fffed637
0116813603
0000000000
0106863703
01fffee637
011a813603
0000000000
0106863783
01fffef637
011e813603
0000000000
010a863403
01ffff0637
0103013603
0000000000
010a863483
01ffff1637
0107013603
0000000000
010a863503
01ffff2637
010b013603
0000000000
010a863583
01ffff3637
010f013603
0000000000
010a863603
01ffff4637
0113013603
0000000000
010a863683
01ffff5637
0117013603
0000000000
010a863703
01ffff6637
011b013603
0000000000
010a863783
01ffff7637
011f013603
0000000000
010e863403
01ffff8637
0103813603
0000000000
010e863483
01ffff9637
0107813603
0000000000
010e863503
01ffffa637
010b813603
0000000000
010e863583
01ffffb637
010f813603
0000000000
010e863603
01ffffc637
0113813603
0000000000
010e863683
01ffffd637
0117813603
0000000000
010e863703
01ffffe637
011b813603
0000000000
010e863783
01fffff637
011f813603
0000000000
010286b403
01fffe06b7
0102013683
0000000000
010286b483
01fffe16b7
0106013683
0000000000
010286b503
01fffe26b7
010a013683
0000000000
010286b583
01fffe36b7
010e013683
0000000000
010286b603
01fffe46b7
0112013683
0000000000
010286b683
01fffe56b7
0116013683
0000000000
010286b703
01fffe66b7
011a013683
0000000000
010286b783
01fffe76b7
011e013683
0000000000
010686b403
01fffe86b7
0102813683
0000000000
010686b483
01fffe96b7
0106813683
0000000000
010686b503
01fffea6b7
010a813683
0000000000
010686b583
01fffeb6b7
010e813683
0000000000
010686b603
01fffec6b7
0112813683
0000000000
010686b683
01fffed6b7
0116813683
0000000000
010686b703
01fffee6b7
011a813683
0000000000
010686b783
01fffef6b7
011e813683
0000000000
010a86b403
01ffff06b7
0103013683
0000000000
010a86b483
01ffff16b7
0107013683
0000000000
010a86b503
01ffff26b7
010b013683
0000000000
010a86b583
01ffff36b7
010f013683
0000000000
010a86b603
01ffff46b7
0113013683
0000000000
010a86b683
01ffff56b7
0117013683
0000000000
010a86b703
01ffff66b7
011b013683
0000000000
010a86b783
01ffff76b7
011f013683
0000000000
010e86b403
01ffff86b7
0103813683
0000000000
010e86b483
01ffff96b7
0107813683
0000000000
010e86b503
01ffffa6b7
010b813683
0000000000
010e86b583
01ffffb6b7
010f813683
0000000000
010e86b603
01ffffc6b7
0113813683
0000000000
010e86b683
01ffffd6b7
0117813683
0000000000
010e86b703
01ffffe6b7
011b813683
0000000000
010e86b783
01fffff6b7
011f813683
0000000000
0102873403
01fffe0737
0102013703
0000000000
0102873483
01fffe1737
0106013703
0000000000
0102873503
01fffe2737
010a013703
0000000000
0102873583
01fffe3737
010e013703
0000000000
0102873603
01fffe4737
0112013703
0000000000
0102873683
01fffe5737
0116013703
0000000000
0102873703
01fffe6737
011a013703
0000000000
0102873783
01fffe7737
011e013703
0000000000
0106873403
01fffe8737
0102813703
0000000000
0106873483
01fffe9737
0106813703
0000000000
0106873503
01fffea737
010a813703
0000000000
0106873583
01fffeb737
010e813703
0000000000
0106873603
01fffec737
0112813703
0000000000
0106873683
01fffed737
0116813703
0000000000
0106873703
01fffee737
011a813703
0000000000
0106873783
01fffef737
011e813703
0000000000
010a873403
01ffff0737
0103013703
0000000000
010a873483
01ffff1737
0107013703
0000000000
010a873503
01ffff2737
010b013703
0000000000
010a873583
01ffff3737
010f013703
0000000000
010a873603
01ffff4737
0113013703
0000000000
010a873683
01ffff5737
0117013703
0000000000
010a873703
01ffff6737
011b013703
0000000000
010a873783
01ffff7737
011f013703
0000000000
010e873403
01ffff8737
0103813703
0000000000
010e873483
01ffff9737
0107813703
0000000000
010e873503
01ffffa737
010b813703
0000000000
010e873583
01ffffb737
010f813703
0000000000
010e873603
01ffffc737
0113813703
0000000000
010e873683
01ffffd737
0117813703
0000000000
010e873703
01ffffe737
011b813703
0000000000
010e873783
01fffff737
011f813703
0000000000
010287b403
01fffe07b7
0102013783
0000000000
010287b483
01fffe17b7
0106013783
0000000000
010287b503
01fffe27b7
010a013783
0000000000
010287b583
01fffe37b7
010e013783
0000000000
010287b603
01fffe47b7
0112013783
0000000000
010287b683
01fffe57b7
0116013783
0000000000
010287b703
01fffe67b7
011a013783
0000000000
010287b783
01fffe77b7
011e013783
0000000000
010687b403
01fffe87b7
0102813783
0000000000
010687b483
01fffe97b7
0106813783
0000000000
010687b503
01fffea7b7
010a813783
0000000000
010687b583
01fffeb7b7
010e813783
0000000000
010687b603
01fffec7b7
0112813783
0000000000
010687b683
01fffed7b7
0116813783
0000000000
010687b703
01fffee7b7
011a813783
0000000000
010687b783
01fffef7b7
011e813783
0000000000
010a87b403
01ffff07b7
0103013783
0000000000
010a87b483
01ffff17b7
0107013783
0000000000
010a87b503
01ffff27b7
010b013783
0000000000
010a87b583
01ffff37b7
010f013783
0000000000
010a87b603
01ffff47b7
0113013783
0000000000
010a87b683
01ffff57b7
0117013783
0000000000
010a87b703
01ffff67b7
011b013783
0000000000
010a87b783
01ffff77b7
011f013783
0000000000
010e87b403
01ffff87b7
0103813783
0000000000
010e87b483
01ffff97b7
0107813783
0000000000
010e87b503
01ffffa7b7
010b813783
0000000000
010e87b583
01ffffb7b7
010f813783
0000000000
010e87b603
01ffffc7b7
0113813783
0000000000
010e87b683
01ffffd7b7
0117813783
0000000000
010e87b703
01ffffe7b7
011b813783
0000000000
010e87b783
01fffff7b7
011f813783
0000000000
0103043403
01fffe0837
0102013803
0000000000
0103043483
01fffe1837
0106013803
0000000000
0103043503
01fffe2837
010a013803
0000000000
0103043583
01fffe3837
010e013803
0000000000
0103043603
01fffe4837
0112013803
0000000000
0103043683
01fffe5837
0116013803
0000000000
0103043703
01fffe6837
011a013803
0000000000
0103043783
01fffe7837
011e013803
0000000000
0107043403
01fffe8837
0102813803
0000000000
0107043483
01fffe9837
0106813803
0000000000
0107043503
01fffea837
010a813803
0000000000
0107043583
01fffeb837
010e813803
0000000000
0107043603
01fffec837
0112813803
0000000000
0107043683
01fffed837
0116813803
0000000000
0107043703
01fffee837
011a813803
0000000000
0107043783
01fffef837
011e813803
0000000000
010b043403
01ffff0837
0103013803
0000000000
010b043483
01ffff1837
0107013803
0000000000
010b043503
01ffff2837
010b013803
0000000000
010b043583
01ffff3837
010f013803
0000000000
010b043603
01ffff4837
0113013803
0000000000
010b043683
01ffff5837
0117013803
0000000000
010b043703
01ffff6837
011b013803
0000000000
010b043783
01ffff7837
011f013803
0000000000
010f043403
01ffff8837
0103813803
0000000000
010f043483
01ffff9837
0107813803
0000000000
010f043503
01ffffa837
010b813803
0000000000
010f043583
01ffffb837
010f813803
0000000000
010f043603
01ffffc837
0113813803
0000000000
010f043683
01ffffd837
0117813803
0000000000
010f043703
01ffffe837
011b813803
0000000000
010f043783
01fffff837
011f813803
0000000000
010304b403
01fffe08b7
0102013883
0000000000
010304b483
01fffe18b7
0106013883
0000000000
010304b503
01fffe28b7
010a013883
0000000000
010304b583
01fffe38b7
010e013883
0000000000
010304b603
01fffe48b7
0112013883
0000000000
010304b683
01fffe58b7
0116013883
0000000000
010304b703
01fffe68b7
011a013883
0000000000
010304b783
01fffe78b7
011e013883
0000000000
010704b403
01fffe88b7
0102813883
0000000000
010704b483
01fffe98b7
0106813883
0000000000
010704b503
01fffea8b7
010a813883
0000000000
010704b583
01fffeb8b7
010e813883
0000000000
010704b603
01fffec8b7
0112813883
0000000000
010704b683
01fffed8b7
0116813883
0000000000
010704b703
01fffee8b7
011a813883
0000000000
010704b783
01fffef8b7
011e813883
0000000000
010b04b403
01ffff08b7
0103013883
0000000000
010b04b483
01ffff18b7
0107013883
0000000000
010b04b503
01ffff28b7
010b013883
0000000000
010b04b583
01ffff38b7
010f013883
0000000000
010b04b603
01ffff48b7
0113013883
0000000000
010b04b683
01ffff58b7
0117013883
0000000000
010b04b703
01ffff68b7
011b013883
0000000000
010b04b783
01ffff78b7
011f013883
0000000000
010f04b403
01ffff88b7
0103813883
0000000000
010f04b483
01ffff98b7
0107813883
0000000000
010f04b503
01ffffa8b7
010b813883
0000000000
010f04b583
01ffffb8b7
010f813883
0000000000
010f04b603
01ffffc8b7
0113813883
0000000000
010f04b683
01ffffd8b7
0117813883
0000000000
010f04b703
01ffffe8b7
011b813883
0000000000
010f04b783
01fffff8b7
011f813883
0000000000
0103053403
01fffe0937
0102013903
0000000000
0103053483
01fffe1937
0106013903
0000000000
0103053503
01fffe2937
010a013903
0000000000
0103053583
01fffe3937
010e013903
0000000000
0103053603
01fffe4937
0112013903
0000000000
0103053683
01fffe5937
0116013903
0000000000
0103053703
01fffe6937
011a013903
0000000000
0103053783
01fffe7937
011e013903
0000000000
0107053403
01fffe8937
0102813903
0000000000
0107053483
01fffe9937
0106813903
0000000000
0107053503
01fffea937
010a813903
0000000000
0107053583
01fffeb937
010e813903
0000000000
0107053603
01fffec937
0112813903
0000000000
0107053683
01fffed937
0116813903
0000000000
0107053703
01fffee937
011a813903
0000000000
0107053783
01fffef937
011e813903
0000000000
010b053403
01ffff0937
0103013903
0000000000
010b053483
01ffff1937
0107013903
0000000000
010b053503
01ffff2937
010b013903
0000000000
010b053583
01ffff3937
010f013903
0000000000
010b053603
01ffff4937
0113013903
0000000000
010b053683
01ffff5937
0117013903
0000000000
010b053703
01ffff6937
011b013903
0000000000
010b053783
01ffff7937
011f013903
0000000000
010f053403
01ffff8937
0103813903
0000000000
010f053483
01ffff9937
0107813903
0000000000
010f053503
01ffffa937
010b813903
0000000000
010f053583
01ffffb937
010f813903
0000000000
010f053603
01ffffc937
0113813903
0000000000
010f053683
01ffffd937
0117813903
0000000000
010f053703
01ffffe937
011b813903
0000000000
010f053783
01fffff937
011f813903
0000000000
010305b403
01fffe09b7
0102013983
0000000000
010305b483
01fffe19b7
0106013983
0000000000
010305b503
01fffe29b7
010a013983
0000000000
010305b583
01fffe39b7
010e013983
0000000000
010305b603
01fffe49b7
0112013983
0000000000
010305b683
01fffe59b7
0116013983
0000000000
010305b703
01fffe69b7
011a013983
0000000000
010305b783
01fffe79b7
011e013983
0000000000
010705b403
01fffe89b7
0102813983
0000000000
010705b483
01fffe99b7
0106813983
0000000000
010705b503
01fffea9b7
010a813983
0000000000
010705b583
01fffeb9b7
010e813983
0000000000
010705b603
01fffec9b7
0112813983
0000000000
010705b683
01fffed9b7
0116813983
0000000000
010705b703
01fffee9b7
011a813983
0000000000
010705b783
01fffef9b7
011e813983
0000000000
010b05b403
01ffff09b7
0103013983
0000000000
010b05b483
01ffff19b7
0107013983
0000000000
010b05b503
01ffff29b7
010b013983
0000000000
010b05b583
01ffff39b7
010f013983
0000000000
010b05b603
01ffff49b7
0113013983
0000000000
010b05b683
01ffff59b7
0117013983
0000000000
010b05b703
01ffff69b7
011b013983
0000000000
010b05b783
01ffff79b7
011f013983
0000000000
010f05b403
01ffff89b7
0103813983
0000000000
010f05b483
01ffff99b7
0107813983
0000000000
010f05b503
01ffffa9b7
010b813983
0000000000
010f05b583
01ffffb9b7
010f813983
0000000000
010f05b603
01ffffc9b7
0113813983
0000000000
010f05b683
01ffffd9b7
0117813983
0000000000
010f05b703
01ffffe9b7
011b813983
0000000000
010f05b783
01fffff9b7
011f813983
0000000000
0103063403
01fffe0a37
0102013a03
0000000000
0103063483
01fffe1a37
0106013a03
0000000000
0103063503
01fffe2a37
010a013a03
0000000000
0103063583
01fffe3a37
010e013a03
0000000000
0103063603
01fffe4a37
0112013a03
0000000000
0103063683
01fffe5a37
0116013a03
0000000000
0103063703
01fffe6a37
011a013a03
0000000000
0103063783
01fffe7a37
011e013a03
0000000000
0107063403
01fffe8a37
0102813a03
0000000000
0107063483
01fffe9a37
0106813a03
0000000000
0107063503
01fffeaa37
010a813a03
0000000000
0107063583
01fffeba37
010e813a03
0000000000
0107063603
01fffeca37
0112813a03
0000000000
0107063683
01fffeda37
0116813a03
0000000000
0107063703
01fffeea37
011a813a03
0000000000
0107063783
01fffefa37
011e813a03
0000000000
010b063403
01ffff0a37
0103013a03
0000000000
010b063483
01ffff1a37
0107013a03
0000000000
010b063503
01ffff2a37
010b013a03
0000000000
010b063583
01ffff3a37
010f013a03
0000000000
010b063603
01ffff4a37
0113013a03
0000000000
010b063683
01ffff5a37
0117013a03
0000000000
010b063703
01ffff6a37
011b013a03
0000000000
010b063783
01ffff7a37
011f013a03
0000000000
010f063403
01ffff8a37
0103813a03
0000000000
010f063483
01ffff9a37
0107813a03
0000000000
010f063503
01ffffaa37
010b813a03
0000000000
010f063583
01ffffba37
010f813a03
0000000000
010f063603
01ffffca37
0113813a03
0000000000
010f063683
01ffffda37
0117813a03
0000000000
010f063703
01ffffea37
011b813a03
0000000000
010f063783
01fffffa37
011f813a03
0000000000
010306b403
01fffe0ab7
0102013a83
0000000000
010306b483
01fffe1ab7
0106013a83
0000000000
010306b503
01fffe2ab7
010a013a83
0000000000
010306b583
01fffe3ab7
010e013a83
0000000000
010306b603
01fffe4ab7
0112013a83
0000000000
010306b683
01fffe5ab7
0116013a83
0000000000
010306b703
01fffe6ab7
011a013a83
0000000000
010306b783
01fffe7ab7
011e013a83
0000000000
010706b403
01fffe8ab7
0102813a83
0000000000
010706b483
01fffe9ab7
0106813a83
0000000000
010706b503
01fffeaab7
010a813a83
0000000000
010706b583
01fffebab7
010e813a83
0000000000
010706b603
01fffecab7
0112813a83
0000000000
010706b683
01fffedab7
0116813a83
0000000000
010706b703
01fffeeab7
011a813a83
0000000000
010706b783
01fffefab7
011e813a83
0000000000
010b06b403
01ffff0ab7
0103013a83
0000000000
010b06b483
01ffff1ab7
0107013a83
0000000000
010b06b503
01ffff2ab7
010b013a83
0000000000
010b06b583
01ffff3ab7
010f013a83
0000000000
010b06b603
01ffff4ab7
0113013a83
0000000000
010b06b683
01ffff5ab7
0117013a83
0000000000
010b06b703
01ffff6ab7
011b013a83
0000000000
010b06b783
01ffff7ab7
011f013a83
0000000000
010f06b403
01ffff8ab7
0103813a83
0000000000
010f06b483
01ffff9ab7
0107813a83
0000000000
010f06b503
01ffffaab7
010b813a83
0000000000
010f06b583
01ffffbab7
010f813a83
0000000000
010f06b603
01ffffcab7
0113813a83
0000000000
010f06b683
01ffffdab7
0117813a83
0000000000
010f06b703
01ffffeab7
011b813a83
0000000000
010f06b783
01fffffab7
011f813a83
0000000000
0103073403
01fffe0b37
0102013b03
0000000000
0103073483
01fffe1b37
0106013b03
0000000000
0103073503
01fffe2b37
010a013b03
0000000000
0103073583
01fffe3b37
010e013b03
0000000000
0103073603
01fffe4b37
0112013b03
0000000000
0103073683
01fffe5b37
0116013b03
0000000000
0103073703
01fffe6b37
011a013b03
0000000000
0103073783
01fffe7b37
011e013b03
0000000000
0107073403
01fffe8b37
0102813b03
0000000000
0107073483
01fffe9b37
0106813b03
0000000000
0107073503
01fffeab37
010a813b03
0000000000
0107073583
01fffebb37
010e813b03
0000000000
0107073603
01fffecb37
0112813b03
0000000000
0107073683
01fffedb37
0116813b03
0000000000
0107073703
01fffeeb37
011a813b03
0000000000
0107073783
01fffefb37
011e813b03
0000000000
010b073403
01ffff0b37
0103013b03
0000000000
010b073483
01ffff1b37
0107013b03
0000000000
010b073503
01ffff2b37
010b013b03
0000000000
010b073583
01ffff3b37
010f013b03
0000000000
010b073603
01ffff4b37
0113013b03
0000000000
010b073683
01ffff5b37
0117013b03
0000000000
010b073703
01ffff6b37
011b013b03
0000000000
010b073783
01ffff7b37
011f013b03
0000000000
010f073403
01ffff8b37
0103813b03
0000000000
010f073483
01ffff9b37
0107813b03
0000000000
010f073503
01ffffab37
010b813b03
0000000000
010f073583
01ffffbb37
010f813b03
0000000000
010f073603
01ffffcb37
0113813b03
0000000000
010f073683
01ffffdb37
0117813b03
0000000000
010f073703
01ffffeb37
011b813b03
0000000000
010f073783
01fffffb37
011f813b03
0000000000
010307b403
01fffe0bb7
0102013b83
0000000000
010307b483
01fffe1bb7
0106013b83
0000000000
010307b503
01fffe2bb7
010a013b83
0000000000
010307b583
01fffe3bb7
010e013b83
0000000000
010307b603
01fffe4bb7
0112013b83
0000000000
010307b683
01fffe5bb7
0116013b83
0000000000
010307b703
01fffe6bb7
011a013b83
0000000000
010307b783
01fffe7bb7
011e013b83
0000000000
010707b403
01fffe8bb7
0102813b83
0000000000
010707b483
01fffe9bb7
0106813b83
0000000000
010707b503
01fffeabb7
010a813b83
0000000000
010707b583
01fffebbb7
010e813b83
0000000000
010707b603
01fffecbb7
0112813b83
0000000000
010707b683
01fffedbb7
0116813b83
0000000000
010707b703
01fffeebb7
011a813b83
0000000000
010707b783
01fffefbb7
011e813b83
0000000000
010b07b403
01ffff0bb7
0103013b83
0000000000
010b07b483
01ffff1bb7
0107013b83
0000000000
010b07b503
01ffff2bb7
010b013b83
0000000000
010b07b583
01ffff3bb7
010f013b83
0000000000
010b07b603
01ffff4bb7
0113013b83
0000000000
010b07b683
01ffff5bb7
0117013b83
0000000000
010b07b703
01ffff6bb7
011b013b83
0000000000
010b07b783
01ffff7bb7
011f013b83
0000000000
010f07b403
01ffff8bb7
0103813b83
0000000000
010f07b483
01ffff9bb7
0107813b83
0000000000
010f07b503
01ffffabb7
010b813b83
0000000000
010f07b583
01ffffbbb7
010f813b83
0000000000
010f07b603
01ffffcbb7
0113813b83
0000000000
010f07b683
01ffffdbb7
0117813b83
0000000000
010f07b703
01ffffebb7
011b813b83
0000000000
010f07b783
01fffffbb7
011f813b83
0000000000
0103843403
01fffe0c37
0102013c03
0000000000
0103843483
01fffe1c37
0106013c03
0000000000
0103843503
01fffe2c37
010a013c03
0000000000
0103843583
01fffe3c37
010e013c03
0000000000
0103843603
01fffe4c37
0112013c03
0000000000
0103843683
01fffe5c37
0116013c03
0000000000
0103843703
01fffe6c37
011a013c03
0000000000
0103843783
01fffe7c37
011e013c03
0000000000
0107843403
01fffe8c37
0102813c03
0000000000
0107843483
01fffe9c37
0106813c03
0000000000
0107843503
01fffeac37
010a813c03
0000000000
0107843583
01fffebc37
010e813c03
0000000000
0107843603
01fffecc37
0112813c03
0000000000
0107843683
01fffedc37
0116813c03
0000000000
0107843703
01fffeec37
011a813c03
0000000000
0107843783
01fffefc37
011e813c03
0000000000
010b843403
01ffff0c37
0103013c03
0000000000
010b843483
01ffff1c37
0107013c03
0000000000
010b843503
01ffff2c37
010b013c03
0000000000
010b843583
01ffff3c37
010f013c03
0000000000
010b843603
01ffff4c37
0113013c03
0000000000
010b843683
01ffff5c37
0117013c03
0000000000
010b843703
01ffff6c37
011b013c03
0000000000
010b843783
01ffff7c37
011f013c03
0000000000
010f843403
01ffff8c37
0103813c03
0000000000
010f843483
01ffff9c37
0107813c03
0000000000
010f843503
01ffffac37
010b813c03
0000000000
010f843583
01ffffbc37
010f813c03
0000000000
010f843603
01ffffcc37
0113813c03
0000000000
010f843683
01ffffdc37
0117813c03
0000000000
010f843703
01ffffec37
011b813c03
0000000000
010f843783
01fffffc37
011f813c03
0000000000
010384b403
01fffe0cb7
0102013c83
0000000000
010384b483
01fffe1cb7
0106013c83
0000000000
010384b503
01fffe2cb7
010a013c83
0000000000
010384b583
01fffe3cb7
010e013c83
0000000000
010384b603
01fffe4cb7
0112013c83
0000000000
010384b683
01fffe5cb7
0116013c83
0000000000
010384b703
01fffe6cb7
011a013c83
0000000000
010384b783
01fffe7cb7
011e013c83
0000000000
010784b403
01fffe8cb7
0102813c83
0000000000
010784b483
01fffe9cb7
0106813c83
0000000000
010784b503
01fffeacb7
010a813c83
0000000000
010784b583
01fffebcb7
010e813c83
0000000000
010784b603
01fffeccb7
0112813c83
0000000000
010784b683
01fffedcb7
0116813c83
0000000000
010784b703
01fffeecb7
011a813c83
0000000000
010784b783
01fffefcb7
011e813c83
0000000000
010b84b403
01ffff0cb7
0103013c83
0000000000
010b84b483
01ffff1cb7
0107013c83
0000000000
010b84b503
01ffff2cb7
010b013c83
0000000000
010b84b583
01ffff3cb7
010f013c83
0000000000
010b84b603
01ffff4cb7
0113013c83
0000000000
010b84b683
01ffff5cb7
0117013c83
0000000000
010b84b703
01ffff6cb7
011b013c83
0000000000
010b84b783
01ffff7cb7
011f013c83
0000000000
010f84b403
01ffff8cb7
0103813c83
0000000000
010f84b483
01ffff9cb7
0107813c83
0000000000
010f84b503
01ffffacb7
010b813c83
0000000000
010f84b583
01ffffbcb7
010f813c83
0000000000
010f84b603
01ffffccb7
0113813c83
0000000000
010f84b683
01ffffdcb7
0117813c83
0000000000
010f84b703
01ffffecb7
011b813c83
0000000000
010f84b783
01fffffcb7
011f813c83
0000000000
0103853403
01fffe0d37
0102013d03
0000000000
0103853483
01fffe1d37
0106013d03
0000000000
0103853503
01fffe2d37
010a013d03
0000000000
0103853583
01fffe3d37
010e013d03
0000000000
0103853603
01fffe4d37
0112013d03
0000000000
0103853683
01fffe5d37
0116013d03
0000000000
0103853703
01fffe6d37
011a013d03
0000000000
0103853783
01fffe7d37
011e013d03
0000000000
0107853403
01fffe8d37
0102813d03
0000000000
0107853483
01fffe9d37
0106813d03
0000000000
0107853503
01fffead37
010a813d03
0000000000
0107853583
01fffebd37
010e813d03
0000000000
0107853603
01fffecd37
0112813d03
0000000000
0107853683
01fffedd37
0116813d03
0000000000
0107853703
01fffeed37
011a813d03
0000000000
0107853783
01fffefd37
011e813d03
0000000000
010b853403
01ffff0d37
0103013d03
0000000000
010b853483
01ffff1d37
0107013d03
0000000000
010b853503
01ffff2d37
010b013d03
0000000000
010b853583
01ffff3d37
010f013d03
0000000000
010b853603
01ffff4d37
0113013d03
0000000000
010b853683
01ffff5d37
0117013d03
0000000000
010b853703
01ffff6d37
011b013d03
0000000000
010b853783
01ffff7d37
011f013d03
0000000000
010f853403
01ffff8d37
0103813d03
0000000000
010f853483
01ffff9d37
0107813d03
0000000000
010f853503
01ffffad37
010b813d03
0000000000
010f853583
01ffffbd37
010f813d03
0000000000
010f853603
01ffffcd37
0113813d03
0000000000
010f853683
01ffffdd37
0117813d03
0000000000
010f853703
01ffffed37
011b813d03
0000000000
010f853783
01fffffd37
011f813d03
0000000000
010385b403
01fffe0db7
0102013d83
0000000000
010385b483
01fffe1db7
0106013d83
0000000000
010385b503
01fffe2db7
010a013d83
0000000000
010385b583
01fffe3db7
010e013d83
0000000000
010385b603
01fffe4db7
0112013d83
0000000000
010385b683
01fffe5db7
0116013d83
0000000000
010385b703
01fffe6db7
011a013d83
0000000000
010385b783
01fffe7db7
011e013d83
0000000000
010785b403
01fffe8db7
0102813d83
0000000000
010785b483
01fffe9db7
0106813d83
0000000000
010785b503
01fffeadb7
010a813d83
0000000000
010785b583
01fffebdb7
010e813d83
0000000000
010785b603
01fffecdb7
0112813d83
0000000000
010785b683
01fffeddb7
0116813d83
0000000000
010785b703
01fffeedb7
011a813d83
0000000000
010785b783
01fffefdb7
011e813d83
0000000000
010b85b403
01ffff0db7
0103013d83
0000000000
010b85b483
01ffff1db7
0107013d83
0000000000
010b85b503
01ffff2db7
010b013d83
0000000000
010b85b583
01ffff3db7
010f013d83
0000000000
010b85b603
01ffff4db7
0113013d83
0000000000
010b85b683
01ffff5db7
0117013d83
0000000000
010b85b703
01ffff6db7
011b013d83
0000000000
010b85b783
01ffff7db7
011f013d83
0000000000
010f85b403
01ffff8db7
0103813d83
0000000000
010f85b483
01ffff9db7
0107813d83
0000000000
010f85b503
01ffffadb7
010b813d83
0000000000
010f85b583
01ffffbdb7
010f813d83
0000000000
010f85b603
01ffffcdb7
0113813d83
0000000000
010f85b683
01ffffddb7
0117813d83
0000000000
010f85b703
01ffffedb7
011b813d83
0000000000
010f85b783
01fffffdb7
011f813d83
0000000000
0103863403
01fffe0e37
0102013e03
0000000000
0103863483
01fffe1e37
0106013e03
0000000000
0103863503
01fffe2e37
010a013e03
0000000000
0103863583
01fffe3e37
010e013e03
0000000000
0103863603
01fffe4e37
0112013e03
0000000000
0103863683
01fffe5e37
0116013e03
0000000000
0103863703
01fffe6e37
011a013e03
0000000000
0103863783
01fffe7e37
011e013e03
0000000000
0107863403
01fffe8e37
0102813e03
0000000000
0107863483
01fffe9e37
0106813e03
0000000000
0107863503
01fffeae37
010a813e03
0000000000
0107863583
01fffebe37
010e813e03
0000000000
0107863603
01fffece37
0112813e03
0000000000
0107863683
01fffede37
0116813e03
0000000000
0107863703
01fffeee37
011a813e03
0000000000
0107863783
01fffefe37
011e813e03
0000000000
010b863403
01ffff0e37
0103013e03
0000000000
010b863483
01ffff1e37
0107013e03
0000000000
010b863503
01ffff2e37
010b013e03
0000000000
010b863583
01ffff3e37
010f013e03
0000000000
010b863603
01ffff4e37
0113013e03
0000000000
010b863683
01ffff5e37
0117013e03
0000000000
010b863703
01ffff6e37
011b013e03
0000000000
010b863783
01ffff7e37
011f013e03
0000000000
010f863403
01ffff8e37
0103813e03
0000000000
010f863483
01ffff9e37
0107813e03
0000000000
010f863503
01ffffae37
010b813e03
0000000000
010f863583
01ffffbe37
010f813e03
0000000000
010f863603
01ffffce37
0113813e03
0000000000
010f863683
01ffffde37
0117813e03
0000000000
010f863703
01ffffee37
011b813e03
0000000000
010f863783
01fffffe37
011f813e03
0000000000
010386b403
01fffe0eb7
0102013e83
0000000000
010386b483
01fffe1eb7
0106013e83
0000000000
010386b503
01fffe2eb7
010a013e83
0000000000
010386b583
01fffe3eb7
010e013e83
0000000000
010386b603
01fffe4eb7
0112013e83
0000000000
010386b683
01fffe5eb7
0116013e83
0000000000
010386b703
01fffe6eb7
011a013e83
0000000000
010386b783
01fffe7eb7
011e013e83
0000000000
010786b403
01fffe8eb7
0102813e83
0000000000
010786b483
01fffe9eb7
0106813e83
0000000000
010786b503
01fffeaeb7
010a813e83
0000000000
010786b583
01fffebeb7
010e813e83
0000000000
010786b603
01fffeceb7
0112813e83
0000000000
010786b683
01fffedeb7
0116813e83
0000000000
010786b703
01fffeeeb7
011a813e83
0000000000
010786b783
01fffefeb7
011e813e83
0000000000
010b86b403
01ffff0eb7
0103013e83
0000000000
010b86b483
01ffff1eb7
0107013e83
0000000000
010b86b503
01ffff2eb7
010b013e83
0000000000
010b86b583
01ffff3eb7
010f013e83
0000000000
010b86b603
01ffff4eb7
0113013e83
0000000000
010b86b683
01ffff5eb7
0117013e83
0000000000
010b86b703
01ffff6eb7
011b013e83
0000000000
010b86b783
01ffff7eb7
011f013e83
0000000000
010f86b403
01ffff8eb7
0103813e83
0000000000
010f86b483
01ffff9eb7
0107813e83
0000000000
010f86b503
01ffffaeb7
010b813e83
0000000000
010f86b583
01ffffbeb7
010f813e83
0000000000
010f86b603
01ffffceb7
0113813e83
0000000000
010f86b683
01ffffdeb7
0117813e83
0000000000
010f86b703
01ffffeeb7
011b813e83
0000000000
010f86b783
01fffffeb7
011f813e83
0000000000
0103873403
01fffe0f37
0102013f03
0000000000
0103873483
01fffe1f37
0106013f03
0000000000
0103873503
01fffe2f37
010a013f03
0000000000
0103873583
01fffe3f37
010e013f03
0000000000
0103873603
01fffe4f37
0112013f03
0000000000
0103873683
01fffe5f37
0116013f03
0000000000
0103873703
01fffe6f37
011a013f03
0000000000
0103873783
01fffe7f37
011e013f03
0000000000
0107873403
01fffe8f37
0102813f03
0000000000
0107873483
01fffe9f37
0106813f03
0000000000
0107873503
01fffeaf37
010a813f03
0000000000
0107873583
01fffebf37
010e813f03
0000000000
0107873603
01fffecf37
0112813f03
0000000000
0107873683
01fffedf37
0116813f03
0000000000
0107873703
01fffeef37
011a813f03
0000000000
0107873783
01fffeff37
011e813f03
0000000000
010b873403
01ffff0f37
0103013f03
0000000000
010b873483
01ffff1f37
0107013f03
0000000000
010b873503
01ffff2f37
010b013f03
0000000000
010b873583
01ffff3f37
010f013f03
0000000000
010b873603
01ffff4f37
0113013f03
0000000000
010b873683
01ffff5f37
0117013f03
0000000000
010b873703
01ffff6f37
011b013f03
0000000000
010b873783
01ffff7f37
011f013f03
0000000000
010f873403
01ffff8f37
0103813f03
0000000000
010f873483
01ffff9f37
0107813f03
0000000000
010f873503
01ffffaf37
010b813f03
0000000000
010f873583
01ffffbf37
010f813f03
0000000000
010f873603
01ffffcf37
0113813f03
0000000000
010f873683
01ffffdf37
0117813f03
0000000000
010f873703
01ffffef37
011b813f03
0000000000
010f873783
01ffffff37
011f813f03
0000000000
010387b403
01fffe0fb7
0102013f83
0000000000
010387b483
01fffe1fb7
0106013f83
0000000000
010387b503
01fffe2fb7
010a013f83
0000000000
010387b583
01fffe3fb7
010e013f83
0000000000
010387b603
01fffe4fb7
0112013f83
0000000000
010387b683
01fffe5fb7
0116013f83
0000000000
010387b703
01fffe6fb7
011a013f83
0000000000
010387b783
01fffe7fb7
011e013f83
0000000000
010787b403
01fffe8fb7
0102813f83
0000000000
010787b483
01fffe9fb7
0106813f83
0000000000
010787b503
01fffeafb7
010a813f83
0000000000
010787b583
01fffebfb7
010e813f83
0000000000
010787b603
01fffecfb7
0112813f83
0000000000
010787b683
01fffedfb7
0116813f83
0000000000
010787b703
01fffeefb7
011a813f83
0000000000
010787b783
01fffeffb7
011e813f83
0000000000
010b87b403
01ffff0fb7
0103013f83
0000000000
010b87b483
01ffff1fb7
0107013f83
0000000000
010b87b503
01ffff2fb7
010b013f83
0000000000
010b87b583
01ffff3fb7
010f013f83
0000000000
010b87b603
01ffff4fb7
0113013f83
0000000000
010b87b683
01ffff5fb7
0117013f83
0000000000
010b87b703
01ffff6fb7
011b013f83
0000000000
010b87b783
01ffff7fb7
011f013f83
0000000000
010f87b403
01ffff8fb7
0103813f83
0000000000
010f87b483
01ffff9fb7
0107813f83
0000000000
010f87b503
01ffffafb7
010b813f83
0000000000
010f87b583
01ffffbfb7
010f813f83
0000000000
010f87b603
01ffffcfb7
0113813f83
0000000000
010f87b683
01ffffdfb7
0117813f83
0000000000
010f87b703
01ffffefb7
011b813f83
0000000000
010f87b783
01ffffffb7
011f813f83
0000000000
0100044403
0400045413
0200008002
0000000000
0100044483
0100145413
0700100033
0000000000
0100044503
0100245413
0700200033
0000000000
0100044583
0100345413
0700300033
0000000000
0100044603
0100445413
0700400033
0000000000
0100044683
0100545413
0700500033
0000000000
0100044703
0100645413
0700600033
0000000000
0100044783
0100745413
0700700033
0000000000
0100244403
0100845413
0700800033
0000000000
0100244483
0100945413
0700900033
0000000000
0100244503
0100a45413
0700a00033
0000000000
0100244583
0100b45413
0700b00033
0000000000
0100244603
0100c45413
0700c00033
0000000000
0100244683
0100d45413
0700d00033
0000000000
0100244703
0100e45413
0700e00033
0000000000
0100244783
0100f45413
0700f00033
0000000000
0100144403
0101045413
0701000033
0000000000
0100144483
0101145413
0701100033
0000000000
0100144503
0101245413
0701200033
0000000000
0100144583
0101345413
0701300033
0000000000
0100144603
0101445413
0701400033
0000000000
0100144683
0101545413
0701500033
0000000000
0100144703
0101645413
0701600033
0000000000
0100144783
0101745413
0701700033
0000000000
0100344403
0101845413
0701800033
0000000000
0100344483
0101945413
0701900033
0000000000
0100344503
0101a45413
0701a00033
0000000000
0100344583
0101b45413
0701b00033
0000000000
0100344603
0101c45413
0701c00033
0000000000
0100344683
0101d45413
0701d00033
0000000000
0100344703
0101e45413
0701e00033
0000000000
0100344783
0101f45413
0701f00033
0000000000
010004c403
040004d493
0100008067
0000000000
010004c483
010014d493
07001000b3
0000000000
010004c503
010024d493
07002000b3
0000000000
010004c583
010034d493
07003000b3
0000000000
010004c603
010044d493
07004000b3
0000000000
010004c683
010054d493
07005000b3
0000000000
010004c703
010064d493
07006000b3
0000000000
010004c783
010074d493
07007000b3
0000000000
010024c403
010084d493
07008000b3
0000000000
010024c483
010094d493
07009000b3
0000000000
010024c503
0100a4d493
0700a000b3
0000000000
010024c583
0100b4d493
0700b000b3
0000000000
010024c603
0100c4d493
0700c000b3
0000000000
010024c683
0100d4d493
0700d000b3
0000000000
010024c703
0100e4d493
0700e000b3
0000000000
010024c783
0100f4d493
0700f000b3
0000000000
010014c403
010104d493
07010000b3
0000000000
010014c483
010114d493
07011000b3
0000000000
010014c503
010124d493
07012000b3
0000000000
010014c583
010134d493
07013000b3
0000000000
010014c603
010144d493
07014000b3
0000000000
010014c683
010154d493
07015000b3
0000000000
010014c703
010164d493
07016000b3
0000000000
010014c783
010174d493
07017000b3
0000000000
010034c403
010184d493
07018000b3
0000000000
010034c483
010194d493
07019000b3
0000000000
010034c503
0101a4d493
0701a000b3
0000000000
010034c583
0101b4d493
0701b000b3
0000000000
010034c603
0101c4d493
0701c000b3
0000000000
010034c683
0101d4d493
0701d000b3
0000000000
010034c703
0101e4d493
0701e000b3
0000000000
010034c783
0101f4d493
0701f000b3
0000000000
0100054403
0400055513
0100010067
0000000000
0100054483
0100155513
0700100133
0000000000
0100054503
0100255513
0700200133
0000000000
0100054583
0100355513
0700300133
0000000000
0100054603
0100455513
0700400133
0000000000
0100054683
0100555513
0700500133
0000000000
0100054703
0100655513
0700600133
0000000000
0100054783
0100755513
0700700133
0000000000
0100254403
0100855513
0700800133
0000000000
0100254483
0100955513
0700900133
0000000000
0100254503
0100a55513
0700a00133
0000000000
0100254583
0100b55513
0700b00133
0000000000
0100254603
0100c55513
0700c00133
0000000000
0100254683
0100d55513
0700d00133
0000000000
0100254703
0100e55513
0700e00133
0000000000
0100254783
0100f55513
0700f00133
0000000000
0100154403
0101055513
0701000133
0000000000
0100154483
0101155513
0701100133
0000000000
0100154503
0101255513
0701200133
0000000000
0100154583
0101355513
0701300133
0000000000
0100154603
0101455513
0701400133
0000000000
0100154683
0101555513
0701500133
0000000000
0100154703
0101655513
0701600133
0000000000
0100154783
0101755513
0701700133
0000000000
0100354403
0101855513
0701800133
0000000000
0100354483
0101955513
0701900133
0000000000
0100354503
0101a55513
0701a00133
0000000000
0100354583
0101b55513
0701b00133
0000000000
0100354603
0101c55513
0701c00133
0000000000
0100354683
0101d55513
0701d00133
0000000000
0100354703
0101e55513
0701e00133
0000000000
0100354783
0101f55513
0701f00133
0000000000
010005c403
040005d593
0100018067
0000000000
010005c483
010015d593
07001001b3
0000000000
010005c503
010025d593
07002001b3
0000000000
010005c583
010035d593
07003001b3
0000000000
010005c603
010045d593
07004001b3
0000000000
010005c683
010055d593
07005001b3
0000000000
010005c703
010065d593
07006001b3
0000000000
010005c783
010075d593
07007001b3
0000000000
010025c403
010085d593
07008001b3
0000000000
010025c483
010095d593
07009001b3
0000000000
010025c503
0100a5d593
0700a001b3
0000000000
010025c583
0100b5d593
0700b001b3
0000000000
010025c603
0100c5d593
0700c001b3
0000000000
010025c683
0100d5d593
0700d001b3
0000000000
010025c703
0100e5d593
0700e001b3
0000000000
010025c783
0100f5d593
0700f001b3
0000000000
010015c403
010105d593
07010001b3
0000000000
010015c483
010115d593
07011001b3
0000000000
010015c503
010125d593
07012001b3
0000000000
010015c583
010135d593
07013001b3
0000000000
010015c603
010145d593
07014001b3
0000000000
010015c683
010155d593
07015001b3
0000000000
010015c703
010165d593
07016001b3
0000000000
010015c783
010175d593
07017001b3
0000000000
010035c403
010185d593
07018001b3
0000000000
010035c483
010195d593
07019001b3
0000000000
010035c503
0101a5d593
0701a001b3
0000000000
010035c583
0101b5d593
0701b001b3
0000000000
010035c603
0101c5d593
0701c001b3
0000000000
010035c683
0101d5d593
0701d001b3
0000000000
010035c703
0101e5d593
0701e001b3
0000000000
010035c783
0101f5d593
0701f001b3
0000000000
0100064403
0400065613
0100020067
0000000000
0100064483
0100165613
0700100233
0000000000
0100064503
0100265613
0700200233
0000000000
0100064583
0100365613
0700300233
0000000000
0100064603
0100465613
0700400233
0000000000
0100064683
0100565613
0700500233
0000000000
0100064703
0100665613
0700600233
0000000000
0100064783
0100765613
0700700233
0000000000
0100264403
0100865613
0700800233
0000000000
0100264483
0100965613
0700900233
0000000000
0100264503
0100a65613
0700a00233
0000000000
0100264583
0100b65613
0700b00233
0000000000
0100264603
0100c65613
0700c00233
0000000000
0100264683
0100d65613
0700d00233
0000000000
0100264703
0100e65613
0700e00233
0000000000
0100264783
0100f65613
0700f00233
0000000000
0100164403
0101065613
0701000233
0000000000
0100164483
0101165613
0701100233
0000000000
0100164503
0101265613
0701200233
0000000000
0100164583
0101365613
0701300233
0000000000
0100164603
0101465613
0701400233
0000000000
0100164683
0101565613
0701500233
0000000000
0100164703
0101665613
0701600233
0000000000
0100164783
0101765613
0701700233
0000000000
0100364403
0101865613
0701800233
0000000000
0100364483
0101965613
0701900233
0000000000
0100364503
0101a65613
0701a00233
0000000000
0100364583
0101b65613
0701b00233
0000000000
0100364603
0101c65613
0701c00233
0000000000
0100364683
0101d65613
0701d00233
0000000000
0100364703
0101e65613
0701e00233
0000000000
0100364783
0101f65613
0701f00233
0000000000
010006c403
040006d693
0100028067
0000000000
010006c483
010016d693
07001002b3
0000000000
010006c503
010026d693
07002002b3
0000000000
010006c583
010036d693
07003002b3
0000000000
010006c603
010046d693
07004002b3
0000000000
010006c683
010056d693
07005002b3
0000000000
010006c703
010066d693
07006002b3
0000000000
010006c783
010076d693
07007002b3
0000000000
010026c403
010086d693
07008002b3
0000000000
010026c483
010096d693
07009002b3
0000000000
010026c503
0100a6d693
0700a002b3
0000000000
010026c583
0100b6d693
0700b002b3
0000000000
010026c603
0100c6d693
0700c002b3
0000000000
010026c683
0100d6d693
0700d002b3
0000000000
010026c703
0100e6d693
0700e002b3
0000000000
010026c783
0100f6d693
0700f002b3
0000000000
010016c403
010106d693
07010002b3
0000000000
010016c483
010116d693
07011002b3
0000000000
010016c503
010126d693
07012002b3
0000000000
010016c583
010136d693
07013002b3
0000000000
010016c603
010146d693
07014002b3
0000000000
010016c683
010156d693
07015002b3
0000000000
010016c703
010166d693
07016002b3
0000000000
010016c783
010176d693
07017002b3
0000000000
010036c403
010186d693
07018002b3
0000000000
010036c483
010196d693
07019002b3
0000000000
010036c503
0101a6d693
0701a002b3
0000000000
010036c583
0101b6d693
0701b002b3
0000000000
010036c603
0101c6d693
0701c002b3
0000000000
010036c683
0101d6d693
0701d002b3
0000000000
010036c703
0101e6d693
0701e002b3
0000000000
010036c783
0101f6d693
0701f002b3
0000000000
0100074403
0400075713
0100030067
0000000000
0100074483
0100175713
0700100333
0000000000
0100074503
0100275713
0700200333
0000000000
0100074583
0100375713
0700300333
0000000000
0100074603
0100475713
0700400333
0000000000
0100074683
0100575713
0700500333
0000000000
0100074703
0100675713
0700600333
0000000000
0100074783
0100775713
0700700333
0000000000
0100274403
0100875713
0700800333
0000000000
0100274483
0100975713
0700900333
0000000000
0100274503
0100a75713
0700a00333
0000000000
0100274583
0100b75713
0700b00333
0000000000
0100274603
0100c75713
0700c00333
0000000000
0100274683
0100d75713
0700d00333
0000000000
0100274703
0100e75713
0700e00333
0000000000
0100274783
0100f75713
0700f00333
0000000000
0100174403
0101075713
0701000333
0000000000
0100174483
0101175713
0701100333
0000000000
0100174503
0101275713
0701200333
0000000000
0100174583
0101375713
0701300333
0000000000
0100174603
0101475713
0701400333
0000000000
0100174683
0101575713
0701500333
0000000000
0100174703
0101675713
0701600333
0000000000
0100174783
0101775713
0701700333
0000000000
0100374403
0101875713
0701800333
0000000000
0100374483
0101975713
0701900333
0000000000
0100374503
0101a75713
0701a00333
0000000000
0100374583
0101b75713
0701b00333
0000000000
0100374603
0101c75713
0701c00333
0000000000
0100374683
0101d75713
0701d00333
0000000000
0100374703
0101e75713
0701e00333
0000000000
0100374783
0101f75713
0701f00333
0000000000
010007c403
040007d793
0100038067
0000000000
010007c483
010017d793
07001003b3
0000000000
010007c503
010027d793
07002003b3
0000000000
010007c583
010037d793
07003003b3
0000000000
010007c603
010047d793
07004003b3
0000000000
010007c683
010057d793
07005003b3
0000000000
010007c703
010067d793
07006003b3
0000000000
010007c783
010077d793
07007003b3
0000000000
010027c403
010087d793
07008003b3
0000000000
010027c483
010097d793
07009003b3
0000000000
010027c503
0100a7d793
0700a003b3
0000000000
010027c583
0100b7d793
0700b003b3
0000000000
010027c603
0100c7d793
0700c003b3
0000000000
010027c683
0100d7d793
0700d003b3
0000000000
010027c703
0100e7d793
0700e003b3
0000000000
010027c783
0100f7d793
0700f003b3
0000000000
010017c403
010107d793
07010003b3
0000000000
010017c483
010117d793
07011003b3
0000000000
010017c503
010127d793
07012003b3
0000000000
010017c583
010137d793
07013003b3
0000000000
010017c603
010147d793
07014003b3
0000000000
010017c683
010157d793
07015003b3
0000000000
010017c703
010167d793
07016003b3
0000000000
010017c783
010177d793
07017003b3
0000000000
010037c403
010187d793
07018003b3
0000000000
010037c483
010197d793
07019003b3
0000000000
010037c503
0101a7d793
0701a003b3
0000000000
010037c583
0101b7d793
0701b003b3
0000000000
010037c603
0101c7d793
0701c003b3
0000000000
010037c683
0101d7d793
0701d003b3
0000000000
010037c703
0101e7d793
0701e003b3
0000000000
010037c783
0101f7d793
0701f003b3
0000000000
0100045403
0440045413
0100040067
0000000000
0100045483
0140145413
0700100433
0000000000
0100045503
0140245413
0700200433
0000000000
0100045583
0140345413
0700300433
0000000000
0100045603
0140445413
0700400433
0000000000
0100045683
0140545413
0700500433
0000000000
0100045703
0140645413
0700600433
0000000000
0100045783
0140745413
0700700433
0000000000
0100245403
0140845413
0700800433
0000000000
0100245483
0140945413
0700900433
0000000000
0100245503
0140a45413
0700a00433
0000000000
0100245583
0140b45413
0700b00433
0000000000
0100245603
0140c45413
0700c00433
0000000000
0100245683
0140d45413
0700d00433
0000000000
0100245703
0140e45413
0700e00433
0000000000
0100245783
0140f45413
0700f00433
0000000000
0100041403
0141045413
0701000433
0000000000
0100041483
0141145413
0701100433
0000000000
0100041503
0141245413
0701200433
0000000000
0100041583
0141345413
0701300433
0000000000
0100041603
0141445413
0701400433
0000000000
0100041683
0141545413
0701500433
0000000000
0100041703
0141645413
0701600433
0000000000
0100041783
0141745413
0701700433
0000000000
0100241403
0141845413
0701800433
0000000000
0100241483
0141945413
0701900433
0000000000
0100241503
0141a45413
0701a00433
0000000000
0100241583
0141b45413
0701b00433
0000000000
0100241603
0141c45413
0701c00433
0000000000
0100241683
0141d45413
0701d00433
0000000000
0100241703
0141e45413
0701e00433
0000000000
0100241783
0141f45413
0701f00433
0000000000
010004d403
044004d493
0100048067
0000000000
010004d483
014014d493
07001004b3
0000000000
010004d503
014024d493
07002004b3
0000000000
010004d583
014034d493
07003004b3
0000000000
010004d603
014044d493
07004004b3
0000000000
010004d683
014054d493
07005004b3
0000000000
010004d703
014064d493
07006004b3
0000000000
010004d783
014074d493
07007004b3
0000000000
010024d403
014084d493
07008004b3
0000000000
010024d483
014094d493
07009004b3
0000000000
010024d503
0140a4d493
0700a004b3
0000000000
010024d583
0140b4d493
0700b004b3
0000000000
010024d603
0140c4d493
0700c004b3
0000000000
010024d683
0140d4d493
0700d004b3
0000000000
010024d703
0140e4d493
0700e004b3
0000000000
010024d783
0140f4d493
0700f004b3
0000000000
0100049403
014104d493
07010004b3
0000000000
0100049483
014114d493
07011004b3
0000000000
0100049503
014124d493
07012004b3
0000000000
0100049583
014134d493
07013004b3
0000000000
0100049603
014144d493
07014004b3
0000000000
0100049683
014154d493
07015004b3
0000000000
0100049703
014164d493
07016004b3
0000000000
0100049783
014174d493
07017004b3
0000000000
0100249403
014184d493
07018004b3
0000000000
0100249483
014194d493
07019004b3
0000000000
0100249503
0141a4d493
0701a004b3
0000000000
0100249583
0141b4d493
0701b004b3
0000000000
0100249603
0141c4d493
0701c004b3
0000000000
0100249683
0141d4d493
0701d004b3
0000000000
0100249703
0141e4d493
0701e004b3
0000000000
0100249783
0141f4d493
0701f004b3
0000000000
0100055403
0440055513
0100050067
0000000000
0100055483
0140155513
0700100533
0000000000
0100055503
0140255513
0700200533
0000000000
0100055583
0140355513
0700300533
0000000000
0100055603
0140455513
0700400533
0000000000
0100055683
0140555513
0700500533
0000000000
0100055703
0140655513
0700600533
0000000000
0100055783
0140755513
0700700533
0000000000
0100255403
0140855513
0700800533
0000000000
0100255483
0140955513
0700900533
0000000000
0100255503
0140a55513
0700a00533
0000000000
0100255583
0140b55513
0700b00533
0000000000
0100255603
0140c55513
0700c00533
0000000000
0100255683
0140d55513
0700d00533
0000000000
0100255703
0140e55513
0700e00533
0000000000
0100255783
0140f55513
0700f00533
0000000000
0100051403
0141055513
0701000533
0000000000
0100051483
0141155513
0701100533
0000000000
0100051503
0141255513
0701200533
0000000000
0100051583
0141355513
0701300533
0000000000
0100051603
0141455513
0701400533
0000000000
0100051683
0141555513
0701500533
0000000000
0100051703
0141655513
0701600533
0000000000
0100051783
0141755513
0701700533
0000000000
0100251403
0141855513
0701800533
0000000000
0100251483
0141955513
0701900533
0000000000
0100251503
0141a55513
0701a00533
0000000000
0100251583
0141b55513
0701b00533
0000000000
0100251603
0141c55513
0701c00533
0000000000
0100251683
0141d55513
0701d00533
0000000000
0100251703
0141e55513
0701e00533
0000000000
0100251783
0141f55513
0701f00533
0000000000
010005d403
044005d593
0100058067
0000000000
010005d483
014015d593
07001005b3
0000000000
010005d503
014025d593
07002005b3
0000000000
010005d583
014035d593
07003005b3
0000000000
010005d603
014045d593
07004005b3
0000000000
010005d683
014055d593
07005005b3
0000000000
010005d703
014065d593
07006005b3
0000000000
010005d783
014075d593
07007005b3
0000000000
010025d403
014085d593
07008005b3
0000000000
010025d483
014095d593
07009005b3
0000000000
010025d503
0140a5d593
0700a005b3
0000000000
010025d583
0140b5d593
0700b005b3
0000000000
010025d603
0140c5d593
0700c005b3
0000000000
010025d683
0140d5d593
0700d005b3
0000000000
010025d703
0140e5d593
0700e005b3
0000000000
010025d783
0140f5d593
0700f005b3
0000000000
0100059403
014105d593
07010005b3
0000000000
0100059483
014115d593
07011005b3
0000000000
0100059503
014125d593
07012005b3
0000000000
0100059583
014135d593
07013005b3
0000000000
0100059603
014145d593
07014005b3
0000000000
0100059683
014155d593
07015005b3
0000000000
0100059703
014165d593
07016005b3
0000000000
0100059783
014175d593
07017005b3
0000000000
0100259403
014185d593
07018005b3
0000000000
0100259483
014195d593
07019005b3
0000000000
0100259503
0141a5d593
0701a005b3
0000000000
0100259583
0141b5d593
0701b005b3
0000000000
0100259603
0141c5d593
0701c005b3
0000000000
0100259683
0141d5d593
0701d005b3
0000000000
0100259703
0141e5d593
0701e005b3
0000000000
0100259783
0141f5d593
0701f005b3
0000000000
0100065403
0440065613
0100060067
0000000000
0100065483
0140165613
0700100633
0000000000
0100065503
0140265613
0700200633
0000000000
0100065583
0140365613
0700300633
0000000000
0100065603
0140465613
0700400633
0000000000
0100065683
0140565613
0700500633
0000000000
0100065703
0140665613
0700600633
0000000000
0100065783
0140765613
0700700633
0000000000
0100265403
0140865613
0700800633
0000000000
0100265483
0140965613
0700900633
0000000000
0100265503
0140a65613
0700a00633
0000000000
0100265583
0140b65613
0700b00633
0000000000
0100265603
0140c65613
0700c00633
0000000000
0100265683
0140d65613
0700d00633
0000000000
0100265703
0140e65613
0700e00633
0000000000
0100265783
0140f65613
0700f00633
0000000000
0100061403
0141065613
0701000633
0000000000
0100061483
0141165613
0701100633
0000000000
0100061503
0141265613
0701200633
0000000000
0100061583
0141365613
0701300633
0000000000
0100061603
0141465613
0701400633
0000000000
0100061683
0141565613
0701500633
0000000000
0100061703
0141665613
0701600633
0000000000
0100061783
0141765613
0701700633
0000000000
0100261403
0141865613
0701800633
0000000000
0100261483
0141965613
0701900633
0000000000
0100261503
0141a65613
0701a00633
0000000000
0100261583
0141b65613
0701b00633
0000000000
0100261603
0141c65613
0701c00633
0000000000
0100261683
0141d65613
0701d00633
0000000000
0100261703
0141e65613
0701e00633
0000000000
0100261783
0141f65613
0701f00633
0000000000
010006d403
044006d693
0100068067
0000000000
010006d483
014016d693
07001006b3
0000000000
010006d503
014026d693
07002006b3
0000000000
010006d583
014036d693
07003006b3
0000000000
010006d603
014046d693
07004006b3
0000000000
010006d683
014056d693
07005006b3
0000000000
010006d703
014066d693
07006006b3
0000000000
010006d783
014076d693
07007006b3
0000000000
010026d403
014086d693
07008006b3
0000000000
010026d483
014096d693
07009006b3
0000000000
010026d503
0140a6d693
0700a006b3
0000000000
010026d583
0140b6d693
0700b006b3
0000000000
010026d603
0140c6d693
0700c006b3
0000000000
010026d683
0140d6d693
0700d006b3
0000000000
010026d703
0140e6d693
0700e006b3
0000000000
010026d783
0140f6d693
0700f006b3
0000000000
0100069403
014106d693
07010006b3
0000000000
0100069483
014116d693
07011006b3
0000000000
0100069503
014126d693
07012006b3
0000000000
0100069583
014136d693
07013006b3
0000000000
0100069603
014146d693
07014006b3
0000000000
0100069683
014156d693
07015006b3
0000000000
0100069703
014166d693
07016006b3
0000000000
0100069783
014176d693
07017006b3
0000000000
0100269403
014186d693
07018006b3
0000000000
0100269483
014196d693
07019006b3
0000000000
0100269503
0141a6d693
0701a006b3
0000000000
0100269583
0141b6d693
0701b006b3
0000000000
0100269603
0141c6d693
0701c006b3
0000000000
0100269683
0141d6d693
0701d006b3
0000000000
0100269703
0141e6d693
0701e006b3
0000000000
0100269783
0141f6d693
0701f006b3
0000000000
0100075403
0440075713
0100070067
0000000000
0100075483
0140175713
0700100733
0000000000
0100075503
0140275713
0700200733
0000000000
0100075583
0140375713
0700300733
0000000000
0100075603
0140475713
0700400733
0000000000
0100075683
0140575713
0700500733
0000000000
0100075703
0140675713
0700600733
0000000000
0100075783
0140775713
0700700733
0000000000
0100275403
0140875713
0700800733
0000000000
0100275483
0140975713
0700900733
0000000000
0100275503
0140a75713
0700a00733
0000000000
0100275583
0140b75713
0700b00733
0000000000
0100275603
0140c75713
0700c00733
0000000000
0100275683
0140d75713
0700d00733
0000000000
0100275703
0140e75713
0700e00733
0000000000
0100275783
0140f75713
0700f00733
0000000000
0100071403
0141075713
0701000733
0000000000
0100071483
0141175713
0701100733
0000000000
0100071503
0141275713
0701200733
0000000000
0100071583
0141375713
0701300733
0000000000
0100071603
0141475713
0701400733
0000000000
0100071683
0141575713
0701500733
0000000000
0100071703
0141675713
0701600733
0000000000
0100071783
0141775713
0701700733
0000000000
0100271403
0141875713
0701800733
0000000000
0100271483
0141975713
0701900733
0000000000
0100271503
0141a75713
0701a00733
0000000000
0100271583
0141b75713
0701b00733
0000000000
0100271603
0141c75713
0701c00733
0000000000
0100271683
0141d75713
0701d00733
0000000000
0100271703
0141e75713
0701e00733
0000000000
0100271783
0141f75713
0701f00733
0000000000
010007d403
044007d793
0100078067
0000000000
010007d483
014017d793
07001007b3
0000000000
010007d503
014027d793
07002007b3
0000000000
010007d583
014037d793
07003007b3
0000000000
010007d603
014047d793
07004007b3
0000000000
010007d683
014057d793
07005007b3
0000000000
010007d703
014067d793
07006007b3
0000000000
010007d783
014077d793
07007007b3
0000000000
010027d403
014087d793
07008007b3
0000000000
010027d483
014097d793
07009007b3
0000000000
010027d503
0140a7d793
0700a007b3
0000000000
010027d583
0140b7d793
0700b007b3
0000000000
010027d603
0140c7d793
0700c007b3
0000000000
010027d683
0140d7d793
0700d007b3
0000000000
010027d703
0140e7d793
0700e007b3
0000000000
010027d783
0140f7d793
0700f007b3
0000000000
0100079403
014107d793
07010007b3
0000000000
0100079483
014117d793
07011007b3
0000000000
0100079503
014127d793
07012007b3
0000000000
0100079583
014137d793
07013007b3
0000000000
0100079603
014147d793
07014007b3
0000000000
0100079683
014157d793
07015007b3
0000000000
0100079703
014167d793
07016007b3
0000000000
0100079783
014177d793
07017007b3
0000000000
0100279403
014187d793
07018007b3
0000000000
0100279483
014197d793
07019007b3
0000000000
0100279503
0141a7d793
0701a007b3
0000000000
0100279583
0141b7d793
0701b007b3
0000000000
0100279603
0141c7d793
0701c007b3
0000000000
0100279683
0141d7d793
0701d007b3
0000000000
0100279703
0141e7d793
0701e007b3
0000000000
0100279783
0141f7d793
0701f007b3
0000000000
0100840023
0100047413
0100080067
0000000000
0100940023
0100147413
0700100833
0000000000
0100a40023
0100247413
0700200833
0000000000
0100b40023
0100347413
0700300833
0000000000
0100c40023
0100447413
0700400833
0000000000
0100d40023
0100547413
0700500833
0000000000
0100e40023
0100647413
0700600833
0000000000
0100f40023
0100747413
0700700833
0000000000
0100840123
0100847413
0700800833
0000000000
0100940123
0100947413
0700900833
0000000000
0100a40123
0100a47413
0700a00833
0000000000
0100b40123
0100b47413
0700b00833
0000000000
0100c40123
0100c47413
0700c00833
0000000000
0100d40123
0100d47413
0700d00833
0000000000
0100e40123
0100e47413
0700e00833
0000000000
0100f40123
0100f47413
0700f00833
0000000000
01008400a3
0101047413
0701000833
0000000000
01009400a3
0101147413
0701100833
0000000000
0100a400a3
0101247413
0701200833
0000000000
0100b400a3
0101347413
0701300833
0000000000
0100c400a3
0101447413
0701400833
0000000000
0100d400a3
0101547413
0701500833
0000000000
0100e400a3
0101647413
0701600833
0000000000
0100f400a3
0101747413
0701700833
0000000000
01008401a3
0101847413
0701800833
0000000000
01009401a3
0101947413
0701900833
0000000000
0100a401a3
0101a47413
0701a00833
0000000000
0100b401a3
0101b47413
0701b00833
0000000000
0100c401a3
0101c47413
0701c00833
0000000000
0100d401a3
0101d47413
0701d00833
0000000000
0100e401a3
0101e47413
0701e00833
0000000000
0100f401a3
0101f47413
0701f00833
0000000000
0100848023
010004f493
0100088067
0000000000
0100948023
010014f493
07001008b3
0000000000
0100a48023
010024f493
07002008b3
0000000000
0100b48023
010034f493
07003008b3
0000000000
0100c48023
010044f493
07004008b3
0000000000
0100d48023
010054f493
07005008b3
0000000000
0100e48023
010064f493
07006008b3
0000000000
0100f48023
010074f493
07007008b3
0000000000
0100848123
010084f493
07008008b3
0000000000
0100948123
010094f493
07009008b3
0000000000
0100a48123
0100a4f493
0700a008b3
0000000000
0100b48123
0100b4f493
0700b008b3
0000000000
0100c48123
0100c4f493
0700c008b3
0000000000
0100d48123
0100d4f493
0700d008b3
0000000000
0100e48123
0100e4f493
0700e008b3
0000000000
0100f48123
0100f4f493
0700f008b3
0000000000
01008480a3
010104f493
07010008b3
0000000000
01009480a3
010114f493
07011008b3
0000000000
0100a480a3
010124f493
07012008b3
0000000000
0100b480a3
010134f493
07013008b3
0000000000
0100c480a3
010144f493
07014008b3
0000000000
0100d480a3
010154f493
07015008b3
0000000000
0100e480a3
010164f493
07016008b3
0000000000
0100f480a3
010174f493
07017008b3
0000000000
01008481a3
010184f493
07018008b3
0000000000
01009481a3
010194f493
07019008b3
0000000000
0100a481a3
0101a4f493
0701a008b3
0000000000
0100b481a3
0101b4f493
0701b008b3
0000000000
0100c481a3
0101c4f493
0701c008b3
0000000000
0100d481a3
0101d4f493
0701d008b3
0000000000
0100e481a3
0101e4f493
0701e008b3
0000000000
0100f481a3
0101f4f493
0701f008b3
0000000000
0100850023
0100057513
0100090067
0000000000
0100950023
0100157513
0700100933
0000000000
0100a50023
0100257513
0700200933
0000000000
0100b50023
0100357513
0700300933
0000000000
0100c50023
0100457513
0700400933
0000000000
0100d50023
0100557513
0700500933
0000000000
0100e50023
0100657513
0700600933
0000000000
0100f50023
0100757513
0700700933
0000000000
0100850123
0100857513
0700800933
0000000000
0100950123
0100957513
0700900933
0000000000
0100a50123
0100a57513
0700a00933
0000000000
0100b50123
0100b57513
0700b00933
0000000000
0100c50123
0100c57513
0700c00933
0000000000
0100d50123
0100d57513
0700d00933
0000000000
0100e50123
0100e57513
0700e00933
0000000000
0100f50123
0100f57513
0700f00933
0000000000
01008500a3
0101057513
0701000933
0000000000
01009500a3
0101157513
0701100933
0000000000
0100a500a3
0101257513
0701200933
0000000000
0100b500a3
0101357513
0701300933
0000000000
0100c500a3
0101457513
0701400933
0000000000
0100d500a3
0101557513
0701500933
0000000000
0100e500a3
0101657513
0701600933
0000000000
0100f500a3
0101757513
0701700933
0000000000
01008501a3
0101857513
0701800933
0000000000
01009501a3
0101957513
0701900933
0000000000
0100a501a3
0101a57513
0701a00933
0000000000
0100b501a3
0101b57513
0701b00933
0000000000
0100c501a3
0101c57513
0701c00933
0000000000
0100d501a3
0101d57513
0701d00933
0000000000
0100e501a3
0101e57513
0701e00933
0000000000
0100f501a3
0101f57513
0701f00933
0000000000
0100858023
010005f593
0100098067
0000000000
0100958023
010015f593
07001009b3
0000000000
0100a58023
010025f593
07002009b3
0000000000
0100b58023
010035f593
07003009b3
0000000000
0100c58023
010045f593
07004009b3
0000000000
0100d58023
010055f593
07005009b3
0000000000
0100e58023
010065f593
07006009b3
0000000000
0100f58023
010075f593
07007009b3
0000000000
0100858123
010085f593
07008009b3
0000000000
0100958123
010095f593
07009009b3
0000000000
0100a58123
0100a5f593
0700a009b3
0000000000
0100b58123
0100b5f593
0700b009b3
0000000000
0100c58123
0100c5f593
0700c009b3
0000000000
0100d58123
0100d5f593
0700d009b3
0000000000
0100e58123
0100e5f593
0700e009b3
0000000000
0100f58123
0100f5f593
0700f009b3
0000000000
01008580a3
010105f593
07010009b3
0000000000
01009580a3
010115f593
07011009b3
0000000000
0100a580a3
010125f593
07012009b3
0000000000
0100b580a3
010135f593
07013009b3
0000000000
0100c580a3
010145f593
07014009b3
0000000000
0100d580a3
010155f593
07015009b3
0000000000
0100e580a3
010165f593
07016009b3
0000000000
0100f580a3
010175f593
07017009b3
0000000000
01008581a3
010185f593
07018009b3
0000000000
01009581a3
010195f593
07019009b3
0000000000
0100a581a3
0101a5f593
0701a009b3
0000000000
0100b581a3
0101b5f593
0701b009b3
0000000000
0100c581a3
0101c5f593
0701c009b3
0000000000
0100d581a3
0101d5f593
0701d009b3
0000000000
0100e581a3
0101e5f593
0701e009b3
0000000000
0100f581a3
0101f5f593
0701f009b3
0000000000
0100860023
0100067613
01000a0067
0000000000
0100960023
0100167613
0700100a33
0000000000
0100a60023
0100267613
0700200a33
0000000000
0100b60023
0100367613
0700300a33
0000000000
0100c60023
0100467613
0700400a33
0000000000
0100d60023
0100567613
0700500a33
0000000000
0100e60023
0100667613
0700600a33
0000000000
0100f60023
0100767613
0700700a33
0000000000
0100860123
0100867613
0700800a33
0000000000
0100960123
0100967613
0700900a33
0000000000
0100a60123
0100a67613
0700a00a33
0000000000
0100b60123
0100b67613
0700b00a33
0000000000
0100c60123
0100c67613
0700c00a33
0000000000
0100d60123
0100d67613
0700d00a33
0000000000
0100e60123
0100e67613
0700e00a33
0000000000
0100f60123
0100f67613
0700f00a33
0000000000
01008600a3
0101067613
0701000a33
0000000000
01009600a3
0101167613
0701100a33
0000000000
0100a600a3
0101267613
0701200a33
0000000000
0100b600a3
0101367613
0701300a33
0000000000
0100c600a3
0101467613
0701400a33
0000000000
0100d600a3
0101567613
0701500a33
0000000000
0100e600a3
0101667613
0701600a33
0000000000
0100f600a3
0101767613
0701700a33
0000000000
01008601a3
0101867613
0701800a33
0000000000
01009601a3
0101967613
0701900a33
0000000000
0100a601a3
0101a67613
0701a00a33
0000000000
0100b601a3
0101b67613
0701b00a33
0000000000
0100c601a3
0101c67613
0701c00a33
0000000000
0100d601a3
0101d67613
0701d00a33
0000000000
0100e601a3
0101e67613
0701e00a33
0000000000
0100f601a3
0101f67613
0701f00a33
0000000000
0100868023
010006f693
01000a8067
0000000000
0100968023
010016f693
0700100ab3
0000000000
0100a68023
010026f693
0700200ab3
0000000000
0100b68023
010036f693
0700300ab3
0000000000
0100c68023
010046f693
0700400ab3
0000000000
0100d68023
010056f693
0700500ab3
0000000000
0100e68023
010066f693
0700600ab3
0000000000
0100f68023
010076f693
0700700ab3
0000000000
0100868123
010086f693
0700800ab3
0000000000
0100968123
010096f693
0700900ab3
0000000000
0100a68123
0100a6f693
0700a00ab3
0000000000
0100b68123
0100b6f693
0700b00ab3
0000000000
0100c68123
0100c6f693
0700c00ab3
0000000000
0100d68123
0100d6f693
0700d00ab3
0000000000
0100e68123
0100e6f693
0700e00ab3
0000000000
0100f68123
0100f6f693
0700f00ab3
0000000000
01008680a3
010106f693
0701000ab3
0000000000
01009680a3
010116f693
0701100ab3
0000000000
0100a680a3
010126f693
0701200ab3
0000000000
0100b680a3
010136f693
0701300ab3
0000000000
0100c680a3
010146f693
0701400ab3
0000000000
0100d680a3
010156f693
0701500ab3
0000000000
0100e680a3
010166f693
0701600ab3
0000000000
0100f680a3
010176f693
0701700ab3
0000000000
01008681a3
010186f693
0701800ab3
0000000000
01009681a3
010196f693
0701900ab3
0000000000
0100a681a3
0101a6f693
0701a00ab3
0000000000
0100b681a3
0101b6f693
0701b00ab3
0000000000
0100c681a3
0101c6f693
0701c00ab3
0000000000
0100d681a3
0101d6f693
0701d00ab3
0000000000
0100e681a3
0101e6f693
0701e00ab3
0000000000
0100f681a3
0101f6f693
0701f00ab3
0000000000
0100870023
0100077713
01000b0067
0000000000
0100970023
0100177713
0700100b33
0000000000
0100a70023
0100277713
0700200b33
0000000000
0100b70023
0100377713
0700300b33
0000000000
0100c70023
0100477713
0700400b33
0000000000
0100d70023
0100577713
0700500b33
0000000000
0100e70023
0100677713
0700600b33
0000000000
0100f70023
0100777713
0700700b33
0000000000
0100870123
0100877713
0700800b33
0000000000
0100970123
0100977713
0700900b33
0000000000
0100a70123
0100a77713
0700a00b33
0000000000
0100b70123
0100b77713
0700b00b33
0000000000
0100c70123
0100c77713
0700c00b33
0000000000
0100d70123
0100d77713
0700d00b33
0000000000
0100e70123
0100e77713
0700e00b33
0000000000
0100f70123
0100f77713
0700f00b33
0000000000
01008700a3
0101077713
0701000b33
0000000000
01009700a3
0101177713
0701100b33
0000000000
0100a700a3
0101277713
0701200b33
0000000000
0100b700a3
0101377713
0701300b33
0000000000
0100c700a3
0101477713
0701400b33
0000000000
0100d700a3
0101577713
0701500b33
0000000000
0100e700a3
0101677713
0701600b33
0000000000
0100f700a3
0101777713
0701700b33
0000000000
01008701a3
0101877713
0701800b33
0000000000
01009701a3
0101977713
0701900b33
0000000000
0100a701a3
0101a77713
0701a00b33
0000000000
0100b701a3
0101b77713
0701b00b33
0000000000
0100c701a3
0101c77713
0701c00b33
0000000000
0100d701a3
0101d77713
0701d00b33
0000000000
0100e701a3
0101e77713
0701e00b33
0000000000
0100f701a3
0101f77713
0701f00b33
0000000000
0100878023
010007f793
01000b8067
0000000000
0100978023
010017f793
0700100bb3
0000000000
0100a78023
010027f793
0700200bb3
0000000000
0100b78023
010037f793
0700300bb3
0000000000
0100c78023
010047f793
0700400bb3
0000000000
0100d78023
010057f793
0700500bb3
0000000000
0100e78023
010067f793
0700600bb3
0000000000
0100f78023
010077f793
0700700bb3
0000000000
0100878123
010087f793
0700800bb3
0000000000
0100978123
010097f793
0700900bb3
0000000000
0100a78123
0100a7f793
0700a00bb3
0000000000
0100b78123
0100b7f793
0700b00bb3
0000000000
0100c78123
0100c7f793
0700c00bb3
0000000000
0100d78123
0100d7f793
0700d00bb3
0000000000
0100e78123
0100e7f793
0700e00bb3
0000000000
0100f78123
0100f7f793
0700f00bb3
0000000000
01008780a3
010107f793
0701000bb3
0000000000
01009780a3
010117f793
0701100bb3
0000000000
0100a780a3
010127f793
0701200bb3
0000000000
0100b780a3
010137f793
0701300bb3
0000000000
0100c780a3
010147f793
0701400bb3
0000000000
0100d780a3
010157f793
0701500bb3
0000000000
0100e780a3
010167f793
0701600bb3
0000000000
0100f780a3
010177f793
0701700bb3
0000000000
01008781a3
010187f793
0701800bb3
0000000000
01009781a3
010197f793
0701900bb3
0000000000
0100a781a3
0101a7f793
0701a00bb3
0000000000
0100b781a3
0101b7f793
0701b00bb3
0000000000
0100c781a3
0101c7f793
0701c00bb3
0000000000
0100d781a3
0101d7f793
0701d00bb3
0000000000
0100e781a3
0101e7f793
0701e00bb3
0000000000
0100f781a3
0101f7f793
0701f00bb3
0000000000
0100841023
0140840433
01000c0067
0000000000
0100941023
0140940433
0700100c33
0000000000
0100a41023
0140a40433
0700200c33
0000000000
0100b41023
0140b40433
0700300c33
0000000000
0100c41023
0140c40433
0700400c33
0000000000
0100d41023
0140d40433
0700500c33
0000000000
0100e41023
0140e40433
0700600c33
0000000000
0100f41023
0140f40433
0700700c33
0000000000
0100841123
0100844433
0700800c33
0000000000
0100941123
0100944433
0700900c33
0000000000
0100a41123
0100a44433
0700a00c33
0000000000
0100b41123
0100b44433
0700b00c33
0000000000
0100c41123
0100c44433
0700c00c33
0000000000
0100d41123
0100d44433
0700d00c33
0000000000
0100e41123
0100e44433
0700e00c33
0000000000
0100f41123
0100f44433
0700f00c33
0000000000
0200008c40
0100846433
0701000c33
0000000000
0200008c44
0100946433
0701100c33
0000000000
0200008c48
0100a46433
0701200c33
0000000000
0200008c4c
0100b46433
0701300c33
0000000000
0200008c50
0100c46433
0701400c33
0000000000
0200008c54
0100d46433
0701500c33
0000000000
0200008c58
0100e46433
0701600c33
0000000000
0200008c5c
0100f46433
0701700c33
0000000000
0200008c60
0100847433
0701800c33
0000000000
0200008c64
0100947433
0701900c33
0000000000
0200008c68
0100a47433
0701a00c33
0000000000
0200008c6c
0100b47433
0701b00c33
0000000000
0200008c70
0100c47433
0701c00c33
0000000000
0200008c74
0100d47433
0701d00c33
0000000000
0200008c78
0100e47433
0701e00c33
0000000000
0200008c7c
0100f47433
0701f00c33
0000000000
0100849023
01408484b3
01000c8067
0000000000
0100949023
01409484b3
0700100cb3
0000000000
0100a49023
0140a484b3
0700200cb3
0000000000
0100b49023
0140b484b3
0700300cb3
0000000000
0100c49023
0140c484b3
0700400cb3
0000000000
0100d49023
0140d484b3
0700500cb3
0000000000
0100e49023
0140e484b3
0700600cb3
0000000000
0100f49023
0140f484b3
0700700cb3
0000000000
0100849123
010084c4b3
0700800cb3
0000000000
0100949123
010094c4b3
0700900cb3
0000000000
0100a49123
0100a4c4b3
0700a00cb3
0000000000
0100b49123
0100b4c4b3
0700b00cb3
0000000000
0100c49123
0100c4c4b3
0700c00cb3
0000000000
0100d49123
0100d4c4b3
0700d00cb3
0000000000
0100e49123
0100e4c4b3
0700e00cb3
0000000000
0100f49123
0100f4c4b3
0700f00cb3
0000000000
0200008cc0
010084e4b3
0701000cb3
0000000000
0200008cc4
010094e4b3
0701100cb3
0000000000
0200008cc8
0100a4e4b3
0701200cb3
0000000000
0200008ccc
0100b4e4b3
0701300cb3
0000000000
0200008cd0
0100c4e4b3
0701400cb3
0000000000
0200008cd4
0100d4e4b3
0701500cb3
0000000000
0200008cd8
0100e4e4b3
0701600cb3
0000000000
0200008cdc
0100f4e4b3
0701700cb3
0000000000
0200008ce0
010084f4b3
0701800cb3
0000000000
0200008ce4
010094f4b3
0701900cb3
0000000000
0200008ce8
0100a4f4b3
0701a00cb3
0000000000
0200008cec
0100b4f4b3
0701b00cb3
0000000000
0200008cf0
0100c4f4b3
0701c00cb3
0000000000
0200008cf4
0100d4f4b3
0701d00cb3
0000000000
0200008cf8
0100e4f4b3
0701e00cb3
0000000000
0200008cfc
0100f4f4b3
0701f00cb3
0000000000
0100851023
0140850533
01000d0067
0000000000
0100951023
0140950533
0700100d33
0000000000
0100a51023
0140a50533
0700200d33
0000000000
0100b51023
0140b50533
0700300d33
0000000000
0100c51023
0140c50533
0700400d33
0000000000
0100d51023
0140d50533
0700500d33
0000000000
0100e51023
0140e50533
0700600d33
0000000000
0100f51023
0140f50533
0700700d33
0000000000
0100851123
0100854533
0700800d33
0000000000
0100951123
0100954533
0700900d33
0000000000
0100a51123
0100a54533
0700a00d33
0000000000
0100b51123
0100b54533
0700b00d33
0000000000
0100c51123
0100c54533
0700c00d33
0000000000
0100d51123
0100d54533
0700d00d33
0000000000
0100e51123
0100e54533
0700e00d33
0000000000
0100f51123
0100f54533
0700f00d33
0000000000
0200008d40
0100856533
0701000d33
0000000000
0200008d44
0100956533
0701100d33
0000000000
0200008d48
0100a56533
0701200d33
0000000000
0200008d4c
0100b56533
0701300d33
0000000000
0200008d50
0100c56533
0701400d33
0000000000
0200008d54
0100d56533
0701500d33
0000000000
0200008d58
0100e56533
0701600d33
0000000000
0200008d5c
0100f56533
0701700d33
0000000000
0200008d60
0100857533
0701800d33
0000000000
0200008d64
0100957533
0701900d33
0000000000
0200008d68
0100a57533
0701a00d33
0000000000
0200008d6c
0100b57533
0701b00d33
0000000000
0200008d70
0100c57533
0701c00d33
0000000000
0200008d74
0100d57533
0701d00d33
0000000000
0200008d78
0100e57533
0701e00d33
0000000000
0200008d7c
0100f57533
0701f00d33
0000000000
0100859023
01408585b3
01000d8067
0000000000
0100959023
01409585b3
0700100db3
0000000000
0100a59023
0140a585b3
0700200db3
0000000000
0100b59023
0140b585b3
0700300db3
0000000000
0100c59023
0140c585b3
0700400db3
0000000000
0100d59023
0140d585b3
0700500db3
0000000000
0100e59023
0140e585b3
0700600db3
0000000000
0100f59023
0140f585b3
0700700db3
0000000000
0100859123
010085c5b3
0700800db3
0000000000
0100959123
010095c5b3
0700900db3
0000000000
0100a59123
0100a5c5b3
0700a00db3
0000000000
0100b59123
0100b5c5b3
0700b00db3
0000000000
0100c59123
0100c5c5b3
0700c00db3
0000000000
0100d59123
0100d5c5b3
0700d00db3
0000000000
0100e59123
0100e5c5b3
0700e00db3
0000000000
0100f59123
0100f5c5b3
0700f00db3
0000000000
0200008dc0
010085e5b3
0701000db3
0000000000
0200008dc4
010095e5b3
0701100db3
0000000000
0200008dc8
0100a5e5b3
0701200db3
0000000000
0200008dcc
0100b5e5b3
0701300db3
0000000000
0200008dd0
0100c5e5b3
0701400db3
0000000000
0200008dd4
0100d5e5b3
0701500db3
0000000000
0200008dd8
0100e5e5b3
0701600db3
0000000000
0200008ddc
0100f5e5b3
0701700db3
0000000000
0200008de0
010085f5b3
0701800db3
0000000000
0200008de4
010095f5b3
0701900db3
0000000000
0200008de8
0100a5f5b3
0701a00db3
0000000000
0200008dec
0100b5f5b3
0701b00db3
0000000000
0200008df0
0100c5f5b3
0701c00db3
0000000000
0200008df4
0100d5f5b3
0701d00db3
0000000000
0200008df8
0100e5f5b3
0701e00db3
0000000000
0200008dfc
0100f5f5b3
0701f00db3
0000000000
0100861023
0140860633
01000e0067
0000000000
0100961023
0140960633
0700100e33
0000000000
0100a61023
0140a60633
0700200e33
0000000000
0100b61023
0140b60633
0700300e33
0000000000
0100c61023
0140c60633
0700400e33
0000000000
0100d61023
0140d60633
0700500e33
0000000000
0100e61023
0140e60633
0700600e33
0000000000
0100f61023
0140f60633
0700700e33
0000000000
0100861123
0100864633
0700800e33
0000000000
0100961123
0100964633
0700900e33
0000000000
0100a61123
0100a64633
0700a00e33
0000000000
0100b61123
0100b64633
0700b00e33
0000000000
0100c61123
0100c64633
0700c00e33
0000000000
0100d61123
0100d64633
0700d00e33
0000000000
0100e61123
0100e64633
0700e00e33
0000000000
0100f61123
0100f64633
0700f00e33
0000000000
0200008e40
0100866633
0701000e33
0000000000
0200008e44
0100966633
0701100e33
0000000000
0200008e48
0100a66633
0701200e33
0000000000
0200008e4c
0100b66633
0701300e33
0000000000
0200008e50
0100c66633
0701400e33
0000000000
0200008e54
0100d66633
0701500e33
0000000000
0200008e58
0100e66633
0701600e33
0000000000
0200008e5c
0100f66633
0701700e33
0000000000
0200008e60
0100867633
0701800e33
0000000000
0200008e64
0100967633
0701900e33
0000000000
0200008e68
0100a67633
0701a00e33
0000000000
0200008e6c
0100b67633
0701b00e33
0000000000
0200008e70
0100c67633
0701c00e33
0000000000
0200008e74
0100d67633
0701d00e33
0000000000
0200008e78
0100e67633
0701e00e33
0000000000
0200008e7c
0100f67633
0701f00e33
0000000000
0100869023
01408686b3
01000e8067
0000000000
0100969023
01409686b3
0700100eb3
0000000000
0100a69023
0140a686b3
0700200eb3
0000000000
0100b69023
0140b686b3
0700300eb3
0000000000
0100c69023
0140c686b3
0700400eb3
0000000000
0100d69023
0140d686b3
0700500eb3
0000000000
0100e69023
0140e686b3
0700600eb3
0000000000
0100f69023
0140f686b3
0700700eb3
0000000000
0100869123
010086c6b3
0700800eb3
0000000000
0100969123
010096c6b3
0700900eb3
0000000000
0100a69123
0100a6c6b3
0700a00eb3
0000000000
0100b69123
0100b6c6b3
0700b00eb3
0000000000
0100c69123
0100c6c6b3
0700c00eb3
0000000000
0100d69123
0100d6c6b3
0700d00eb3
0000000000
0100e69123
0100e6c6b3
0700e00eb3
0000000000
0100f69123
0100f6c6b3
0700f00eb3
0000000000
0200008ec0
010086e6b3
0701000eb3
0000000000
0200008ec4
010096e6b3
0701100eb3
0000000000
0200008ec8
0100a6e6b3
0701200eb3
0000000000
0200008ecc
0100b6e6b3
0701300eb3
0000000000
0200008ed0
0100c6e6b3
0701400eb3
0000000000
0200008ed4
0100d6e6b3
0701500eb3
0000000000
0200008ed8
0100e6e6b3
0701600eb3
0000000000
0200008edc
0100f6e6b3
0701700eb3
0000000000
0200008ee0
010086f6b3
0701800eb3
0000000000
0200008ee4
010096f6b3
0701900eb3
0000000000
0200008ee8
0100a6f6b3
0701a00eb3
0000000000
0200008eec
0100b6f6b3
0701b00eb3
0000000000
0200008ef0
0100c6f6b3
0701c00eb3
0000000000
0200008ef4
0100d6f6b3
0701d00eb3
0000000000
0200008ef8
0100e6f6b3
0701e00eb3
0000000000
0200008efc
0100f6f6b3
0701f00eb3
0000000000
0100871023
0140870733
01000f0067
0000000000
0100971023
0140970733
0700100f33
0000000000
0100a71023
0140a70733
0700200f33
0000000000
0100b71023
0140b70733
0700300f33
0000000000
0100c71023
0140c70733
0700400f33
0000000000
0100d71023
0140d70733
0700500f33
0000000000
0100e71023
0140e70733
0700600f33
0000000000
0100f71023
0140f70733
0700700f33
0000000000
0100871123
0100874733
0700800f33
0000000000
0100971123
0100974733
0700900f33
0000000000
0100a71123
0100a74733
0700a00f33
0000000000
0100b71123
0100b74733
0700b00f33
0000000000
0100c71123
0100c74733
0700c00f33
0000000000
0100d71123
0100d74733
0700d00f33
0000000000
0100e71123
0100e74733
0700e00f33
0000000000
0100f71123
0100f74733
0700f00f33
0000000000
0200008f40
0100876733
0701000f33
0000000000
0200008f44
0100976733
0701100f33
0000000000
0200008f48
0100a76733
0701200f33
0000000000
0200008f4c
0100b76733
0701300f33
0000000000
0200008f50
0100c76733
0701400f33
0000000000
0200008f54
0100d76733
0701500f33
0000000000
0200008f58
0100e76733
0701600f33
0000000000
0200008f5c
0100f76733
0701700f33
0000000000
0200008f60
0100877733
0701800f33
0000000000
0200008f64
0100977733
0701900f33
0000000000
0200008f68
0100a77733
0701a00f33
0000000000
0200008f6c
0100b77733
0701b00f33
0000000000
0200008f70
0100c77733
0701c00f33
0000000000
0200008f74
0100d77733
0701d00f33
0000000000
0200008f78
0100e77733
0701e00f33
0000000000
0200008f7c
0100f77733
0701f00f33
0000000000
0100879023
01408787b3
01000f8067
0000000000
0100979023
01409787b3
0700100fb3
0000000000
0100a79023
0140a787b3
0700200fb3
0000000000
0100b79023
0140b787b3
0700300fb3
0000000000
0100c79023
0140c787b3
0700400fb3
0000000000
0100d79023
0140d787b3
0700500fb3
0000000000
0100e79023
0140e787b3
0700600fb3
0000000000
0100f79023
0140f787b3
0700700fb3
0000000000
0100879123
010087c7b3
0700800fb3
0000000000
0100979123
010097c7b3
0700900fb3
0000000000
0100a79123
0100a7c7b3
0700a00fb3
0000000000
0100b79123
0100b7c7b3
0700b00fb3
0000000000
0100c79123
0100c7c7b3
0700c00fb3
0000000000
0100d79123
0100d7c7b3
0700d00fb3
0000000000
0100e79123
0100e7c7b3
0700e00fb3
0000000000
0100f79123
0100f7c7b3
0700f00fb3
0000000000
0200008fc0
010087e7b3
0701000fb3
0000000000
0200008fc4
010097e7b3
0701100fb3
0000000000
0200008fc8
0100a7e7b3
0701200fb3
0000000000
0200008fcc
0100b7e7b3
0701300fb3
0000000000
0200008fd0
0100c7e7b3
0701400fb3
0000000000
0200008fd4
0100d7e7b3
0701500fb3
0000000000
0200008fd8
0100e7e7b3
0701600fb3
0000000000
0200008fdc
0100f7e7b3
0701700fb3
0000000000
0200008fe0
010087f7b3
0701800fb3
0000000000
0200008fe4
010097f7b3
0701900fb3
0000000000
0200008fe8
0100a7f7b3
0701a00fb3
0000000000
0200008fec
0100b7f7b3
0701b00fb3
0000000000
0200008ff0
0100c7f7b3
0701c00fb3
0000000000
0200008ff4
0100d7f7b3
0701d00fb3
0000000000
0200008ff8
0100e7f7b3
0701e00fb3
0000000000
0200008ffc
0100f7f7b3
0701f00fb3
0000000000
0200009000
0102045413
0100100073
0000000000
0200009004
0102145413
0400100033
0000000000
0200009008
0102245413
0400200033
0000000000
020000900c
0102345413
0400300033
0000000000
0200009010
0102445413
0400400033
0000000000
0200009014
0102545413
0400500033
0000000000
0200009018
0102645413
0400600033
0000000000
020000901c
0102745413
0400700033
0000000000
0200009020
0102845413
0400800033
0000000000
0200009024
0102945413
0400900033
0000000000
0200009028
0102a45413
0400a00033
0000000000
020000902c
0102b45413
0400b00033
0000000000
0200009030
0102c45413
0400c00033
0000000000
0200009034
0102d45413
0400d00033
0000000000
0200009038
0102e45413
0400e00033
0000000000
020000903c
0102f45413
0400f00033
0000000000
0200009040
0103045413
0401000033
0000000000
0200009044
0103145413
0401100033
0000000000
0200009048
0103245413
0401200033
0000000000
020000904c
0103345413
0401300033
0000000000
0200009050
0103445413
0401400033
0000000000
0200009054
0103545413
0401500033
0000000000
0200009058
0103645413
0401600033
0000000000
020000905c
0103745413
0401700033
0000000000
0200009060
0103845413
0401800033
0000000000
0200009064
0103945413
0401900033
0000000000
0200009068
0103a45413
0401a00033
0000000000
020000906c
0103b45413
0401b00033
0000000000
0200009070
0103c45413
0401c00033
0000000000
0200009074
0103d45413
0401d00033
0000000000
0200009078
0103e45413
0401e00033
0000000000
020000907c
0103f45413
0401f00033
0000000000
0200009080
010204d493
01000080e7
0000000000
0200009084
010214d493
01001080b3
0000000000
0200009088
010224d493
01002080b3
0000000000
020000908c
010234d493
01003080b3
0000000000
0200009090
010244d493
01004080b3
0000000000
0200009094
010254d493
01005080b3
0000000000
0200009098
010264d493
01006080b3
0000000000
020000909c
010274d493
01007080b3
0000000000
02000090a0
010284d493
01008080b3
0000000000
02000090a4
010294d493
01009080b3
0000000000
02000090a8
0102a4d493
0100a080b3
0000000000
02000090ac
0102b4d493
0100b080b3
0000000000
02000090b0
0102c4d493
0100c080b3
0000000000
02000090b4
0102d4d493
0100d080b3
0000000000
02000090b8
0102e4d493
0100e080b3
0000000000
02000090bc
0102f4d493
0100f080b3
0000000000
02000090c0
010304d493
01010080b3
0000000000
02000090c4
010314d493
01011080b3
0000000000
02000090c8
010324d493
01012080b3
0000000000
02000090cc
010334d493
01013080b3
0000000000
02000090d0
010344d493
01014080b3
0000000000
02000090d4
010354d493
01015080b3
0000000000
02000090d8
010364d493
01016080b3
0000000000
02000090dc
010374d493
01017080b3
0000000000
02000090e0
010384d493
01018080b3
0000000000
02000090e4
010394d493
01019080b3
0000000000
02000090e8
0103a4d493
0101a080b3
0000000000
02000090ec
0103b4d493
0101b080b3
0000000000
02000090f0
0103c4d493
0101c080b3
0000000000
02000090f4
0103d4d493
0101d080b3
0000000000
02000090f8
0103e4d493
0101e080b3
0000000000
02000090fc
0103f4d493
0101f080b3
0000000000
0200009100
0102055513
01000100e7
0000000000
0200009104
0102155513
0100110133
0000000000
0200009108
0102255513
0100210133
0000000000
020000910c
0102355513
0100310133
0000000000
0200009110
0102455513
0100410133
0000000000
0200009114
0102555513
0100510133
0000000000
0200009118
0102655513
0100610133
0000000000
020000911c
0102755513
0100710133
0000000000
0200009120
0102855513
0100810133
0000000000
0200009124
0102955513
0100910133
0000000000
0200009128
0102a55513
0100a10133
0000000000
020000912c
0102b55513
0100b10133
0000000000
0200009130
0102c55513
0100c10133
0000000000
0200009134
0102d55513
0100d10133
0000000000
0200009138
0102e55513
0100e10133
0000000000
020000913c
0102f55513
0100f10133
0000000000
0200009140
0103055513
0101010133
0000000000
0200009144
0103155513
0101110133
0000000000
0200009148
0103255513
0101210133
0000000000
020000914c
0103355513
0101310133
0000000000
0200009150
0103455513
0101410133
0000000000
0200009154
0103555513
0101510133
0000000000
0200009158
0103655513
0101610133
0000000000
020000915c
0103755513
0101710133
0000000000
0200009160
0103855513
0101810133
0000000000
0200009164
0103955513
0101910133
0000000000
0200009168
0103a55513
0101a10133
0000000000
020000916c
0103b55513
0101b10133
0000000000
0200009170
0103c55513
0101c10133
0000000000
0200009174
0103d55513
0101d10133
0000000000
0200009178
0103e55513
0101e10133
0000000000
020000917c
0103f55513
0101f10133
0000000000
0200009180
010205d593
01000180e7
0000000000
0200009184
010215d593
01001181b3
0000000000
0200009188
010225d593
01002181b3
0000000000
020000918c
010235d593
01003181b3
0000000000
0200009190
010245d593
01004181b3
0000000000
0200009194
010255d593
01005181b3
0000000000
0200009198
010265d593
01006181b3
0000000000
020000919c
010275d593
01007181b3
0000000000
02000091a0
010285d593
01008181b3
0000000000
02000091a4
010295d593
01009181b3
0000000000
02000091a8
0102a5d593
0100a181b3
0000000000
02000091ac
0102b5d593
0100b181b3
0000000000
02000091b0
0102c5d593
0100c181b3
0000000000
02000091b4
0102d5d593
0100d181b3
0000000000
02000091b8
0102e5d593
0100e181b3
0000000000
02000091bc
0102f5d593
0100f181b3
0000000000
02000091c0
010305d593
01010181b3
0000000000
02000091c4
010315d593
01011181b3
0000000000
02000091c8
010325d593
01012181b3
0000000000
02000091cc
010335d593
01013181b3
0000000000
02000091d0
010345d593
01014181b3
0000000000
02000091d4
010355d593
01015181b3
0000000000
02000091d8
010365d593
01016181b3
0000000000
02000091dc
010375d593
01017181b3
0000000000
02000091e0
010385d593
01018181b3
0000000000
02000091e4
010395d593
01019181b3
0000000000
02000091e8
0103a5d593
0101a181b3
0000000000
02000091ec
0103b5d593
0101b181b3
0000000000
02000091f0
0103c5d593
0101c181b3
0000000000
02000091f4
0103d5d593
0101d181b3
0000000000
02000091f8
0103e5d593
0101e181b3
0000000000
02000091fc
0103f5d593
0101f181b3
0000000000
0200009200
0102065613
01000200e7
0000000000
0200009204
0102165613
0100120233
0000000000
0200009208
0102265613
0100220233
0000000000
020000920c
0102365613
0100320233
0000000000
0200009210
0102465613
0100420233
0000000000
0200009214
0102565613
0100520233
0000000000
0200009218
0102665613
0100620233
0000000000
020000921c
0102765613
0100720233
0000000000
0200009220
0102865613
0100820233
0000000000
0200009224
0102965613
0100920233
0000000000
0200009228
0102a65613
0100a20233
0000000000
020000922c
0102b65613
0100b20233
0000000000
0200009230
0102c65613
0100c20233
0000000000
0200009234
0102d65613
0100d20233
0000000000
0200009238
0102e65613
0100e20233
0000000000
020000923c
0102f65613
0100f20233
0000000000
0200009240
0103065613
0101020233
0000000000
0200009244
0103165613
0101120233
0000000000
0200009248
0103265613
0101220233
0000000000
020000924c
0103365613
0101320233
0000000000
0200009250
0103465613
0101420233
0000000000
0200009254
0103565613
0101520233
0000000000
0200009258
0103665613
0101620233
0000000000
020000925c
0103765613
0101720233
0000000000
0200009260
0103865613
0101820233
0000000000
0200009264
0103965613
0101920233
0000000000
0200009268
0103a65613
0101a20233
0000000000
020000926c
0103b65613
0101b20233
0000000000
0200009270
0103c65613
0101c20233
0000000000
0200009274
0103d65613
0101d20233
0000000000
0200009278
0103e65613
0101e20233
0000000000
020000927c
0103f65613
0101f20233
0000000000
0200009280
010206d693
01000280e7
0000000000
0200009284
010216d693
01001282b3
0000000000
0200009288
010226d693
01002282b3
0000000000
020000928c
010236d693
01003282b3
0000000000
0200009290
010246d693
01004282b3
0000000000
0200009294
010256d693
01005282b3
0000000000
0200009298
010266d693
01006282b3
0000000000
020000929c
010276d693
01007282b3
0000000000
02000092a0
010286d693
01008282b3
0000000000
02000092a4
010296d693
01009282b3
0000000000
02000092a8
0102a6d693
0100a282b3
0000000000
02000092ac
0102b6d693
0100b282b3
0000000000
02000092b0
0102c6d693
0100c282b3
0000000000
02000092b4
0102d6d693
0100d282b3
0000000000
02000092b8
0102e6d693
0100e282b3
0000000000
02000092bc
0102f6d693
0100f282b3
0000000000
02000092c0
010306d693
01010282b3
0000000000
02000092c4
010316d693
01011282b3
0000000000
02000092c8
010326d693
01012282b3
0000000000
02000092cc
010336d693
01013282b3
0000000000
02000092d0
010346d693
01014282b3
0000000000
02000092d4
010356d693
01015282b3
0000000000
02000092d8
010366d693
01016282b3
0000000000
02000092dc
010376d693
01017282b3
0000000000
02000092e0
010386d693
01018282b3
0000000000
02000092e4
010396d693
01019282b3
0000000000
02000092e8
0103a6d693
0101a282b3
0000000000
02000092ec
0103b6d693
0101b282b3
0000000000
02000092f0
0103c6d693
0101c282b3
0000000000
02000092f4
0103d6d693
0101d282b3
0000000000
02000092f8
0103e6d693
0101e282b3
0000000000
02000092fc
0103f6d693
0101f282b3
0000000000
0200009300
0102075713
01000300e7
0000000000
0200009304
0102175713
0100130333
0000000000
0200009308
0102275713
0100230333
0000000000
020000930c
0102375713
0100330333
0000000000
0200009310
0102475713
0100430333
0000000000
0200009314
0102575713
0100530333
0000000000
0200009318
0102675713
0100630333
0000000000
020000931c
0102775713
0100730333
0000000000
0200009320
0102875713
0100830333
0000000000
0200009324
0102975713
0100930333
0000000000
0200009328
0102a75713
0100a30333
0000000000
020000932c
0102b75713
0100b30333
0000000000
0200009330
0102c75713
0100c30333
0000000000
0200009334
0102d75713
0100d30333
0000000000
0200009338
0102e75713
0100e30333
0000000000
020000933c
0102f75713
0100f30333
0000000000
0200009340
0103075713
0101030333
0000000000
0200009344
0103175713
0101130333
0000000000
0200009348
0103275713
0101230333
0000000000
020000934c
0103375713
0101330333
0000000000
0200009350
0103475713
0101430333
0000000000
0200009354
0103575713
0101530333
0000000000
0200009358
0103675713
0101630333
0000000000
020000935c
0103775713
0101730333
0000000000
0200009360
0103875713
0101830333
0000000000
0200009364
0103975713
0101930333
0000000000
0200009368
0103a75713
0101a30333
0000000000
020000936c
0103b75713
0101b30333
0000000000
0200009370
0103c75713
0101c30333
0000000000
0200009374
0103d75713
0101d30333
0000000000
0200009378
0103e75713
0101e30333
0000000000
020000937c
0103f75713
0101f30333
0000000000
0200009380
010207d793
01000380e7
0000000000
0200009384
010217d793
01001383b3
0000000000
0200009388
010227d793
01002383b3
0000000000
020000938c
010237d793
01003383b3
0000000000
0200009390
010247d793
01004383b3
0000000000
0200009394
010257d793
01005383b3
0000000000
0200009398
010267d793
01006383b3
0000000000
020000939c
010277d793
01007383b3
0000000000
02000093a0
010287d793
01008383b3
0000000000
02000093a4
010297d793
01009383b3
0000000000
02000093a8
0102a7d793
0100a383b3
0000000000
02000093ac
0102b7d793
0100b383b3
0000000000
02000093b0
0102c7d793
0100c383b3
0000000000
02000093b4
0102d7d793
0100d383b3
0000000000
02000093b8
0102e7d793
0100e383b3
0000000000
02000093bc
0102f7d793
0100f383b3
0000000000
02000093c0
010307d793
01010383b3
0000000000
02000093c4
010317d793
01011383b3
0000000000
02000093c8
010327d793
01012383b3
0000000000
02000093cc
010337d793
01013383b3
0000000000
02000093d0
010347d793
01014383b3
0000000000
02000093d4
010357d793
01015383b3
0000000000
02000093d8
010367d793
01016383b3
0000000000
02000093dc
010377d793
01017383b3
0000000000
02000093e0
010387d793
01018383b3
0000000000
02000093e4
010397d793
01019383b3
0000000000
02000093e8
0103a7d793
0101a383b3
0000000000
02000093ec
0103b7d793
0101b383b3
0000000000
02000093f0
0103c7d793
0101c383b3
0000000000
02000093f4
0103d7d793
0101d383b3
0000000000
02000093f8
0103e7d793
0101e383b3
0000000000
02000093fc
0103f7d793
0101f383b3
0000000000
0200009400
0142045413
01000400e7
0000000000
0200009404
0142145413
0100140433
0000000000
0200009408
0142245413
0100240433
0000000000
020000940c
0142345413
0100340433
0000000000
0200009410
0142445413
0100440433
0000000000
0200009414
0142545413
0100540433
0000000000
0200009418
0142645413
0100640433
0000000000
020000941c
0142745413
0100740433
0000000000
0200009420
0142845413
0100840433
0000000000
0200009424
0142945413
0100940433
0000000000
0200009428
0142a45413
0100a40433
0000000000
020000942c
0142b45413
0100b40433
0000000000
0200009430
0142c45413
0100c40433
0000000000
0200009434
0142d45413
0100d40433
0000000000
0200009438
0142e45413
0100e40433
0000000000
020000943c
0142f45413
0100f40433
0000000000
0200009440
0143045413
0101040433
0000000000
0200009444
0143145413
0101140433
0000000000
0200009448
0143245413
0101240433
0000000000
020000944c
0143345413
0101340433
0000000000
0200009450
0143445413
0101440433
0000000000
0200009454
0143545413
0101540433
0000000000
0200009458
0143645413
0101640433
0000000000
020000945c
0143745413
0101740433
0000000000
0200009460
0143845413
0101840433
0000000000
0200009464
0143945413
0101940433
0000000000
0200009468
0143a45413
0101a40433
0000000000
020000946c
0143b45413
0101b40433
0000000000
0200009470
0143c45413
0101c40433
0000000000
0200009474
0143d45413
0101d40433
0000000000
0200009478
0143e45413
0101e40433
0000000000
020000947c
0143f45413
0101f40433
0000000000
0200009480
014204d493
01000480e7
0000000000
0200009484
014214d493
01001484b3
0000000000
0200009488
014224d493
01002484b3
0000000000
020000948c
014234d493
01003484b3
0000000000
0200009490
014244d493
01004484b3
0000000000
0200009494
014254d493
01005484b3
0000000000
0200009498
014264d493
01006484b3
0000000000
020000949c
014274d493
01007484b3
0000000000
02000094a0
014284d493
01008484b3
0000000000
02000094a4
014294d493
01009484b3
0000000000
02000094a8
0142a4d493
0100a484b3
0000000000
02000094ac
0142b4d493
0100b484b3
0000000000
02000094b0
0142c4d493
0100c484b3
0000000000
02000094b4
0142d4d493
0100d484b3
0000000000
02000094b8
0142e4d493
0100e484b3
0000000000
02000094bc
0142f4d493
0100f484b3
0000000000
02000094c0
014304d493
01010484b3
0000000000
02000094c4
014314d493
01011484b3
0000000000
02000094c8
014324d493
01012484b3
0000000000
02000094cc
014334d493
01013484b3
0000000000
02000094d0
014344d493
01014484b3
0000000000
02000094d4
014354d493
01015484b3
0000000000
02000094d8
014364d493
01016484b3
0000000000
02000094dc
014374d493
01017484b3
0000000000
02000094e0
014384d493
01018484b3
0000000000
02000094e4
014394d493
01019484b3
0000000000
02000094e8
0143a4d493
0101a484b3
0000000000
02000094ec
0143b4d493
0101b484b3
0000000000
02000094f0
0143c4d493
0101c484b3
0000000000
02000094f4
0143d4d493
0101d484b3
0000000000
02000094f8
0143e4d493
0101e484b3
0000000000
02000094fc
0143f4d493
0101f484b3
0000000000
0200009500
0142055513
01000500e7
0000000000
0200009504
0142155513
0100150533
0000000000
0200009508
0142255513
0100250533
0000000000
020000950c
0142355513
0100350533
0000000000
0200009510
0142455513
0100450533
0000000000
0200009514
0142555513
0100550533
0000000000
0200009518
0142655513
0100650533
0000000000
020000951c
0142755513
0100750533
0000000000
0200009520
0142855513
0100850533
0000000000
0200009524
0142955513
0100950533
0000000000
0200009528
0142a55513
0100a50533
0000000000
020000952c
0142b55513
0100b50533
0000000000
0200009530
0142c55513
0100c50533
0000000000
0200009534
0142d55513
0100d50533
0000000000
0200009538
0142e55513
0100e50533
0000000000
020000953c
0142f55513
0100f50533
0000000000
0200009540
0143055513
0101050533
0000000000
0200009544
0143155513
0101150533
0000000000
0200009548
0143255513
0101250533
0000000000
020000954c
0143355513
0101350533
0000000000
0200009550
0143455513
0101450533
0000000000
0200009554
0143555513
0101550533
0000000000
0200009558
0143655513
0101650533
0000000000
020000955c
0143755513
0101750533
0000000000
0200009560
0143855513
0101850533
0000000000
0200009564
0143955513
0101950533
0000000000
0200009568
0143a55513
0101a50533
0000000000
020000956c
0143b55513
0101b50533
0000000000
0200009570
0143c55513
0101c50533
0000000000
0200009574
0143d55513
0101d50533
0000000000
0200009578
0143e55513
0101e50533
0000000000
020000957c
0143f55513
0101f50533
0000000000
0200009580
014205d593
01000580e7
0000000000
0200009584
014215d593
01001585b3
0000000000
0200009588
014225d593
01002585b3
0000000000
020000958c
014235d593
01003585b3
0000000000
0200009590
014245d593
01004585b3
0000000000
0200009594
014255d593
01005585b3
0000000000
0200009598
014265d593
01006585b3
0000000000
020000959c
014275d593
01007585b3
0000000000
02000095a0
014285d593
01008585b3
0000000000
02000095a4
014295d593
01009585b3
0000000000
02000095a8
0142a5d593
0100a585b3
0000000000
02000095ac
0142b5d593
0100b585b3
0000000000
02000095b0
0142c5d593
0100c585b3
0000000000
02000095b4
0142d5d593
0100d585b3
0000000000
02000095b8
0142e5d593
0100e585b3
0000000000
02000095bc
0142f5d593
0100f585b3
0000000000
02000095c0
014305d593
01010585b3
0000000000
02000095c4
014315d593
01011585b3
0000000000
02000095c8
014325d593
01012585b3
0000000000
02000095cc
014335d593
01013585b3
0000000000
02000095d0
014345d593
01014585b3
0000000000
02000095d4
014355d593
01015585b3
0000000000
02000095d8
014365d593
01016585b3
0000000000
02000095dc
014375d593
01017585b3
0000000000
02000095e0
014385d593
01018585b3
0000000000
02000095e4
014395d593
01019585b3
0000000000
02000095e8
0143a5d593
0101a585b3
0000000000
02000095ec
0143b5d593
0101b585b3
0000000000
02000095f0
0143c5d593
0101c585b3
0000000000
02000095f4
0143d5d593
0101d585b3
0000000000
02000095f8
0143e5d593
0101e585b3
0000000000
02000095fc
0143f5d593
0101f585b3
0000000000
0200009600
0142065613
01000600e7
0000000000
0200009604
0142165613
0100160633
0000000000
0200009608
0142265613
0100260633
0000000000
020000960c
0142365613
0100360633
0000000000
0200009610
0142465613
0100460633
0000000000
0200009614
0142565613
0100560633
0000000000
0200009618
0142665613
0100660633
0000000000
020000961c
0142765613
0100760633
0000000000
0200009620
0142865613
0100860633
0000000000
0200009624
0142965613
0100960633
0000000000
0200009628
0142a65613
0100a60633
0000000000
020000962c
0142b65613
0100b60633
0000000000
0200009630
0142c65613
0100c60633
0000000000
0200009634
0142d65613
0100d60633
0000000000
0200009638
0142e65613
0100e60633
0000000000
020000963c
0142f65613
0100f60633
0000000000
0200009640
0143065613
0101060633
0000000000
0200009644
0143165613
0101160633
0000000000
0200009648
0143265613
0101260633
0000000000
020000964c
0143365613
0101360633
0000000000
0200009650
0143465613
0101460633
0000000000
0200009654
0143565613
0101560633
0000000000
0200009658
0143665613
0101660633
0000000000
020000965c
0143765613
0101760633
0000000000
0200009660
0143865613
0101860633
0000000000
0200009664
0143965613
0101960633
0000000000
0200009668
0143a65613
0101a60633
0000000000
020000966c
0143b65613
0101b60633
0000000000
0200009670
0143c65613
0101c60633
0000000000
0200009674
0143d65613
0101d60633
0000000000
0200009678
0143e65613
0101e60633
0000000000
020000967c
0143f65613
0101f60633
0000000000
0200009680
014206d693
01000680e7
0000000000
0200009684
014216d693
01001686b3
0000000000
0200009688
014226d693
01002686b3
0000000000
020000968c
014236d693
01003686b3
0000000000
0200009690
014246d693
01004686b3
0000000000
0200009694
014256d693
01005686b3
0000000000
0200009698
014266d693
01006686b3
0000000000
020000969c
014276d693
01007686b3
0000000000
02000096a0
014286d693
01008686b3
0000000000
02000096a4
014296d693
01009686b3
0000000000
02000096a8
0142a6d693
0100a686b3
0000000000
02000096ac
0142b6d693
0100b686b3
0000000000
02000096b0
0142c6d693
0100c686b3
0000000000
02000096b4
0142d6d693
0100d686b3
0000000000
02000096b8
0142e6d693
0100e686b3
0000000000
02000096bc
0142f6d693
0100f686b3
0000000000
02000096c0
014306d693
01010686b3
0000000000
02000096c4
014316d693
01011686b3
0000000000
02000096c8
014326d693
01012686b3
0000000000
02000096cc
014336d693
01013686b3
0000000000
02000096d0
014346d693
01014686b3
0000000000
02000096d4
014356d693
01015686b3
0000000000
02000096d8
014366d693
01016686b3
0000000000
02000096dc
014376d693
01017686b3
0000000000
02000096e0
014386d693
01018686b3
0000000000
02000096e4
014396d693
01019686b3
0000000000
02000096e8
0143a6d693
0101a686b3
0000000000
02000096ec
0143b6d693
0101b686b3
0000000000
02000096f0
0143c6d693
0101c686b3
0000000000
02000096f4
0143d6d693
0101d686b3
0000000000
02000096f8
0143e6d693
0101e686b3
0000000000
02000096fc
0143f6d693
0101f686b3
0000000000
0200009700
0142075713
01000700e7
0000000000
0200009704
0142175713
0100170733
0000000000
0200009708
0142275713
0100270733
0000000000
020000970c
0142375713
0100370733
0000000000
0200009710
0142475713
0100470733
0000000000
0200009714
0142575713
0100570733
0000000000
0200009718
0142675713
0100670733
0000000000
020000971c
0142775713
0100770733
0000000000
0200009720
0142875713
0100870733
0000000000
0200009724
0142975713
0100970733
0000000000
0200009728
0142a75713
0100a70733
0000000000
020000972c
0142b75713
0100b70733
0000000000
0200009730
0142c75713
0100c70733
0000000000
0200009734
0142d75713
0100d70733
0000000000
0200009738
0142e75713
0100e70733
0000000000
020000973c
0142f75713
0100f70733
0000000000
0200009740
0143075713
0101070733
0000000000
0200009744
0143175713
0101170733
0000000000
0200009748
0143275713
0101270733
0000000000
020000974c
0143375713
0101370733
0000000000
0200009750
0143475713
0101470733
0000000000
0200009754
0143575713
0101570733
0000000000
0200009758
0143675713
0101670733
0000000000
020000975c
0143775713
0101770733
0000000000
0200009760
0143875713
0101870733
0000000000
0200009764
0143975713
0101970733
0000000000
0200009768
0143a75713
0101a70733
0000000000
020000976c
0143b75713
0101b70733
0000000000
0200009770
0143c75713
0101c70733
0000000000
0200009774
0143d75713
0101d70733
0000000000
0200009778
0143e75713
0101e70733
0000000000
020000977c
0143f75713
0101f70733
0000000000
0200009780
014207d793
01000780e7
0000000000
0200009784
014217d793
01001787b3
0000000000
0200009788
014227d793
01002787b3
0000000000
020000978c
014237d793
01003787b3
0000000000
0200009790
014247d793
01004787b3
0000000000
0200009794
014257d793
01005787b3
0000000000
0200009798
014267d793
01006787b3
0000000000
020000979c
014277d793
01007787b3
0000000000
02000097a0
014287d793
01008787b3
0000000000
02000097a4
014297d793
01009787b3
0000000000
02000097a8
0142a7d793
0100a787b3
0000000000
02000097ac
0142b7d793
0100b787b3
0000000000
02000097b0
0142c7d793
0100c787b3
0000000000
02000097b4
0142d7d793
0100d787b3
0000000000
02000097b8
0142e7d793
0100e787b3
0000000000
02000097bc
0142f7d793
0100f787b3
0000000000
02000097c0
014307d793
01010787b3
0000000000
02000097c4
014317d793
01011787b3
0000000000
02000097c8
014327d793
01012787b3
0000000000
02000097cc
014337d793
01013787b3
0000000000
02000097d0
014347d793
01014787b3
0000000000
02000097d4
014357d793
01015787b3
0000000000
02000097d8
014367d793
01016787b3
0000000000
02000097dc
014377d793
01017787b3
0000000000
02000097e0
014387d793
01018787b3
0000000000
02000097e4
014397d793
01019787b3
0000000000
02000097e8
0143a7d793
0101a787b3
0000000000
02000097ec
0143b7d793
0101b787b3
0000000000
02000097f0
0143c7d793
0101c787b3
0000000000
02000097f4
0143d7d793
0101d787b3
0000000000
02000097f8
0143e7d793
0101e787b3
0000000000
02000097fc
0143f7d793
0101f787b3
0000000000
0200009800
01fe047413
01000800e7
0000000000
0200009804
01fe147413
0100180833
0000000000
0200009808
01fe247413
0100280833
0000000000
020000980c
01fe347413
0100380833
0000000000
0200009810
01fe447413
0100480833
0000000000
0200009814
01fe547413
0100580833
0000000000
0200009818
01fe647413
0100680833
0000000000
020000981c
01fe747413
0100780833
0000000000
0200009820
01fe847413
0100880833
0000000000
0200009824
01fe947413
0100980833
0000000000
0200009828
01fea47413
0100a80833
0000000000
020000982c
01feb47413
0100b80833
0000000000
0200009830
01fec47413
0100c80833
0000000000
0200009834
01fed47413
0100d80833
0000000000
0200009838
01fee47413
0100e80833
0000000000
020000983c
01fef47413
0100f80833
0000000000
0200009840
01ff047413
0101080833
0000000000
0200009844
01ff147413
0101180833
0000000000
0200009848
01ff247413
0101280833
0000000000
020000984c
01ff347413
0101380833
0000000000
0200009850
01ff447413
0101480833
0000000000
0200009854
01ff547413
0101580833
0000000000
0200009858
01ff647413
0101680833
0000000000
020000985c
01ff747413
0101780833
0000000000
0200009860
01ff847413
0101880833
0000000000
0200009864
01ff947413
0101980833
0000000000
0200009868
01ffa47413
0101a80833
0000000000
020000986c
01ffb47413
0101b80833
0000000000
0200009870
01ffc47413
0101c80833
0000000000
0200009874
01ffd47413
0101d80833
0000000000
0200009878
01ffe47413
0101e80833
0000000000
020000987c
01fff47413
0101f80833
0000000000
0200009880
01fe04f493
01000880e7
0000000000
0200009884
01fe14f493
01001888b3
0000000000
0200009888
01fe24f493
01002888b3
0000000000
020000988c
01fe34f493
01003888b3
0000000000
0200009890
01fe44f493
01004888b3
0000000000
0200009894
01fe54f493
01005888b3
0000000000
0200009898
01fe64f493
01006888b3
0000000000
020000989c
01fe74f493
01007888b3
0000000000
02000098a0
01fe84f493
01008888b3
0000000000
02000098a4
01fe94f493
01009888b3
0000000000
02000098a8
01fea4f493
0100a888b3
0000000000
02000098ac
01feb4f493
0100b888b3
0000000000
02000098b0
01fec4f493
0100c888b3
0000000000
02000098b4
01fed4f493
0100d888b3
0000000000
02000098b8
01fee4f493
0100e888b3
0000000000
02000098bc
01fef4f493
0100f888b3
0000000000
02000098c0
01ff04f493
01010888b3
0000000000
02000098c4
01ff14f493
01011888b3
0000000000
02000098c8
01ff24f493
01012888b3
0000000000
02000098cc
01ff34f493
01013888b3
0000000000
02000098d0
01ff44f493
01014888b3
0000000000
02000098d4
01ff54f493
01015888b3
0000000000
02000098d8
01ff64f493
01016888b3
0000000000
02000098dc
01ff74f493
01017888b3
0000000000
02000098e0
01ff84f493
01018888b3
0000000000
02000098e4
01ff94f493
01019888b3
0000000000
02000098e8
01ffa4f493
0101a888b3
0000000000
02000098ec
01ffb4f493
0101b888b3
0000000000
02000098f0
01ffc4f493
0101c888b3
0000000000
02000098f4
01ffd4f493
0101d888b3
0000000000
02000098f8
01ffe4f493
0101e888b3
0000000000
02000098fc
01fff4f493
0101f888b3
0000000000
0200009900
01fe057513
01000900e7
0000000000
0200009904
01fe157513
0100190933
0000000000
0200009908
01fe257513
0100290933
0000000000
020000990c
01fe357513
0100390933
0000000000
0200009910
01fe457513
0100490933
0000000000
0200009914
01fe557513
0100590933
0000000000
0200009918
01fe657513
0100690933
0000000000
020000991c
01fe757513
0100790933
0000000000
0200009920
01fe857513
0100890933
0000000000
0200009924
01fe957513
0100990933
0000000000
0200009928
01fea57513
0100a90933
0000000000
020000992c
01feb57513
0100b90933
0000000000
0200009930
01fec57513
0100c90933
0000000000
0200009934
01fed57513
0100d90933
0000000000
0200009938
01fee57513
0100e90933
0000000000
020000993c
01fef57513
0100f90933
0000000000
0200009940
01ff057513
0101090933
0000000000
0200009944
01ff157513
0101190933
0000000000
0200009948
01ff257513
0101290933
0000000000
020000994c
01ff357513
0101390933
0000000000
0200009950
01ff457513
0101490933
0000000000
0200009954
01ff557513
0101590933
0000000000
0200009958
01ff657513
0101690933
0000000000
020000995c
01ff757513
0101790933
0000000000
0200009960
01ff857513
0101890933
0000000000
0200009964
01ff957513
0101990933
0000000000
0200009968
01ffa57513
0101a90933
0000000000
020000996c
01ffb57513
0101b90933
0000000000
0200009970
01ffc57513
0101c90933
0000000000
0200009974
01ffd57513
0101d90933
0000000000
0200009978
01ffe57513
0101e90933
0000000000
020000997c
01fff57513
0101f90933
0000000000
0200009980
01fe05f593
01000980e7
0000000000
0200009984
01fe15f593
01001989b3
0000000000
0200009988
01fe25f593
01002989b3
0000000000
020000998c
01fe35f593
01003989b3
0000000000
0200009990
01fe45f593
01004989b3
0000000000
0200009994
01fe55f593
01005989b3
0000000000
0200009998
01fe65f593
01006989b3
0000000000
020000999c
01fe75f593
01007989b3
0000000000
02000099a0
01fe85f593
01008989b3
0000000000
02000099a4
01fe95f593
01009989b3
0000000000
02000099a8
01fea5f593
0100a989b3
0000000000
02000099ac
01feb5f593
0100b989b3
0000000000
02000099b0
01fec5f593
0100c989b3
0000000000
02000099b4
01fed5f593
0100d989b3
0000000000
02000099b8
01fee5f593
0100e989b3
0000000000
02000099bc
01fef5f593
0100f989b3
0000000000
02000099c0
01ff05f593
01010989b3
0000000000
02000099c4
01ff15f593
01011989b3
0000000000
02000099c8
01ff25f593
01012989b3
0000000000
02000099cc
01ff35f593
01013989b3
0000000000
02000099d0
01ff45f593
01014989b3
0000000000
02000099d4
01ff55f593
01015989b3
0000000000
02000099d8
01ff65f593
01016989b3
0000000000
02000099dc
01ff75f593
01017989b3
0000000000
02000099e0
01ff85f593
01018989b3
0000000000
02000099e4
01ff95f593
01019989b3
0000000000
02000099e8
01ffa5f593
0101a989b3
0000000000
02000099ec
01ffb5f593
0101b989b3
0000000000
02000099f0
01ffc5f593
0101c989b3
0000000000
02000099f4
01ffd5f593
0101d989b3
0000000000
02000099f8
01ffe5f593
0101e989b3
0000000000
02000099fc
01fff5f593
0101f989b3
0000000000
0200009a00
01fe067613
01000a00e7
0000000000
0200009a04
01fe167613
01001a0a33
0000000000
0200009a08
01fe267613
01002a0a33
0000000000
0200009a0c
01fe367613
01003a0a33
0000000000
0200009a10
01fe467613
01004a0a33
0000000000
0200009a14
01fe567613
01005a0a33
0000000000
0200009a18
01fe667613
01006a0a33
0000000000
0200009a1c
01fe767613
01007a0a33
0000000000
0200009a20
01fe867613
01008a0a33
0000000000
0200009a24
01fe967613
01009a0a33
0000000000
0200009a28
01fea67613
0100aa0a33
0000000000
0200009a2c
01feb67613
0100ba0a33
0000000000
0200009a30
01fec67613
0100ca0a33
0000000000
0200009a34
01fed67613
0100da0a33
0000000000
0200009a38
01fee67613
0100ea0a33
0000000000
0200009a3c
01fef67613
0100fa0a33
0000000000
0200009a40
01ff067613
01010a0a33
0000000000
0200009a44
01ff167613
01011a0a33
0000000000
0200009a48
01ff267613
01012a0a33
0000000000
0200009a4c
01ff367613
01013a0a33
0000000000
0200009a50
01ff467613
01014a0a33
0000000000
0200009a54
01ff567613
01015a0a33
0000000000
0200009a58
01ff667613
01016a0a33
0000000000
0200009a5c
01ff767613
01017a0a33
0000000000
0200009a60
01ff867613
01018a0a33
0000000000
0200009a64
01ff967613
01019a0a33
0000000000
0200009a68
01ffa67613
0101aa0a33
0000000000
0200009a6c
01ffb67613
0101ba0a33
0000000000
0200009a70
01ffc67613
0101ca0a33
0000000000
0200009a74
01ffd67613
0101da0a33
0000000000
0200009a78
01ffe67613
0101ea0a33
0000000000
0200009a7c
01fff67613
0101fa0a33
0000000000
0200009a80
01fe06f693
01000a80e7
0000000000
0200009a84
01fe16f693
01001a8ab3
0000000000
0200009a88
01fe26f693
01002a8ab3
0000000000
0200009a8c
01fe36f693
01003a8ab3
0000000000
0200009a90
01fe46f693
01004a8ab3
0000000000
0200009a94
01fe56f693
01005a8ab3
0000000000
0200009a98
01fe66f693
01006a8ab3
0000000000
0200009a9c
01fe76f693
01007a8ab3
0000000000
0200009aa0
01fe86f693
01008a8ab3
0000000000
0200009aa4
01fe96f693
01009a8ab3
0000000000
0200009aa8
01fea6f693
0100aa8ab3
0000000000
0200009aac
01feb6f693
0100ba8ab3
0000000000
0200009ab0
01fec6f693
0100ca8ab3
0000000000
0200009ab4
01fed6f693
0100da8ab3
0000000000
0200009ab8
01fee6f693
0100ea8ab3
0000000000
0200009abc
01fef6f693
0100fa8ab3
0000000000
0200009ac0
01ff06f693
01010a8ab3
0000000000
0200009ac4
01ff16f693
01011a8ab3
0000000000
0200009ac8
01ff26f693
01012a8ab3
0000000000
0200009acc
01ff36f693
01013a8ab3
0000000000
0200009ad0
01ff46f693
01014a8ab3
0000000000
0200009ad4
01ff56f693
01015a8ab3
0000000000
0200009ad8
01ff66f693
01016a8ab3
0000000000
0200009adc
01ff76f693
01017a8ab3
0000000000
0200009ae0
01ff86f693
01018a8ab3
0000000000
0200009ae4
01ff96f693
01019a8ab3
0000000000
0200009ae8
01ffa6f693
0101aa8ab3
0000000000
0200009aec
01ffb6f693
0101ba8ab3
0000000000
0200009af0
01ffc6f693
0101ca8ab3
0000000000
0200009af4
01ffd6f693
0101da8ab3
0000000000
0200009af8
01ffe6f693
0101ea8ab3
0000000000
0200009afc
01fff6f693
0101fa8ab3
0000000000
0200009b00
01fe077713
01000b00e7
0000000000
0200009b04
01fe177713
01001b0b33
0000000000
0200009b08
01fe277713
01002b0b33
0000000000
0200009b0c
01fe377713
01003b0b33
0000000000
0200009b10
01fe477713
01004b0b33
0000000000
0200009b14
01fe577713
01005b0b33
0000000000
0200009b18
01fe677713
01006b0b33
0000000000
0200009b1c
01fe777713
01007b0b33
0000000000
0200009b20
01fe877713
01008b0b33
0000000000
0200009b24
01fe977713
01009b0b33
0000000000
0200009b28
01fea77713
0100ab0b33
0000000000
0200009b2c
01feb77713
0100bb0b33
0000000000
0200009b30
01fec77713
0100cb0b33
0000000000
0200009b34
01fed77713
0100db0b33
0000000000
0200009b38
01fee77713
0100eb0b33
0000000000
0200009b3c
01fef77713
0100fb0b33
0000000000
0200009b40
01ff077713
01010b0b33
0000000000
0200009b44
01ff177713
01011b0b33
0000000000
0200009b48
01ff277713
01012b0b33
0000000000
0200009b4c
01ff377713
01013b0b33
0000000000
0200009b50
01ff477713
01014b0b33
0000000000
0200009b54
01ff577713
01015b0b33
0000000000
0200009b58
01ff677713
01016b0b33
0000000000
0200009b5c
01ff777713
01017b0b33
0000000000
0200009b60
01ff877713
01018b0b33
0000000000
0200009b64
01ff977713
01019b0b33
0000000000
0200009b68
01ffa77713
0101ab0b33
0000000000
0200009b6c
01ffb77713
0101bb0b33
0000000000
0200009b70
01ffc77713
0101cb0b33
0000000000
0200009b74
01ffd77713
0101db0b33
0000000000
0200009b78
01ffe77713
0101eb0b33
0000000000
0200009b7c
01fff77713
0101fb0b33
0000000000
0200009b80
01fe07f793
01000b80e7
0000000000
0200009b84
01fe17f793
01001b8bb3
0000000000
0200009b88
01fe27f793
01002b8bb3
0000000000
0200009b8c
01fe37f793
01003b8bb3
0000000000
0200009b90
01fe47f793
01004b8bb3
0000000000
0200009b94
01fe57f793
01005b8bb3
0000000000
0200009b98
01fe67f793
01006b8bb3
0000000000
0200009b9c
01fe77f793
01007b8bb3
0000000000
0200009ba0
01fe87f793
01008b8bb3
0000000000
0200009ba4
01fe97f793
01009b8bb3
0000000000
0200009ba8
01fea7f793
0100ab8bb3
0000000000
0200009bac
01feb7f793
0100bb8bb3
0000000000
0200009bb0
01fec7f793
0100cb8bb3
0000000000
0200009bb4
01fed7f793
0100db8bb3
0000000000
0200009bb8
01fee7f793
0100eb8bb3
0000000000
0200009bbc
01fef7f793
0100fb8bb3
0000000000
0200009bc0
01ff07f793
01010b8bb3
0000000000
0200009bc4
01ff17f793
01011b8bb3
0000000000
0200009bc8
01ff27f793
01012b8bb3
0000000000
0200009bcc
01ff37f793
01013b8bb3
0000000000
0200009bd0
01ff47f793
01014b8bb3
0000000000
0200009bd4
01ff57f793
01015b8bb3
0000000000
0200009bd8
01ff67f793
01016b8bb3
0000000000
0200009bdc
01ff77f793
01017b8bb3
0000000000
0200009be0
01ff87f793
01018b8bb3
0000000000
0200009be4
01ff97f793
01019b8bb3
0000000000
0200009be8
01ffa7f793
0101ab8bb3
0000000000
0200009bec
01ffb7f793
0101bb8bb3
0000000000
0200009bf0
01ffc7f793
0101cb8bb3
0000000000
0200009bf4
01ffd7f793
0101db8bb3
0000000000
0200009bf8
01ffe7f793
0101eb8bb3
0000000000
0200009bfc
01fff7f793
0101fb8bb3
0000000000
0200009c00
014084043b
01000c00e7
0000000000
0200009c04
014094043b
01001c0c33
0000000000
0200009c08
0140a4043b
01002c0c33
0000000000
0200009c0c
0140b4043b
01003c0c33
0000000000
0200009c10
0140c4043b
01004c0c33
0000000000
0200009c14
0140d4043b
01005c0c33
0000000000
0200009c18
0140e4043b
01006c0c33
0000000000
0200009c1c
0140f4043b
01007c0c33
0000000000
0200009c20
010084043b
01008c0c33
0000000000
0200009c24
010094043b
01009c0c33
0000000000
0200009c28
0100a4043b
0100ac0c33
0000000000
0200009c2c
0100b4043b
0100bc0c33
0000000000
0200009c30
0100c4043b
0100cc0c33
0000000000
0200009c34
0100d4043b
0100dc0c33
0000000000
0200009c38
0100e4043b
0100ec0c33
0000000000
0200009c3c
0100f4043b
0100fc0c33
0000000000
0200009c40
0102840433
01010c0c33
0000000000
0200009c44
0102940433
01011c0c33
0000000000
0200009c48
0102a40433
01012c0c33
0000000000
0200009c4c
0102b40433
01013c0c33
0000000000
0200009c50
0102c40433
01014c0c33
0000000000
0200009c54
0102d40433
01015c0c33
0000000000
0200009c58
0102e40433
01016c0c33
0000000000
0200009c5c
0102f40433
01017c0c33
0000000000
0200009c60
010ff47413
01018c0c33
0000000000
0200009c64
0160441413
01019c0c33
0000000000
0200009c68
010804443b
0101ac0c33
0000000000
0200009c6c
0160541413
0101bc0c33
0000000000
0200009c70
010804043b
0101cc0c33
0000000000
0200009c74
01fff44413
0101dc0c33
0000000000
0200009c78
0200009c79
0101ec0c33
0000000000
0200009c7c
0200009c7d
0101fc0c33
0000000000
0200009c80
01408484bb
01000c80e7
0000000000
0200009c84
01409484bb
01001c8cb3
0000000000
0200009c88
0140a484bb
01002c8cb3
0000000000
0200009c8c
0140b484bb
01003c8cb3
0000000000
0200009c90
0140c484bb
01004c8cb3
0000000000
0200009c94
0140d484bb
01005c8cb3
0000000000
0200009c98
0140e484bb
01006c8cb3
0000000000
0200009c9c
0140f484bb
01007c8cb3
0000000000
0200009ca0
01008484bb
01008c8cb3
0000000000
0200009ca4
01009484bb
01009c8cb3
0000000000
0200009ca8
0100a484bb
0100ac8cb3
0000000000
0200009cac
0100b484bb
0100bc8cb3
0000000000
0200009cb0
0100c484bb
0100cc8cb3
0000000000
0200009cb4
0100d484bb
0100dc8cb3
0000000000
0200009cb8
0100e484bb
0100ec8cb3
0000000000
0200009cbc
0100f484bb
0100fc8cb3
0000000000
0200009cc0
01028484b3
01010c8cb3
0000000000
0200009cc4
01029484b3
01011c8cb3
0000000000
0200009cc8
0102a484b3
01012c8cb3
0000000000
0200009ccc
0102b484b3
01013c8cb3
0000000000
0200009cd0
0102c484b3
01014c8cb3
0000000000
0200009cd4
0102d484b3
01015c8cb3
0000000000
0200009cd8
0102e484b3
01016c8cb3
0000000000
0200009cdc
0102f484b3
01017c8cb3
0000000000
0200009ce0
010ff4f493
01018c8cb3
0000000000
0200009ce4
0160449493
01019c8cb3
0000000000
0200009ce8
010804c4bb
0101ac8cb3
0000000000
0200009cec
0160549493
0101bc8cb3
0000000000
0200009cf0
01080484bb
0101cc8cb3
0000000000
0200009cf4
01fff4c493
0101dc8cb3
0000000000
0200009cf8
0200009cf9
0101ec8cb3
0000000000
0200009cfc
0200009cfd
0101fc8cb3
0000000000
0200009d00
014085053b
01000d00e7
0000000000
0200009d04
014095053b
01001d0d33
0000000000
0200009d08
0140a5053b
01002d0d33
0000000000
0200009d0c
0140b5053b
01003d0d33
0000000000
0200009d10
0140c5053b
01004d0d33
0000000000
0200009d14
0140d5053b
01005d0d33
0000000000
0200009d18
0140e5053b
01006d0d33
0000000000
0200009d1c
0140f5053b
01007d0d33
0000000000
0200009d20
010085053b
01008d0d33
0000000000
0200009d24
010095053b
01009d0d33
0000000000
0200009d28
0100a5053b
0100ad0d33
0000000000
0200009d2c
0100b5053b
0100bd0d33
0000000000
0200009d30
0100c5053b
0100cd0d33
0000000000
0200009d34
0100d5053b
0100dd0d33
0000000000
0200009d38
0100e5053b
0100ed0d33
0000000000
0200009d3c
0100f5053b
0100fd0d33
0000000000
0200009d40
0102850533
01010d0d33
0000000000
0200009d44
0102950533
01011d0d33
0000000000
0200009d48
0102a50533
01012d0d33
0000000000
0200009d4c
0102b50533
01013d0d33
0000000000
0200009d50
0102c50533
01014d0d33
0000000000
0200009d54
0102d50533
01015d0d33
0000000000
0200009d58
0102e50533
01016d0d33
0000000000
0200009d5c
0102f50533
01017d0d33
0000000000
0200009d60
010ff57513
01018d0d33
0000000000
0200009d64
0160451513
01019d0d33
0000000000
0200009d68
010805453b
0101ad0d33
0000000000
0200009d6c
0160551513
0101bd0d33
0000000000
0200009d70
010805053b
0101cd0d33
0000000000
0200009d74
01fff54513
0101dd0d33
0000000000
0200009d78
0200009d79
0101ed0d33
0000000000
0200009d7c
0200009d7d
0101fd0d33
0000000000
0200009d80
01408585bb
01000d80e7
0000000000
0200009d84
01409585bb
01001d8db3
0000000000
0200009d88
0140a585bb
01002d8db3
0000000000
0200009d8c
0140b585bb
01003d8db3
0000000000
0200009d90
0140c585bb
01004d8db3
0000000000
0200009d94
0140d585bb
01005d8db3
0000000000
0200009d98
0140e585bb
01006d8db3
0000000000
0200009d9c
0140f585bb
01007d8db3
0000000000
0200009da0
01008585bb
01008d8db3
0000000000
0200009da4
01009585bb
01009d8db3
0000000000
0200009da8
0100a585bb
0100ad8db3
0000000000
0200009dac
0100b585bb
0100bd8db3
0000000000
0200009db0
0100c585bb
0100cd8db3
0000000000
0200009db4
0100d585bb
0100dd8db3
0000000000
0200009db8
0100e585bb
0100ed8db3
0000000000
0200009dbc
0100f585bb
0100fd8db3
0000000000
0200009dc0
01028585b3
01010d8db3
0000000000
0200009dc4
01029585b3
01011d8db3
0000000000
0200009dc8
0102a585b3
01012d8db3
0000000000
0200009dcc
0102b585b3
01013d8db3
0000000000
0200009dd0
0102c585b3
01014d8db3
0000000000
0200009dd4
0102d585b3
01015d8db3
0000000000
0200009dd8
0102e585b3
01016d8db3
0000000000
0200009ddc
0102f585b3
01017d8db3
0000000000
0200009de0
010ff5f593
01018d8db3
0000000000
0200009de4
0160459593
01019d8db3
0000000000
0200009de8
010805c5bb
0101ad8db3
0000000000
0200009dec
0160559593
0101bd8db3
0000000000
0200009df0
01080585bb
0101cd8db3
0000000000
0200009df4
01fff5c593
0101dd8db3
0000000000
0200009df8
0200009df9
0101ed8db3
0000000000
0200009dfc
0200009dfd
0101fd8db3
0000000000
0200009e00
014086063b
01000e00e7
0000000000
0200009e04
014096063b
01001e0e33
0000000000
0200009e08
0140a6063b
01002e0e33
0000000000
0200009e0c
0140b6063b
01003e0e33
0000000000
0200009e10
0140c6063b
01004e0e33
0000000000
0200009e14
0140d6063b
01005e0e33
0000000000
0200009e18
0140e6063b
01006e0e33
0000000000
0200009e1c
0140f6063b
01007e0e33
0000000000
0200009e20
010086063b
01008e0e33
0000000000
0200009e24
010096063b
01009e0e33
0000000000
0200009e28
0100a6063b
0100ae0e33
0000000000
0200009e2c
0100b6063b
0100be0e33
0000000000
0200009e30
0100c6063b
0100ce0e33
0000000000
0200009e34
0100d6063b
0100de0e33
0000000000
0200009e38
0100e6063b
0100ee0e33
0000000000
0200009e3c
0100f6063b
0100fe0e33
0000000000
0200009e40
0102860633
01010e0e33
0000000000
0200009e44
0102960633
01011e0e33
0000000000
0200009e48
0102a60633
01012e0e33
0000000000
0200009e4c
0102b60633
01013e0e33
0000000000
0200009e50
0102c60633
01014e0e33
0000000000
0200009e54
0102d60633
01015e0e33
0000000000
0200009e58
0102e60633
01016e0e33
0000000000
0200009e5c
0102f60633
01017e0e33
0000000000
0200009e60
010ff67613
01018e0e33
0000000000
0200009e64
0160461613
01019e0e33
0000000000
0200009e68
010806463b
0101ae0e33
0000000000
0200009e6c
0160561613
0101be0e33
0000000000
0200009e70
010806063b
0101ce0e33
0000000000
0200009e74
01fff64613
0101de0e33
0000000000
0200009e78
0200009e79
0101ee0e33
0000000000
0200009e7c
0200009e7d
0101fe0e33
0000000000
0200009e80
01408686bb
01000e80e7
0000000000
0200009e84
01409686bb
01001e8eb3
0000000000
0200009e88
0140a686bb
01002e8eb3
0000000000
0200009e8c
0140b686bb
01003e8eb3
0000000000
0200009e90
0140c686bb
01004e8eb3
0000000000
0200009e94
0140d686bb
01005e8eb3
0000000000
0200009e98
0140e686bb
01006e8eb3
0000000000
0200009e9c
0140f686bb
01007e8eb3
0000000000
0200009ea0
01008686bb
01008e8eb3
0000000000
0200009ea4
01009686bb
01009e8eb3
0000000000
0200009ea8
0100a686bb
0100ae8eb3
0000000000
0200009eac
0100b686bb
0100be8eb3
0000000000
0200009eb0
0100c686bb
0100ce8eb3
0000000000
0200009eb4
0100d686bb
0100de8eb3
0000000000
0200009eb8
0100e686bb
0100ee8eb3
0000000000
0200009ebc
0100f686bb
0100fe8eb3
0000000000
0200009ec0
01028686b3
01010e8eb3
0000000000
0200009ec4
01029686b3
01011e8eb3
0000000000
0200009ec8
0102a686b3
01012e8eb3
0000000000
0200009ecc
0102b686b3
01013e8eb3
0000000000
0200009ed0
0102c686b3
01014e8eb3
0000000000
0200009ed4
0102d686b3
01015e8eb3
0000000000
0200009ed8
0102e686b3
01016e8eb3
0000000000
0200009edc
0102f686b3
01017e8eb3
0000000000
0200009ee0
010ff6f693
01018e8eb3
0000000000
0200009ee4
0160469693
01019e8eb3
0000000000
0200009ee8
010806c6bb
0101ae8eb3
0000000000
0200009eec
0160569693
0101be8eb3
0000000000
0200009ef0
01080686bb
0101ce8eb3
0000000000
0200009ef4
01fff6c693
0101de8eb3
0000000000
0200009ef8
0200009ef9
0101ee8eb3
0000000000
0200009efc
0200009efd
0101fe8eb3
0000000000
0200009f00
014087073b
01000f00e7
0000000000
0200009f04
014097073b
01001f0f33
0000000000
0200009f08
0140a7073b
01002f0f33
0000000000
0200009f0c
0140b7073b
01003f0f33
0000000000
0200009f10
0140c7073b
01004f0f33
0000000000
0200009f14
0140d7073b
01005f0f33
0000000000
0200009f18
0140e7073b
01006f0f33
0000000000
0200009f1c
0140f7073b
01007f0f33
0000000000
0200009f20
010087073b
01008f0f33
0000000000
0200009f24
010097073b
01009f0f33
0000000000
0200009f28
0100a7073b
0100af0f33
0000000000
0200009f2c
0100b7073b
0100bf0f33
0000000000
0200009f30
0100c7073b
0100cf0f33
0000000000
0200009f34
0100d7073b
0100df0f33
0000000000
0200009f38
0100e7073b
0100ef0f33
0000000000
0200009f3c
0100f7073b
0100ff0f33
0000000000
0200009f40
0102870733
01010f0f33
0000000000
0200009f44
0102970733
01011f0f33
0000000000
0200009f48
0102a70733
01012f0f33
0000000000
0200009f4c
0102b70733
01013f0f33
0000000000
0200009f50
0102c70733
01014f0f33
0000000000
0200009f54
0102d70733
01015f0f33
0000000000
0200009f58
0102e70733
01016f0f33
0000000000
0200009f5c
0102f70733
01017f0f33
0000000000
0200009f60
010ff77713
01018f0f33
0000000000
0200009f64
0160471713
01019f0f33
0000000000
0200009f68
010807473b
0101af0f33
0000000000
0200009f6c
0160571713
0101bf0f33
0000000000
0200009f70
010807073b
0101cf0f33
0000000000
0200009f74
01fff74713
0101df0f33
0000000000
0200009f78
0200009f79
0101ef0f33
0000000000
0200009f7c
0200009f7d
0101ff0f33
0000000000
0200009f80
01408787bb
01000f80e7
0000000000
0200009f84
01409787bb
01001f8fb3
0000000000
0200009f88
0140a787bb
01002f8fb3
0000000000
0200009f8c
0140b787bb
01003f8fb3
0000000000
0200009f90
0140c787bb
01004f8fb3
0000000000
0200009f94
0140d787bb
01005f8fb3
0000000000
0200009f98
0140e787bb
01006f8fb3
0000000000
0200009f9c
0140f787bb
01007f8fb3
0000000000
0200009fa0
01008787bb
01008f8fb3
0000000000
0200009fa4
01009787bb
01009f8fb3
0000000000
0200009fa8
0100a787bb
0100af8fb3
0000000000
0200009fac
0100b787bb
0100bf8fb3
0000000000
0200009fb0
0100c787bb
0100cf8fb3
0000000000
0200009fb4
0100d787bb
0100df8fb3
0000000000
0200009fb8
0100e787bb
0100ef8fb3
0000000000
0200009fbc
0100f787bb
0100ff8fb3
0000000000
0200009fc0
01028787b3
01010f8fb3
0000000000
0200009fc4
01029787b3
01011f8fb3
0000000000
0200009fc8
0102a787b3
01012f8fb3
0000000000
0200009fcc
0102b787b3
01013f8fb3
0000000000
0200009fd0
0102c787b3
01014f8fb3
0000000000
0200009fd4
0102d787b3
01015f8fb3
0000000000
0200009fd8
0102e787b3
01016f8fb3
0000000000
0200009fdc
0102f787b3
01017f8fb3
0000000000
0200009fe0
010ff7f793
01018f8fb3
0000000000
0200009fe4
0160479793
01019f8fb3
0000000000
0200009fe8
010807c7bb
0101af8fb3
0000000000
0200009fec
0160579793
0101bf8fb3
0000000000
0200009ff0
01080787bb
0101cf8fb3
0000000000
0200009ff4
01fff7c793
0101df8fb3
0000000000
0200009ff8
0200009ff9
0101ef8fb3
0000000000
0200009ffc
0200009ffd
0101ff8fb3
0000000000
0100843027
010000006f
0100013027
0000000000
0100943027
010200006f
0100113027
0000000000
0100a43027
010020006f
0100213027
0000000000
0100b43027
010220006f
0100313027
0000000000
0100c43027
010040006f
0100413027
0000000000
0100d43027
010240006f
0100513027
0000000000
0100e43027
010060006f
0100613027
0000000000
0100f43027
010260006f
0100713027
0000000000
0104843027
010080006f
0100813027
0000000000
0104943027
010280006f
0100913027
0000000000
0104a43027
0100a0006f
0100a13027
0000000000
0104b43027
0102a0006f
0100b13027
0000000000
0104c43027
0100c0006f
0100c13027
0000000000
0104d43027
0102c0006f
0100d13027
0000000000
0104e43027
0100e0006f
0100e13027
0000000000
0104f43027
0102e0006f
0100f13027
0000000000
0108843027
010800006f
0101013027
0000000000
0108943027
010a00006f
0101113027
0000000000
0108a43027
010820006f
0101213027
0000000000
0108b43027
010a20006f
0101313027
0000000000
0108c43027
010840006f
0101413027
0000000000
0108d43027
010a40006f
0101513027
0000000000
0108e43027
010860006f
0101613027
0000000000
0108f43027
010a60006f
0101713027
0000000000
010c843027
010880006f
0101813027
0000000000
010c943027
010a80006f
0101913027
0000000000
010ca43027
0108a0006f
0101a13027
0000000000
010cb43027
010aa0006f
0101b13027
0000000000
010cc43027
0108c0006f
0101c13027
0000000000
010cd43027
010ac0006f
0101d13027
0000000000
010ce43027
0108e0006f
0101e13027
0000000000
010cf43027
010ae0006f
0101f13027
0000000000
010084b027
010400006f
0104013027
0000000000
010094b027
010600006f
0104113027
0000000000
0100a4b027
010420006f
0104213027
0000000000
0100b4b027
010620006f
0104313027
0000000000
0100c4b027
010440006f
0104413027
0000000000
0100d4b027
010640006f
0104513027
0000000000
0100e4b027
010460006f
0104613027
0000000000
0100f4b027
010660006f
0104713027
0000000000
010484b027
010480006f
0104813027
0000000000
010494b027
010680006f
0104913027
0000000000
0104a4b027
0104a0006f
0104a13027
0000000000
0104b4b027
0106a0006f
0104b13027
0000000000
0104c4b027
0104c0006f
0104c13027
0000000000
0104d4b027
0106c0006f
0104d13027
0000000000
0104e4b027
0104e0006f
0104e13027
0000000000
0104f4b027
0106e0006f
0104f13027
0000000000
010884b027
010c00006f
0105013027
0000000000
010894b027
010e00006f
0105113027
0000000000
0108a4b027
010c20006f
0105213027
0000000000
0108b4b027
010e20006f
0105313027
0000000000
0108c4b027
010c40006f
0105413027
0000000000
0108d4b027
010e40006f
0105513027
0000000000
0108e4b027
010c60006f
0105613027
0000000000
0108f4b027
010e60006f
0105713027
0000000000
010c84b027
010c80006f
0105813027
0000000000
010c94b027
010e80006f
0105913027
0000000000
010ca4b027
010ca0006f
0105a13027
0000000000
010cb4b027
010ea0006f
0105b13027
0000000000
010cc4b027
010cc0006f
0105c13027
0000000000
010cd4b027
010ec0006f
0105d13027
0000000000
010ce4b027
010ce0006f
0105e13027
0000000000
010cf4b027
010ee0006f
0105f13027
0000000000
0100853027
014000006f
0108013027
0000000000
0100953027
014200006f
0108113027
0000000000
0100a53027
014020006f
0108213027
0000000000
0100b53027
014220006f
0108313027
0000000000
0100c53027
014040006f
0108413027
0000000000
0100d53027
014240006f
0108513027
0000000000
0100e53027
014060006f
0108613027
0000000000
0100f53027
014260006f
0108713027
0000000000
0104853027
014080006f
0108813027
0000000000
0104953027
014280006f
0108913027
0000000000
0104a53027
0140a0006f
0108a13027
0000000000
0104b53027
0142a0006f
0108b13027
0000000000
0104c53027
0140c0006f
0108c13027
0000000000
0104d53027
0142c0006f
0108d13027
0000000000
0104e53027
0140e0006f
0108e13027
0000000000
0104f53027
0142e0006f
0108f13027
0000000000
0108853027
014800006f
0109013027
0000000000
0108953027
014a00006f
0109113027
0000000000
0108a53027
014820006f
0109213027
0000000000
0108b53027
014a20006f
0109313027
0000000000
0108c53027
014840006f
0109413027
0000000000
0108d53027
014a40006f
0109513027
0000000000
0108e53027
014860006f
0109613027
0000000000
0108f53027
014a60006f
0109713027
0000000000
010c853027
014880006f
0109813027
0000000000
010c953027
014a80006f
0109913027
0000000000
010ca53027
0148a0006f
0109a13027
0000000000
010cb53027
014aa0006f
0109b13027
0000000000
010cc53027
0148c0006f
0109c13027
0000000000
010cd53027
014ac0006f
0109d13027
0000000000
010ce53027
0148e0006f
0109e13027
0000000000
010cf53027
014ae0006f
0109f13027
0000000000
010085b027
014400006f
010c013027
0000000000
010095b027
014600006f
010c113027
0000000000
0100a5b027
014420006f
010c213027
0000000000
0100b5b027
014620006f
010c313027
0000000000
0100c5b027
014440006f
010c413027
0000000000
0100d5b027
014640006f
010c513027
0000000000
0100e5b027
014460006f
010c613027
0000000000
0100f5b027
014660006f
010c713027
0000000000
010485b027
014480006f
010c813027
0000000000
010495b027
014680006f
010c913027
0000000000
0104a5b027
0144a0006f
010ca13027
0000000000
0104b5b027
0146a0006f
010cb13027
0000000000
0104c5b027
0144c0006f
010cc13027
0000000000
0104d5b027
0146c0006f
010cd13027
0000000000
0104e5b027
0144e0006f
010ce13027
0000000000
0104f5b027
0146e0006f
010cf13027
0000000000
010885b027
014c00006f
010d013027
0000000000
010895b027
014e00006f
010d113027
0000000000
0108a5b027
014c20006f
010d213027
0000000000
0108b5b027
014e20006f
010d313027
0000000000
0108c5b027
014c40006f
010d413027
0000000000
0108d5b027
014e40006f
010d513027
0000000000
0108e5b027
014c60006f
010d613027
0000000000
0108f5b027
014e60006f
010d713027
0000000000
010c85b027
014c80006f
010d813027
0000000000
010c95b027
014e80006f
010d913027
0000000000
010ca5b027
014ca0006f
010da13027
0000000000
010cb5b027
014ea0006f
010db13027
0000000000
010cc5b027
014cc0006f
010dc13027
0000000000
010cd5b027
014ec0006f
010dd13027
0000000000
010ce5b027
014ce0006f
010de13027
0000000000
010cf5b027
014ee0006f
010df13027
0000000000
0100863027
011000006f
0110013027
0000000000
0100963027
011200006f
0110113027
0000000000
0100a63027
011020006f
0110213027
0000000000
0100b63027
011220006f
0110313027
0000000000
0100c63027
011040006f
0110413027
0000000000
0100d63027
011240006f
0110513027
0000000000
0100e63027
011060006f
0110613027
0000000000
0100f63027
011260006f
0110713027
0000000000
0104863027
011080006f
0110813027
0000000000
0104963027
011280006f
0110913027
0000000000
0104a63027
0110a0006f
0110a13027
0000000000
0104b63027
0112a0006f
0110b13027
0000000000
0104c63027
0110c0006f
0110c13027
0000000000
0104d63027
0112c0006f
0110d13027
0000000000
0104e63027
0110e0006f
0110e13027
0000000000
0104f63027
0112e0006f
0110f13027
0000000000
0108863027
011800006f
0111013027
0000000000
0108963027
011a00006f
0111113027
0000000000
0108a63027
011820006f
0111213027
0000000000
0108b63027
011a20006f
0111313027
0000000000
0108c63027
011840006f
0111413027
0000000000
0108d63027
011a40006f
0111513027
0000000000
0108e63027
011860006f
0111613027
0000000000
0108f63027
011a60006f
0111713027
0000000000
010c863027
011880006f
0111813027
0000000000
010c963027
011a80006f
0111913027
0000000000
010ca63027
0118a0006f
0111a13027
0000000000
010cb63027
011aa0006f
0111b13027
0000000000
010cc63027
0118c0006f
0111c13027
0000000000
010cd63027
011ac0006f
0111d13027
0000000000
010ce63027
0118e0006f
0111e13027
0000000000
010cf63027
011ae0006f
0111f13027
0000000000
010086b027
011400006f
0114013027
0000000000
010096b027
011600006f
0114113027
0000000000
0100a6b027
011420006f
0114213027
0000000000
0100b6b027
011620006f
0114313027
0000000000
0100c6b027
011440006f
0114413027
0000000000
0100d6b027
011640006f
0114513027
0000000000
0100e6b027
011460006f
0114613027
0000000000
0100f6b027
011660006f
0114713027
0000000000
010486b027
011480006f
0114813027
0000000000
010496b027
011680006f
0114913027
0000000000
0104a6b027
0114a0006f
0114a13027
0000000000
0104b6b027
0116a0006f
0114b13027
0000000000
0104c6b027
0114c0006f
0114c13027
0000000000
0104d6b027
0116c0006f
0114d13027
0000000000
0104e6b027
0114e0006f
0114e13027
0000000000
0104f6b027
0116e0006f
0114f13027
0000000000
010886b027
011c00006f
0115013027
0000000000
010896b027
011e00006f
0115113027
0000000000
0108a6b027
011c20006f
0115213027
0000000000
0108b6b027
011e20006f
0115313027
0000000000
0108c6b027
011c40006f
0115413027
0000000000
0108d6b027
011e40006f
0115513027
0000000000
0108e6b027
011c60006f
0115613027
0000000000
0108f6b027
011e60006f
0115713027
0000000000
010c86b027
011c80006f
0115813027
0000000000
010c96b027
011e80006f
0115913027
0000000000
010ca6b027
011ca0006f
0115a13027
0000000000
010cb6b027
011ea0006f
0115b13027
0000000000
010cc6b027
011cc0006f
0115c13027
0000000000
010cd6b027
011ec0006f
0115d13027
0000000000
010ce6b027
011ce0006f
0115e13027
0000000000
010cf6b027
011ee0006f
0115f13027
0000000000
0100873027
015000006f
0118013027
0000000000
0100973027
015200006f
0118113027
0000000000
0100a73027
015020006f
0118213027
0000000000
0100b73027
015220006f
0118313027
0000000000
0100c73027
015040006f
0118413027
0000000000
0100d73027
015240006f
0118513027
0000000000
0100e73027
015060006f
0118613027
0000000000
0100f73027
015260006f
0118713027
0000000000
0104873027
015080006f
0118813027
0000000000
0104973027
015280006f
0118913027
0000000000
0104a73027
0150a0006f
0118a13027
0000000000
0104b73027
0152a0006f
0118b13027
0000000000
0104c73027
0150c0006f
0118c13027
0000000000
0104d73027
0152c0006f
0118d13027
0000000000
0104e73027
0150e0006f
0118e13027
0000000000
0104f73027
0152e0006f
0118f13027
0000000000
0108873027
015800006f
0119013027
0000000000
0108973027
015a00006f
0119113027
0000000000
0108a73027
015820006f
0119213027
0000000000
0108b73027
015a20006f
0119313027
0000000000
0108c73027
015840006f
0119413027
0000000000
0108d73027
015a40006f
0119513027
0000000000
0108e73027
015860006f
0119613027
0000000000
0108f73027
015a60006f
0119713027
0000000000
010c873027
015880006f
0119813027
0000000000
010c973027
015a80006f
0119913027
0000000000
010ca73027
0158a0006f
0119a13027
0000000000
010cb73027
015aa0006f
0119b13027
0000000000
010cc73027
0158c0006f
0119c13027
0000000000
010cd73027
015ac0006f
0119d13027
0000000000
010ce73027
0158e0006f
0119e13027
0000000000
010cf73027
015ae0006f
0119f13027
0000000000
010087b027
015400006f
011c013027
0000000000
010097b027
015600006f
011c113027
0000000000
0100a7b027
015420006f
011c213027
0000000000
0100b7b027
015620006f
011c313027
0000000000
0100c7b027
015440006f
011c413027
0000000000
0100d7b027
015640006f
011c513027
0000000000
0100e7b027
015460006f
011c613027
0000000000
0100f7b027
015660006f
011c713027
0000000000
010487b027
015480006f
011c813027
0000000000
010497b027
015680006f
011c913027
0000000000
0104a7b027
0154a0006f
011ca13027
0000000000
0104b7b027
0156a0006f
011cb13027
0000000000
0104c7b027
0154c0006f
011cc13027
0000000000
0104d7b027
0156c0006f
011cd13027
0000000000
0104e7b027
0154e0006f
011ce13027
0000000000
0104f7b027
0156e0006f
011cf13027
0000000000
010887b027
015c00006f
011d013027
0000000000
010897b027
015e00006f
011d113027
0000000000
0108a7b027
015c20006f
011d213027
0000000000
0108b7b027
015e20006f
011d313027
0000000000
0108c7b027
015c40006f
011d413027
0000000000
0108d7b027
015e40006f
011d513027
0000000000
0108e7b027
015c60006f
011d613027
0000000000
0108f7b027
015e60006f
011d713027
0000000000
010c87b027
015c80006f
011d813027
0000000000
010c97b027
015e80006f
011d913027
0000000000
010ca7b027
015ca0006f
011da13027
0000000000
010cb7b027
015ea0006f
011db13027
0000000000
010cc7b027
015cc0006f
011dc13027
0000000000
010cd7b027
015ec0006f
011dd13027
0000000000
010ce7b027
015ce0006f
011de13027
0000000000
010cf7b027
015ee0006f
011df13027
0000000000
0100843427
012000006f
0100013427
0000000000
0100943427
012200006f
0100113427
0000000000
0100a43427
012020006f
0100213427
0000000000
0100b43427
012220006f
0100313427
0000000000
0100c43427
012040006f
0100413427
0000000000
0100d43427
012240006f
0100513427
0000000000
0100e43427
012060006f
0100613427
0000000000
0100f43427
012260006f
0100713427
0000000000
0104843427
012080006f
0100813427
0000000000
0104943427
012280006f
0100913427
0000000000
0104a43427
0120a0006f
0100a13427
0000000000
0104b43427
0122a0006f
0100b13427
0000000000
0104c43427
0120c0006f
0100c13427
0000000000
0104d43427
0122c0006f
0100d13427
0000000000
0104e43427
0120e0006f
0100e13427
0000000000
0104f43427
0122e0006f
0100f13427
0000000000
0108843427
012800006f
0101013427
0000000000
0108943427
012a00006f
0101113427
0000000000
0108a43427
012820006f
0101213427
0000000000
0108b43427
012a20006f
0101313427
0000000000
0108c43427
012840006f
0101413427
0000000000
0108d43427
012a40006f
0101513427
0000000000
0108e43427
012860006f
0101613427
0000000000
0108f43427
012a60006f
0101713427
0000000000
010c843427
012880006f
0101813427
0000000000
010c943427
012a80006f
0101913427
0000000000
010ca43427
0128a0006f
0101a13427
0000000000
010cb43427
012aa0006f
0101b13427
0000000000
010cc43427
0128c0006f
0101c13427
0000000000
010cd43427
012ac0006f
0101d13427
0000000000
010ce43427
0128e0006f
0101e13427
0000000000
010cf43427
012ae0006f
0101f13427
0000000000
010084b427
012400006f
0104013427
0000000000
010094b427
012600006f
0104113427
0000000000
0100a4b427
012420006f
0104213427
0000000000
0100b4b427
012620006f
0104313427
0000000000
0100c4b427
012440006f
0104413427
0000000000
0100d4b427
012640006f
0104513427
0000000000
0100e4b427
012460006f
0104613427
0000000000
0100f4b427
012660006f
0104713427
0000000000
010484b427
012480006f
0104813427
0000000000
010494b427
012680006f
0104913427
0000000000
0104a4b427
0124a0006f
0104a13427
0000000000
0104b4b427
0126a0006f
0104b13427
0000000000
0104c4b427
0124c0006f
0104c13427
0000000000
0104d4b427
0126c0006f
0104d13427
0000000000
0104e4b427
0124e0006f
0104e13427
0000000000
0104f4b427
0126e0006f
0104f13427
0000000000
010884b427
012c00006f
0105013427
0000000000
010894b427
012e00006f
0105113427
0000000000
0108a4b427
012c20006f
0105213427
0000000000
0108b4b427
012e20006f
0105313427
0000000000
0108c4b427
012c40006f
0105413427
0000000000
0108d4b427
012e40006f
0105513427
0000000000
0108e4b427
012c60006f
0105613427
0000000000
0108f4b427
012e60006f
0105713427
0000000000
010c84b427
012c80006f
0105813427
0000000000
010c94b427
012e80006f
0105913427
0000000000
010ca4b427
012ca0006f
0105a13427
0000000000
010cb4b427
012ea0006f
0105b13427
0000000000
010cc4b427
012cc0006f
0105c13427
0000000000
010cd4b427
012ec0006f
0105d13427
0000000000
010ce4b427
012ce0006f
0105e13427
0000000000
010cf4b427
012ee0006f
0105f13427
0000000000
0100853427
016000006f
0108013427
0000000000
0100953427
016200006f
0108113427
0000000000
0100a53427
016020006f
0108213427
0000000000
0100b53427
016220006f
0108313427
0000000000
0100c53427
016040006f
0108413427
0000000000
0100d53427
016240006f
0108513427
0000000000
0100e53427
016060006f
0108613427
0000000000
0100f53427
016260006f
0108713427
0000000000
0104853427
016080006f
0108813427
0000000000
0104953427
016280006f
0108913427
0000000000
0104a53427
0160a0006f
0108a13427
0000000000
0104b53427
0162a0006f
0108b13427
0000000000
0104c53427
0160c0006f
0108c13427
0000000000
0104d53427
0162c0006f
0108d13427
0000000000
0104e53427
0160e0006f
0108e13427
0000000000
0104f53427
0162e0006f
0108f13427
0000000000
0108853427
016800006f
0109013427
0000000000
0108953427
016a00006f
0109113427
0000000000
0108a53427
016820006f
0109213427
0000000000
0108b53427
016a20006f
0109313427
0000000000
0108c53427
016840006f
0109413427
0000000000
0108d53427
016a40006f
0109513427
0000000000
0108e53427
016860006f
0109613427
0000000000
0108f53427
016a60006f
0109713427
0000000000
010c853427
016880006f
0109813427
0000000000
010c953427
016a80006f
0109913427
0000000000
010ca53427
0168a0006f
0109a13427
0000000000
010cb53427
016aa0006f
0109b13427
0000000000
010cc53427
0168c0006f
0109c13427
0000000000
010cd53427
016ac0006f
0109d13427
0000000000
010ce53427
0168e0006f
0109e13427
0000000000
010cf53427
016ae0006f
0109f13427
0000000000
010085b427
016400006f
010c013427
0000000000
010095b427
016600006f
010c113427
0000000000
0100a5b427
016420006f
010c213427
0000000000
0100b5b427
016620006f
010c313427
0000000000
0100c5b427
016440006f
010c413427
0000000000
0100d5b427
016640006f
010c513427
0000000000
0100e5b427
016460006f
010c613427
0000000000
0100f5b427
016660006f
010c713427
0000000000
010485b427
016480006f
010c813427
0000000000
010495b427
016680006f
010c913427
0000000000
0104a5b427
0164a0006f
010ca13427
0000000000
0104b5b427
0166a0006f
010cb13427
0000000000
0104c5b427
0164c0006f
010cc13427
0000000000
0104d5b427
0166c0006f
010cd13427
0000000000
0104e5b427
0164e0006f
010ce13427
0000000000
0104f5b427
0166e0006f
010cf13427
0000000000
010885b427
016c00006f
010d013427
0000000000
010895b427
016e00006f
010d113427
0000000000
0108a5b427
016c20006f
010d213427
0000000000
0108b5b427
016e20006f
010d313427
0000000000
0108c5b427
016c40006f
010d413427
0000000000
0108d5b427
016e40006f
010d513427
0000000000
0108e5b427
016c60006f
010d613427
0000000000
0108f5b427
016e60006f
010d713427
0000000000
010c85b427
016c80006f
010d813427
0000000000
010c95b427
016e80006f
010d913427
0000000000
010ca5b427
016ca0006f
010da13427
0000000000
010cb5b427
016ea0006f
010db13427
0000000000
010cc5b427
016cc0006f
010dc13427
0000000000
010cd5b427
016ec0006f
010dd13427
0000000000
010ce5b427
016ce0006f
010de13427
0000000000
010cf5b427
016ee0006f
010df13427
0000000000
0100863427
013000006f
0110013427
0000000000
0100963427
013200006f
0110113427
0000000000
0100a63427
013020006f
0110213427
0000000000
0100b63427
013220006f
0110313427
0000000000
0100c63427
013040006f
0110413427
0000000000
0100d63427
013240006f
0110513427
0000000000
0100e63427
013060006f
0110613427
0000000000
0100f63427
013260006f
0110713427
0000000000
0104863427
013080006f
0110813427
0000000000
0104963427
013280006f
0110913427
0000000000
0104a63427
0130a0006f
0110a13427
0000000000
0104b63427
0132a0006f
0110b13427
0000000000
0104c63427
0130c0006f
0110c13427
0000000000
0104d63427
0132c0006f
0110d13427
0000000000
0104e63427
0130e0006f
0110e13427
0000000000
0104f63427
0132e0006f
0110f13427
0000000000
0108863427
013800006f
0111013427
0000000000
0108963427
013a00006f
0111113427
0000000000
0108a63427
013820006f
0111213427
0000000000
0108b63427
013a20006f
0111313427
0000000000
0108c63427
013840006f
0111413427
0000000000
0108d63427
013a40006f
0111513427
0000000000
0108e63427
013860006f
0111613427
0000000000
0108f63427
013a60006f
0111713427
0000000000
010c863427
013880006f
0111813427
0000000000
010c963427
013a80006f
0111913427
0000000000
010ca63427
0138a0006f
0111a13427
0000000000
010cb63427
013aa0006f
0111b13427
0000000000
010cc63427
0138c0006f
0111c13427
0000000000
010cd63427
013ac0006f
0111d13427
0000000000
010ce63427
0138e0006f
0111e13427
0000000000
010cf63427
013ae0006f
0111f13427
0000000000
010086b427
013400006f
0114013427
0000000000
010096b427
013600006f
0114113427
0000000000
0100a6b427
013420006f
0114213427
0000000000
0100b6b427
013620006f
0114313427
0000000000
0100c6b427
013440006f
0114413427
0000000000
0100d6b427
013640006f
0114513427
0000000000
0100e6b427
013460006f
0114613427
0000000000
0100f6b427
013660006f
0114713427
0000000000
010486b427
013480006f
0114813427
0000000000
010496b427
013680006f
0114913427
0000000000
0104a6b427
0134a0006f
0114a13427
0000000000
0104b6b427
0136a0006f
0114b13427
0000000000
0104c6b427
0134c0006f
0114c13427
0000000000
0104d6b427
0136c0006f
0114d13427
0000000000
0104e6b427
0134e0006f
0114e13427
0000000000
0104f6b427
0136e0006f
0114f13427
0000000000
010886b427
013c00006f
0115013427
0000000000
010896b427
013e00006f
0115113427
0000000000
0108a6b427
013c20006f
0115213427
0000000000
0108b6b427
013e20006f
0115313427
0000000000
0108c6b427
013c40006f
0115413427
0000000000
0108d6b427
013e40006f
0115513427
0000000000
0108e6b427
013c60006f
0115613427
0000000000
0108f6b427
013e60006f
0115713427
0000000000
010c86b427
013c80006f
0115813427
0000000000
010c96b427
013e80006f
0115913427
0000000000
010ca6b427
013ca0006f
0115a13427
0000000000
010cb6b427
013ea0006f
0115b13427
0000000000
010cc6b427
013cc0006f
0115c13427
0000000000
010cd6b427
013ec0006f
0115d13427
0000000000
010ce6b427
013ce0006f
0115e13427
0000000000
010cf6b427
013ee0006f
0115f13427
0000000000
0100873427
017000006f
0118013427
0000000000
0100973427
017200006f
0118113427
0000000000
0100a73427
017020006f
0118213427
0000000000
0100b73427
017220006f
0118313427
0000000000
0100c73427
017040006f
0118413427
0000000000
0100d73427
017240006f
0118513427
0000000000
0100e73427
017060006f
0118613427
0000000000
0100f73427
017260006f
0118713427
0000000000
0104873427
017080006f
0118813427
0000000000
0104973427
017280006f
0118913427
0000000000
0104a73427
0170a0006f
0118a13427
0000000000
0104b73427
0172a0006f
0118b13427
0000000000
0104c73427
0170c0006f
0118c13427
0000000000
0104d73427
0172c0006f
0118d13427
0000000000
0104e73427
0170e0006f
0118e13427
0000000000
0104f73427
0172e0006f
0118f13427
0000000000
0108873427
017800006f
0119013427
0000000000
0108973427
017a00006f
0119113427
0000000000
0108a73427
017820006f
0119213427
0000000000
0108b73427
017a20006f
0119313427
0000000000
0108c73427
017840006f
0119413427
0000000000
0108d73427
017a40006f
0119513427
0000000000
0108e73427
017860006f
0119613427
0000000000
0108f73427
017a60006f
0119713427
0000000000
010c873427
017880006f
0119813427
0000000000
010c973427
017a80006f
0119913427
0000000000
010ca73427
0178a0006f
0119a13427
0000000000
010cb73427
017aa0006f
0119b13427
0000000000
010cc73427
0178c0006f
0119c13427
0000000000
010cd73427
017ac0006f
0119d13427
0000000000
010ce73427
0178e0006f
0119e13427
0000000000
010cf73427
017ae0006f
0119f13427
0000000000
010087b427
017400006f
011c013427
0000000000
010097b427
017600006f
011c113427
0000000000
0100a7b427
017420006f
011c213427
0000000000
0100b7b427
017620006f
011c313427
0000000000
0100c7b427
017440006f
011c413427
0000000000
0100d7b427
017640006f
011c513427
0000000000
0100e7b427
017460006f
011c613427
0000000000
0100f7b427
017660006f
011c713427
0000000000
010487b427
017480006f
011c813427
0000000000
010497b427
017680006f
011c913427
0000000000
0104a7b427
0174a0006f
011ca13427
0000000000
0104b7b427
0176a0006f
011cb13427
0000000000
0104c7b427
0174c0006f
011cc13427
0000000000
0104d7b427
0176c0006f
011cd13427
0000000000
0104e7b427
0174e0006f
011ce13427
0000000000
0104f7b427
0176e0006f
011cf13427
0000000000
010887b427
017c00006f
011d013427
0000000000
010897b427
017e00006f
011d113427
0000000000
0108a7b427
017c20006f
011d213427
0000000000
0108b7b427
017e20006f
011d313427
0000000000
0108c7b427
017c40006f
011d413427
0000000000
0108d7b427
017e40006f
011d513427
0000000000
0108e7b427
017c60006f
011d613427
0000000000
0108f7b427
017e60006f
011d713427
0000000000
010c87b427
017c80006f
011d813427
0000000000
010c97b427
017e80006f
011d913427
0000000000
010ca7b427
017ca0006f
011da13427
0000000000
010cb7b427
017ea0006f
011db13427
0000000000
010cc7b427
017cc0006f
011dc13427
0000000000
010cd7b427
017ec0006f
011dd13427
0000000000
010ce7b427
017ce0006f
011de13427
0000000000
010cf7b427
017ee0006f
011df13427
0000000000
0100843827
010100006f
0100013827
0000000000
0100943827
010300006f
0100113827
0000000000
0100a43827
010120006f
0100213827
0000000000
0100b43827
010320006f
0100313827
0000000000
0100c43827
010140006f
0100413827
0000000000
0100d43827
010340006f
0100513827
0000000000
0100e43827
010160006f
0100613827
0000000000
0100f43827
010360006f
0100713827
0000000000
0104843827
010180006f
0100813827
0000000000
0104943827
010380006f
0100913827
0000000000
0104a43827
0101a0006f
0100a13827
0000000000
0104b43827
0103a0006f
0100b13827
0000000000
0104c43827
0101c0006f
0100c13827
0000000000
0104d43827
0103c0006f
0100d13827
0000000000
0104e43827
0101e0006f
0100e13827
0000000000
0104f43827
0103e0006f
0100f13827
0000000000
0108843827
010900006f
0101013827
0000000000
0108943827
010b00006f
0101113827
0000000000
0108a43827
010920006f
0101213827
0000000000
0108b43827
010b20006f
0101313827
0000000000
0108c43827
010940006f
0101413827
0000000000
0108d43827
010b40006f
0101513827
0000000000
0108e43827
010960006f
0101613827
0000000000
0108f43827
010b60006f
0101713827
0000000000
010c843827
010980006f
0101813827
0000000000
010c943827
010b80006f
0101913827
0000000000
010ca43827
0109a0006f
0101a13827
0000000000
010cb43827
010ba0006f
0101b13827
0000000000
010cc43827
0109c0006f
0101c13827
0000000000
010cd43827
010bc0006f
0101d13827
0000000000
010ce43827
0109e0006f
0101e13827
0000000000
010cf43827
010be0006f
0101f13827
0000000000
010084b827
010500006f
0104013827
0000000000
010094b827
010700006f
0104113827
0000000000
0100a4b827
010520006f
0104213827
0000000000
0100b4b827
010720006f
0104313827
0000000000
0100c4b827
010540006f
0104413827
0000000000
0100d4b827
010740006f
0104513827
0000000000
0100e4b827
010560006f
0104613827
0000000000
0100f4b827
010760006f
0104713827
0000000000
010484b827
010580006f
0104813827
0000000000
010494b827
010780006f
0104913827
0000000000
0104a4b827
0105a0006f
0104a13827
0000000000
0104b4b827
0107a0006f
0104b13827
0000000000
0104c4b827
0105c0006f
0104c13827
0000000000
0104d4b827
0107c0006f
0104d13827
0000000000
0104e4b827
0105e0006f
0104e13827
0000000000
0104f4b827
0107e0006f
0104f13827
0000000000
010884b827
010d00006f
0105013827
0000000000
010894b827
010f00006f
0105113827
0000000000
0108a4b827
010d20006f
0105213827
0000000000
0108b4b827
010f20006f
0105313827
0000000000
0108c4b827
010d40006f
0105413827
0000000000
0108d4b827
010f40006f
0105513827
0000000000
0108e4b827
010d60006f
0105613827
0000000000
0108f4b827
010f60006f
0105713827
0000000000
010c84b827
010d80006f
0105813827
0000000000
010c94b827
010f80006f
0105913827
0000000000
010ca4b827
010da0006f
0105a13827
0000000000
010cb4b827
010fa0006f
0105b13827
0000000000
010cc4b827
010dc0006f
0105c13827
0000000000
010cd4b827
010fc0006f
0105d13827
0000000000
010ce4b827
010de0006f
0105e13827
0000000000
010cf4b827
010fe0006f
0105f13827
0000000000
0100853827
014100006f
0108013827
0000000000
0100953827
014300006f
0108113827
0000000000
0100a53827
014120006f
0108213827
0000000000
0100b53827
014320006f
0108313827
0000000000
0100c53827
014140006f
0108413827
0000000000
0100d53827
014340006f
0108513827
0000000000
0100e53827
014160006f
0108613827
0000000000
0100f53827
014360006f
0108713827
0000000000
0104853827
014180006f
0108813827
0000000000
0104953827
014380006f
0108913827
0000000000
0104a53827
0141a0006f
0108a13827
0000000000
0104b53827
0143a0006f
0108b13827
0000000000
0104c53827
0141c0006f
0108c13827
0000000000
0104d53827
0143c0006f
0108d13827
0000000000
0104e53827
0141e0006f
0108e13827
0000000000
0104f53827
0143e0006f
0108f13827
0000000000
0108853827
014900006f
0109013827
0000000000
0108953827
014b00006f
0109113827
0000000000
0108a53827
014920006f
0109213827
0000000000
0108b53827
014b20006f
0109313827
0000000000
0108c53827
014940006f
0109413827
0000000000
0108d53827
014b40006f
0109513827
0000000000
0108e53827
014960006f
0109613827
0000000000
0108f53827
014b60006f
0109713827
0000000000
010c853827
014980006f
0109813827
0000000000
010c953827
014b80006f
0109913827
0000000000
010ca53827
0149a0006f
0109a13827
0000000000
010cb53827
014ba0006f
0109b13827
0000000000
010cc53827
0149c0006f
0109c13827
0000000000
010cd53827
014bc0006f
0109d13827
0000000000
010ce53827
0149e0006f
0109e13827
0000000000
010cf53827
014be0006f
0109f13827
0000000000
010085b827
014500006f
010c013827
0000000000
010095b827
014700006f
010c113827
0000000000
0100a5b827
014520006f
010c213827
0000000000
0100b5b827
014720006f
010c313827
0000000000
0100c5b827
014540006f
010c413827
0000000000
0100d5b827
014740006f
010c513827
0000000000
0100e5b827
014560006f
010c613827
0000000000
0100f5b827
014760006f
010c713827
0000000000
010485b827
014580006f
010c813827
0000000000
010495b827
014780006f
010c913827
0000000000
0104a5b827
0145a0006f
010ca13827
0000000000
0104b5b827
0147a0006f
010cb13827
0000000000
0104c5b827
0145c0006f
010cc13827
0000000000
0104d5b827
0147c0006f
010cd13827
0000000000
0104e5b827
0145e0006f
010ce13827
0000000000
0104f5b827
0147e0006f
010cf13827
0000000000
010885b827
014d00006f
010d013827
0000000000
010895b827
014f00006f
010d113827
0000000000
0108a5b827
014d20006f
010d213827
0000000000
0108b5b827
014f20006f
010d313827
0000000000
0108c5b827
014d40006f
010d413827
0000000000
0108d5b827
014f40006f
010d513827
0000000000
0108e5b827
014d60006f
010d613827
0000000000
0108f5b827
014f60006f
010d713827
0000000000
010c85b827
014d80006f
010d813827
0000000000
010c95b827
014f80006f
010d913827
0000000000
010ca5b827
014da0006f
010da13827
0000000000
010cb5b827
014fa0006f
010db13827
0000000000
010cc5b827
014dc0006f
010dc13827
0000000000
010cd5b827
014fc0006f
010dd13827
0000000000
010ce5b827
014de0006f
010de13827
0000000000
010cf5b827
014fe0006f
010df13827
0000000000
0100863827
011100006f
0110013827
0000000000
0100963827
011300006f
0110113827
0000000000
0100a63827
011120006f
0110213827
0000000000
0100b63827
011320006f
0110313827
0000000000
0100c63827
011140006f
0110413827
0000000000
0100d63827
011340006f
0110513827
0000000000
0100e63827
011160006f
0110613827
0000000000
0100f63827
011360006f
0110713827
0000000000
0104863827
011180006f
0110813827
0000000000
0104963827
011380006f
0110913827
0000000000
0104a63827
0111a0006f
0110a13827
0000000000
0104b63827
0113a0006f
0110b13827
0000000000
0104c63827
0111c0006f
0110c13827
0000000000
0104d63827
0113c0006f
0110d13827
0000000000
0104e63827
0111e0006f
0110e13827
0000000000
0104f63827
0113e0006f
0110f13827
0000000000
0108863827
011900006f
0111013827
0000000000
0108963827
011b00006f
0111113827
0000000000
0108a63827
011920006f
0111213827
0000000000
0108b63827
011b20006f
0111313827
0000000000
0108c63827
011940006f
0111413827
0000000000
0108d63827
011b40006f
0111513827
0000000000
0108e63827
011960006f
0111613827
0000000000
0108f63827
011b60006f
0111713827
0000000000
010c863827
011980006f
0111813827
0000000000
010c963827
011b80006f
0111913827
0000000000
010ca63827
0119a0006f
0111a13827
0000000000
010cb63827
011ba0006f
0111b13827
0000000000
010cc63827
0119c0006f
0111c13827
0000000000
010cd63827
011bc0006f
0111d13827
0000000000
010ce63827
0119e0006f
0111e13827
0000000000
010cf63827
011be0006f
0111f13827
0000000000
010086b827
011500006f
0114013827
0000000000
010096b827
011700006f
0114113827
0000000000
0100a6b827
011520006f
0114213827
0000000000
0100b6b827
011720006f
0114313827
0000000000
0100c6b827
011540006f
0114413827
0000000000
0100d6b827
011740006f
0114513827
0000000000
0100e6b827
011560006f
0114613827
0000000000
0100f6b827
011760006f
0114713827
0000000000
010486b827
011580006f
0114813827
0000000000
010496b827
011780006f
0114913827
0000000000
0104a6b827
0115a0006f
0114a13827
0000000000
0104b6b827
0117a0006f
0114b13827
0000000000
0104c6b827
0115c0006f
0114c13827
0000000000
0104d6b827
0117c0006f
0114d13827
0000000000
0104e6b827
0115e0006f
0114e13827
0000000000
0104f6b827
0117e0006f
0114f13827
0000000000
010886b827
011d00006f
0115013827
0000000000
010896b827
011f00006f
0115113827
0000000000
0108a6b827
011d20006f
0115213827
0000000000
0108b6b827
011f20006f
0115313827
0000000000
0108c6b827
011d40006f
0115413827
0000000000
0108d6b827
011f40006f
0115513827
0000000000
0108e6b827
011d60006f
0115613827
0000000000
0108f6b827
011f60006f
0115713827
0000000000
010c86b827
011d80006f
0115813827
0000000000
010c96b827
011f80006f
0115913827
0000000000
010ca6b827
011da0006f
0115a13827
0000000000
010cb6b827
011fa0006f
0115b13827
0000000000
010cc6b827
011dc0006f
0115c13827
0000000000
010cd6b827
011fc0006f
0115d13827
0000000000
010ce6b827
011de0006f
0115e13827
0000000000
010cf6b827
011fe0006f
0115f13827
0000000000
0100873827
015100006f
0118013827
0000000000
0100973827
015300006f
0118113827
0000000000
0100a73827
015120006f
0118213827
0000000000
0100b73827
015320006f
0118313827
0000000000
0100c73827
015140006f
0118413827
0000000000
0100d73827
015340006f
0118513827
0000000000
0100e73827
015160006f
0118613827
0000000000
0100f73827
015360006f
0118713827
0000000000
0104873827
015180006f
0118813827
0000000000
0104973827
015380006f
0118913827
0000000000
0104a73827
0151a0006f
0118a13827
0000000000
0104b73827
0153a0006f
0118b13827
0000000000
0104c73827
0151c0006f
0118c13827
0000000000
0104d73827
0153c0006f
0118d13827
0000000000
0104e73827
0151e0006f
0118e13827
0000000000
0104f73827
0153e0006f
0118f13827
0000000000
0108873827
015900006f
0119013827
0000000000
0108973827
015b00006f
0119113827
0000000000
0108a73827
015920006f
0119213827
0000000000
0108b73827
015b20006f
0119313827
0000000000
0108c73827
015940006f
0119413827
0000000000
0108d73827
015b40006f
0119513827
0000000000
0108e73827
015960006f
0119613827
0000000000
0108f73827
015b60006f
0119713827
0000000000
010c873827
015980006f
0119813827
0000000000
010c973827
015b80006f
0119913827
0000000000
010ca73827
0159a0006f
0119a13827
0000000000
010cb73827
015ba0006f
0119b13827
0000000000
010cc73827
0159c0006f
0119c13827
0000000000
010cd73827
015bc0006f
0119d13827
0000000000
010ce73827
0159e0006f
0119e13827
0000000000
010cf73827
015be0006f
0119f13827
0000000000
010087b827
015500006f
011c013827
0000000000
010097b827
015700006f
011c113827
0000000000
0100a7b827
015520006f
011c213827
0000000000
0100b7b827
015720006f
011c313827
0000000000
0100c7b827
015540006f
011c413827
0000000000
0100d7b827
015740006f
011c513827
0000000000
0100e7b827
015560006f
011c613827
0000000000
0100f7b827
015760006f
011c713827
0000000000
010487b827
015580006f
011c813827
0000000000
010497b827
015780006f
011c913827
0000000000
0104a7b827
0155a0006f
011ca13827
0000000000
0104b7b827
0157a0006f
011cb13827
0000000000
0104c7b827
0155c0006f
011cc13827
0000000000
0104d7b827
0157c0006f
011cd13827
0000000000
0104e7b827
0155e0006f
011ce13827
0000000000
0104f7b827
0157e0006f
011cf13827
0000000000
010887b827
015d00006f
011d013827
0000000000
010897b827
015f00006f
011d113827
0000000000
0108a7b827
015d20006f
011d213827
0000000000
0108b7b827
015f20006f
011d313827
0000000000
0108c7b827
015d40006f
011d413827
0000000000
0108d7b827
015f40006f
011d513827
0000000000
0108e7b827
015d60006f
011d613827
0000000000
0108f7b827
015f60006f
011d713827
0000000000
010c87b827
015d80006f
011d813827
0000000000
010c97b827
015f80006f
011d913827
0000000000
010ca7b827
015da0006f
011da13827
0000000000
010cb7b827
015fa0006f
011db13827
0000000000
010cc7b827
015dc0006f
011dc13827
0000000000
010cd7b827
015fc0006f
011dd13827
0000000000
010ce7b827
015de0006f
011de13827
0000000000
010cf7b827
015fe0006f
011df13827
0000000000
0100843c27
012100006f
0100013c27
0000000000
0100943c27
012300006f
0100113c27
0000000000
0100a43c27
012120006f
0100213c27
0000000000
0100b43c27
012320006f
0100313c27
0000000000
0100c43c27
012140006f
0100413c27
0000000000
0100d43c27
012340006f
0100513c27
0000000000
0100e43c27
012160006f
0100613c27
0000000000
0100f43c27
012360006f
0100713c27
0000000000
0104843c27
012180006f
0100813c27
0000000000
0104943c27
012380006f
0100913c27
0000000000
0104a43c27
0121a0006f
0100a13c27
0000000000
0104b43c27
0123a0006f
0100b13c27
0000000000
0104c43c27
0121c0006f
0100c13c27
0000000000
0104d43c27
0123c0006f
0100d13c27
0000000000
0104e43c27
0121e0006f
0100e13c27
0000000000
0104f43c27
0123e0006f
0100f13c27
0000000000
0108843c27
012900006f
0101013c27
0000000000
0108943c27
012b00006f
0101113c27
0000000000
0108a43c27
012920006f
0101213c27
0000000000
0108b43c27
012b20006f
0101313c27
0000000000
0108c43c27
012940006f
0101413c27
0000000000
0108d43c27
012b40006f
0101513c27
0000000000
0108e43c27
012960006f
0101613c27
0000000000
0108f43c27
012b60006f
0101713c27
0000000000
010c843c27
012980006f
0101813c27
0000000000
010c943c27
012b80006f
0101913c27
0000000000
010ca43c27
0129a0006f
0101a13c27
0000000000
010cb43c27
012ba0006f
0101b13c27
0000000000
010cc43c27
0129c0006f
0101c13c27
0000000000
010cd43c27
012bc0006f
0101d13c27
0000000000
010ce43c27
0129e0006f
0101e13c27
0000000000
010cf43c27
012be0006f
0101f13c27
0000000000
010084bc27
012500006f
0104013c27
0000000000
010094bc27
012700006f
0104113c27
0000000000
0100a4bc27
012520006f
0104213c27
0000000000
0100b4bc27
012720006f
0104313c27
0000000000
0100c4bc27
012540006f
0104413c27
0000000000
0100d4bc27
012740006f
0104513c27
0000000000
0100e4bc27
012560006f
0104613c27
0000000000
0100f4bc27
012760006f
0104713c27
0000000000
010484bc27
012580006f
0104813c27
0000000000
010494bc27
012780006f
0104913c27
0000000000
0104a4bc27
0125a0006f
0104a13c27
0000000000
0104b4bc27
0127a0006f
0104b13c27
0000000000
0104c4bc27
0125c0006f
0104c13c27
0000000000
0104d4bc27
0127c0006f
0104d13c27
0000000000
0104e4bc27
0125e0006f
0104e13c27
0000000000
0104f4bc27
0127e0006f
0104f13c27
0000000000
010884bc27
012d00006f
0105013c27
0000000000
010894bc27
012f00006f
0105113c27
0000000000
0108a4bc27
012d20006f
0105213c27
0000000000
0108b4bc27
012f20006f
0105313c27
0000000000
0108c4bc27
012d40006f
0105413c27
0000000000
0108d4bc27
012f40006f
0105513c27
0000000000
0108e4bc27
012d60006f
0105613c27
0000000000
0108f4bc27
012f60006f
0105713c27
0000000000
010c84bc27
012d80006f
0105813c27
0000000000
010c94bc27
012f80006f
0105913c27
0000000000
010ca4bc27
012da0006f
0105a13c27
0000000000
010cb4bc27
012fa0006f
0105b13c27
0000000000
010cc4bc27
012dc0006f
0105c13c27
0000000000
010cd4bc27
012fc0006f
0105d13c27
0000000000
010ce4bc27
012de0006f
0105e13c27
0000000000
010cf4bc27
012fe0006f
0105f13c27
0000000000
0100853c27
016100006f
0108013c27
0000000000
0100953c27
016300006f
0108113c27
0000000000
0100a53c27
016120006f
0108213c27
0000000000
0100b53c27
016320006f
0108313c27
0000000000
0100c53c27
016140006f
0108413c27
0000000000
0100d53c27
016340006f
0108513c27
0000000000
0100e53c27
016160006f
0108613c27
0000000000
0100f53c27
016360006f
0108713c27
0000000000
0104853c27
016180006f
0108813c27
0000000000
0104953c27
016380006f
0108913c27
0000000000
0104a53c27
0161a0006f
0108a13c27
0000000000
0104b53c27
0163a0006f
0108b13c27
0000000000
0104c53c27
0161c0006f
0108c13c27
0000000000
0104d53c27
0163c0006f
0108d13c27
0000000000
0104e53c27
0161e0006f
0108e13c27
0000000000
0104f53c27
0163e0006f
0108f13c27
0000000000
0108853c27
016900006f
0109013c27
0000000000
0108953c27
016b00006f
0109113c27
0000000000
0108a53c27
016920006f
0109213c27
0000000000
0108b53c27
016b20006f
0109313c27
0000000000
0108c53c27
016940006f
0109413c27
0000000000
0108d53c27
016b40006f
0109513c27
0000000000
0108e53c27
016960006f
0109613c27
0000000000
0108f53c27
016b60006f
0109713c27
0000000000
010c853c27
016980006f
0109813c27
0000000000
010c953c27
016b80006f
0109913c27
0000000000
010ca53c27
0169a0006f
0109a13c27
0000000000
010cb53c27
016ba0006f
0109b13c27
0000000000
010cc53c27
0169c0006f
0109c13c27
0000000000
010cd53c27
016bc0006f
0109d13c27
0000000000
010ce53c27
0169e0006f
0109e13c27
0000000000
010cf53c27
016be0006f
0109f13c27
0000000000
010085bc27
016500006f
010c013c27
0000000000
010095bc27
016700006f
010c113c27
0000000000
0100a5bc27
016520006f
010c213c27
0000000000
0100b5bc27
016720006f
010c313c27
0000000000
0100c5bc27
016540006f
010c413c27
0000000000
0100d5bc27
016740006f
010c513c27
0000000000
0100e5bc27
016560006f
010c613c27
0000000000
0100f5bc27
016760006f
010c713c27
0000000000
010485bc27
016580006f
010c813c27
0000000000
010495bc27
016780006f
010c913c27
0000000000
0104a5bc27
0165a0006f
010ca13c27
0000000000
0104b5bc27
0167a0006f
010cb13c27
0000000000
0104c5bc27
0165c0006f
010cc13c27
0000000000
0104d5bc27
0167c0006f
010cd13c27
0000000000
0104e5bc27
0165e0006f
010ce13c27
0000000000
0104f5bc27
0167e0006f
010cf13c27
0000000000
010885bc27
016d00006f
010d013c27
0000000000
010895bc27
016f00006f
010d113c27
0000000000
0108a5bc27
016d20006f
010d213c27
0000000000
0108b5bc27
016f20006f
010d313c27
0000000000
0108c5bc27
016d40006f
010d413c27
0000000000
0108d5bc27
016f40006f
010d513c27
0000000000
0108e5bc27
016d60006f
010d613c27
0000000000
0108f5bc27
016f60006f
010d713c27
0000000000
010c85bc27
016d80006f
010d813c27
0000000000
010c95bc27
016f80006f
010d913c27
0000000000
010ca5bc27
016da0006f
010da13c27
0000000000
010cb5bc27
016fa0006f
010db13c27
0000000000
010cc5bc27
016dc0006f
010dc13c27
0000000000
010cd5bc27
016fc0006f
010dd13c27
0000000000
010ce5bc27
016de0006f
010de13c27
0000000000
010cf5bc27
016fe0006f
010df13c27
0000000000
0100863c27
013100006f
0110013c27
0000000000
0100963c27
013300006f
0110113c27
0000000000
0100a63c27
013120006f
0110213c27
0000000000
0100b63c27
013320006f
0110313c27
0000000000
0100c63c27
013140006f
0110413c27
0000000000
0100d63c27
013340006f
0110513c27
0000000000
0100e63c27
013160006f
0110613c27
0000000000
0100f63c27
013360006f
0110713c27
0000000000
0104863c27
013180006f
0110813c27
0000000000
0104963c27
013380006f
0110913c27
0000000000
0104a63c27
0131a0006f
0110a13c27
0000000000
0104b63c27
0133a0006f
0110b13c27
0000000000
0104c63c27
0131c0006f
0110c13c27
0000000000
0104d63c27
0133c0006f
0110d13c27
0000000000
0104e63c27
0131e0006f
0110e13c27
0000000000
0104f63c27
0133e0006f
0110f13c27
0000000000
0108863c27
013900006f
0111013c27
0000000000
0108963c27
013b00006f
0111113c27
0000000000
0108a63c27
013920006f
0111213c27
0000000000
0108b63c27
013b20006f
0111313c27
0000000000
0108c63c27
013940006f
0111413c27
0000000000
0108d63c27
013b40006f
0111513c27
0000000000
0108e63c27
013960006f
0111613c27
0000000000
0108f63c27
013b60006f
0111713c27
0000000000
010c863c27
013980006f
0111813c27
0000000000
010c963c27
013b80006f
0111913c27
0000000000
010ca63c27
0139a0006f
0111a13c27
0000000000
010cb63c27
013ba0006f
0111b13c27
0000000000
010cc63c27
0139c0006f
0111c13c27
0000000000
010cd63c27
013bc0006f
0111d13c27
0000000000
010ce63c27
0139e0006f
0111e13c27
0000000000
010cf63c27
013be0006f
0111f13c27
0000000000
010086bc27
013500006f
0114013c27
0000000000
010096bc27
013700006f
0114113c27
0000000000
0100a6bc27
013520006f
0114213c27
0000000000
0100b6bc27
013720006f
0114313c27
0000000000
0100c6bc27
013540006f
0114413c27
0000000000
0100d6bc27
013740006f
0114513c27
0000000000
0100e6bc27
013560006f
0114613c27
0000000000
0100f6bc27
013760006f
0114713c27
0000000000
010486bc27
013580006f
0114813c27
0000000000
010496bc27
013780006f
0114913c27
0000000000
0104a6bc27
0135a0006f
0114a13c27
0000000000
0104b6bc27
0137a0006f
0114b13c27
0000000000
0104c6bc27
0135c0006f
0114c13c27
0000000000
0104d6bc27
0137c0006f
0114d13c27
0000000000
0104e6bc27
0135e0006f
0114e13c27
0000000000
0104f6bc27
0137e0006f
0114f13c27
0000000000
010886bc27
013d00006f
0115013c27
0000000000
010896bc27
013f00006f
0115113c27
0000000000
0108a6bc27
013d20006f
0115213c27
0000000000
0108b6bc27
013f20006f
0115313c27
0000000000
0108c6bc27
013d40006f
0115413c27
0000000000
0108d6bc27
013f40006f
0115513c27
0000000000
0108e6bc27
013d60006f
0115613c27
0000000000
0108f6bc27
013f60006f
0115713c27
0000000000
010c86bc27
013d80006f
0115813c27
0000000000
010c96bc27
013f80006f
0115913c27
0000000000
010ca6bc27
013da0006f
0115a13c27
0000000000
010cb6bc27
013fa0006f
0115b13c27
0000000000
010cc6bc27
013dc0006f
0115c13c27
0000000000
010cd6bc27
013fc0006f
0115d13c27
0000000000
010ce6bc27
013de0006f
0115e13c27
0000000000
010cf6bc27
013fe0006f
0115f13c27
0000000000
0100873c27
017100006f
0118013c27
0000000000
0100973c27
017300006f
0118113c27
0000000000
0100a73c27
017120006f
0118213c27
0000000000
0100b73c27
017320006f
0118313c27
0000000000
0100c73c27
017140006f
0118413c27
0000000000
0100d73c27
017340006f
0118513c27
0000000000
0100e73c27
017160006f
0118613c27
0000000000
0100f73c27
017360006f
0118713c27
0000000000
0104873c27
017180006f
0118813c27
0000000000
0104973c27
017380006f
0118913c27
0000000000
0104a73c27
0171a0006f
0118a13c27
0000000000
0104b73c27
0173a0006f
0118b13c27
0000000000
0104c73c27
0171c0006f
0118c13c27
0000000000
0104d73c27
0173c0006f
0118d13c27
0000000000
0104e73c27
0171e0006f
0118e13c27
0000000000
0104f73c27
0173e0006f
0118f13c27
0000000000
0108873c27
017900006f
0119013c27
0000000000
0108973c27
017b00006f
0119113c27
0000000000
0108a73c27
017920006f
0119213c27
0000000000
0108b73c27
017b20006f
0119313c27
0000000000
0108c73c27
017940006f
0119413c27
0000000000
0108d73c27
017b40006f
0119513c27
0000000000
0108e73c27
017960006f
0119613c27
0000000000
0108f73c27
017b60006f
0119713c27
0000000000
010c873c27
017980006f
0119813c27
0000000000
010c973c27
017b80006f
0119913c27
0000000000
010ca73c27
0179a0006f
0119a13c27
0000000000
010cb73c27
017ba0006f
0119b13c27
0000000000
010cc73c27
0179c0006f
0119c13c27
0000000000
010cd73c27
017bc0006f
0119d13c27
0000000000
010ce73c27
0179e0006f
0119e13c27
0000000000
010cf73c27
017be0006f
0119f13c27
0000000000
010087bc27
017500006f
011c013c27
0000000000
010097bc27
017700006f
011c113c27
0000000000
0100a7bc27
017520006f
011c213c27
0000000000
0100b7bc27
017720006f
011c313c27
0000000000
0100c7bc27
017540006f
011c413c27
0000000000
0100d7bc27
017740006f
011c513c27
0000000000
0100e7bc27
017560006f
011c613c27
0000000000
0100f7bc27
017760006f
011c713c27
0000000000
010487bc27
017580006f
011c813c27
0000000000
010497bc27
017780006f
011c913c27
0000000000
0104a7bc27
0175a0006f
011ca13c27
0000000000
0104b7bc27
0177a0006f
011cb13c27
0000000000
0104c7bc27
0175c0006f
011cc13c27
0000000000
0104d7bc27
0177c0006f
011cd13c27
0000000000
0104e7bc27
0175e0006f
011ce13c27
0000000000
0104f7bc27
0177e0006f
011cf13c27
0000000000
010887bc27
017d00006f
011d013c27
0000000000
010897bc27
017f00006f
011d113c27
0000000000
0108a7bc27
017d20006f
011d213c27
0000000000
0108b7bc27
017f20006f
011d313c27
0000000000
0108c7bc27
017d40006f
011d413c27
0000000000
0108d7bc27
017f40006f
011d513c27
0000000000
0108e7bc27
017d60006f
011d613c27
0000000000
0108f7bc27
017f60006f
011d713c27
0000000000
010c87bc27
017d80006f
011d813c27
0000000000
010c97bc27
017f80006f
011d913c27
0000000000
010ca7bc27
017da0006f
011da13c27
0000000000
010cb7bc27
017fa0006f
011db13c27
0000000000
010cc7bc27
017dc0006f
011dc13c27
0000000000
010cd7bc27
017fc0006f
011dd13c27
0000000000
010ce7bc27
017de0006f
011de13c27
0000000000
010cf7bc27
017fe0006f
011df13c27
0000000000
0102843027
01801ff06f
0102013027
0000000000
0102943027
01821ff06f
0102113027
0000000000
0102a43027
01803ff06f
0102213027
0000000000
0102b43027
01823ff06f
0102313027
0000000000
0102c43027
01805ff06f
0102413027
0000000000
0102d43027
01825ff06f
0102513027
0000000000
0102e43027
01807ff06f
0102613027
0000000000
0102f43027
01827ff06f
0102713027
0000000000
0106843027
01809ff06f
0102813027
0000000000
0106943027
01829ff06f
0102913027
0000000000
0106a43027
0180bff06f
0102a13027
0000000000
0106b43027
0182bff06f
0102b13027
0000000000
0106c43027
0180dff06f
0102c13027
0000000000
0106d43027
0182dff06f
0102d13027
0000000000
0106e43027
0180fff06f
0102e13027
0000000000
0106f43027
0182fff06f
0102f13027
0000000000
010a843027
01881ff06f
0103013027
0000000000
010a943027
018a1ff06f
0103113027
0000000000
010aa43027
01883ff06f
0103213027
0000000000
010ab43027
018a3ff06f
0103313027
0000000000
010ac43027
01885ff06f
0103413027
0000000000
010ad43027
018a5ff06f
0103513027
0000000000
010ae43027
01887ff06f
0103613027
0000000000
010af43027
018a7ff06f
0103713027
0000000000
010e843027
01889ff06f
0103813027
0000000000
010e943027
018a9ff06f
0103913027
0000000000
010ea43027
0188bff06f
0103a13027
0000000000
010eb43027
018abff06f
0103b13027
0000000000
010ec43027
0188dff06f
0103c13027
0000000000
010ed43027
018adff06f
0103d13027
0000000000
010ee43027
0188fff06f
0103e13027
0000000000
010ef43027
018afff06f
0103f13027
0000000000
010284b027
01841ff06f
0106013027
0000000000
010294b027
01861ff06f
0106113027
0000000000
0102a4b027
01843ff06f
0106213027
0000000000
0102b4b027
01863ff06f
0106313027
0000000000
0102c4b027
01845ff06f
0106413027
0000000000
0102d4b027
01865ff06f
0106513027
0000000000
0102e4b027
01847ff06f
0106613027
0000000000
0102f4b027
01867ff06f
0106713027
0000000000
010684b027
01849ff06f
0106813027
0000000000
010694b027
01869ff06f
0106913027
0000000000
0106a4b027
0184bff06f
0106a13027
0000000000
0106b4b027
0186bff06f
0106b13027
0000000000
0106c4b027
0184dff06f
0106c13027
0000000000
0106d4b027
0186dff06f
0106d13027
0000000000
0106e4b027
0184fff06f
0106e13027
0000000000
0106f4b027
0186fff06f
0106f13027
0000000000
010a84b027
018c1ff06f
0107013027
0000000000
010a94b027
018e1ff06f
0107113027
0000000000
010aa4b027
018c3ff06f
0107213027
0000000000
010ab4b027
018e3ff06f
0107313027
0000000000
010ac4b027
018c5ff06f
0107413027
0000000000
010ad4b027
018e5ff06f
0107513027
0000000000
010ae4b027
018c7ff06f
0107613027
0000000000
010af4b027
018e7ff06f
0107713027
0000000000
010e84b027
018c9ff06f
0107813027
0000000000
010e94b027
018e9ff06f
0107913027
0000000000
010ea4b027
018cbff06f
0107a13027
0000000000
010eb4b027
018ebff06f
0107b13027
0000000000
010ec4b027
018cdff06f
0107c13027
0000000000
010ed4b027
018edff06f
0107d13027
0000000000
010ee4b027
018cfff06f
0107e13027
0000000000
010ef4b027
018efff06f
0107f13027
0000000000
0102853027
01c01ff06f
010a013027
0000000000
0102953027
01c21ff06f
010a113027
0000000000
0102a53027
01c03ff06f
010a213027
0000000000
0102b53027
01c23ff06f
010a313027
0000000000
0102c53027
01c05ff06f
010a413027
0000000000
0102d53027
01c25ff06f
010a513027
0000000000
0102e53027
01c07ff06f
010a613027
0000000000
0102f53027
01c27ff06f
010a713027
0000000000
0106853027
01c09ff06f
010a813027
0000000000
0106953027
01c29ff06f
010a913027
0000000000
0106a53027
01c0bff06f
010aa13027
0000000000
0106b53027
01c2bff06f
010ab13027
0000000000
0106c53027
01c0dff06f
010ac13027
0000000000
0106d53027
01c2dff06f
010ad13027
0000000000
0106e53027
01c0fff06f
010ae13027
0000000000
0106f53027
01c2fff06f
010af13027
0000000000
010a853027
01c81ff06f
010b013027
0000000000
010a953027
01ca1ff06f
010b113027
0000000000
010aa53027
01c83ff06f
010b213027
0000000000
010ab53027
01ca3ff06f
010b313027
0000000000
010ac53027
01c85ff06f
010b413027
0000000000
010ad53027
01ca5ff06f
010b513027
0000000000
010ae53027
01c87ff06f
010b613027
0000000000
010af53027
01ca7ff06f
010b713027
0000000000
010e853027
01c89ff06f
010b813027
0000000000
010e953027
01ca9ff06f
010b913027
0000000000
010ea53027
01c8bff06f
010ba13027
0000000000
010eb53027
01cabff06f
010bb13027
0000000000
010ec53027
01c8dff06f
010bc13027
0000000000
010ed53027
01cadff06f
010bd13027
0000000000
010ee53027
01c8fff06f
010be13027
0000000000
010ef53027
01cafff06f
010bf13027
0000000000
010285b027
01c41ff06f
010e013027
0000000000
010295b027
01c61ff06f
010e113027
0000000000
0102a5b027
01c43ff06f
010e213027
0000000000
0102b5b027
01c63ff06f
010e313027
0000000000
0102c5b027
01c45ff06f
010e413027
0000000000
0102d5b027
01c65ff06f
010e513027
0000000000
0102e5b027
01c47ff06f
010e613027
0000000000
0102f5b027
01c67ff06f
010e713027
0000000000
010685b027
01c49ff06f
010e813027
0000000000
010695b027
01c69ff06f
010e913027
0000000000
0106a5b027
01c4bff06f
010ea13027
0000000000
0106b5b027
01c6bff06f
010eb13027
0000000000
0106c5b027
01c4dff06f
010ec13027
0000000000
0106d5b027
01c6dff06f
010ed13027
0000000000
0106e5b027
01c4fff06f
010ee13027
0000000000
0106f5b027
01c6fff06f
010ef13027
0000000000
010a85b027
01cc1ff06f
010f013027
0000000000
010a95b027
01ce1ff06f
010f113027
0000000000
010aa5b027
01cc3ff06f
010f213027
0000000000
010ab5b027
01ce3ff06f
010f313027
0000000000
010ac5b027
01cc5ff06f
010f413027
0000000000
010ad5b027
01ce5ff06f
010f513027
0000000000
010ae5b027
01cc7ff06f
010f613027
0000000000
010af5b027
01ce7ff06f
010f713027
0000000000
010e85b027
01cc9ff06f
010f813027
0000000000
010e95b027
01ce9ff06f
010f913027
0000000000
010ea5b027
01ccbff06f
010fa13027
0000000000
010eb5b027
01cebff06f
010fb13027
0000000000
010ec5b027
01ccdff06f
010fc13027
0000000000
010ed5b027
01cedff06f
010fd13027
0000000000
010ee5b027
01ccfff06f
010fe13027
0000000000
010ef5b027
01cefff06f
010ff13027
0000000000
0102863027
01901ff06f
0112013027
0000000000
0102963027
01921ff06f
0112113027
0000000000
0102a63027
01903ff06f
0112213027
0000000000
0102b63027
01923ff06f
0112313027
0000000000
0102c63027
01905ff06f
0112413027
0000000000
0102d63027
01925ff06f
0112513027
0000000000
0102e63027
01907ff06f
0112613027
0000000000
0102f63027
01927ff06f
0112713027
0000000000
0106863027
01909ff06f
0112813027
0000000000
0106963027
01929ff06f
0112913027
0000000000
0106a63027
0190bff06f
0112a13027
0000000000
0106b63027
0192bff06f
0112b13027
0000000000
0106c63027
0190dff06f
0112c13027
0000000000
0106d63027
0192dff06f
0112d13027
0000000000
0106e63027
0190fff06f
0112e13027
0000000000
0106f63027
0192fff06f
0112f13027
0000000000
010a863027
01981ff06f
0113013027
0000000000
010a963027
019a1ff06f
0113113027
0000000000
010aa63027
01983ff06f
0113213027
0000000000
010ab63027
019a3ff06f
0113313027
0000000000
010ac63027
01985ff06f
0113413027
0000000000
010ad63027
019a5ff06f
0113513027
0000000000
010ae63027
01987ff06f
0113613027
0000000000
010af63027
019a7ff06f
0113713027
0000000000
010e863027
01989ff06f
0113813027
0000000000
010e963027
019a9ff06f
0113913027
0000000000
010ea63027
0198bff06f
0113a13027
0000000000
010eb63027
019abff06f
0113b13027
0000000000
010ec63027
0198dff06f
0113c13027
0000000000
010ed63027
019adff06f
0113d13027
0000000000
010ee63027
0198fff06f
0113e13027
0000000000
010ef63027
019afff06f
0113f13027
0000000000
010286b027
01941ff06f
0116013027
0000000000
010296b027
01961ff06f
0116113027
0000000000
0102a6b027
01943ff06f
0116213027
0000000000
0102b6b027
01963ff06f
0116313027
0000000000
0102c6b027
01945ff06f
0116413027
0000000000
0102d6b027
01965ff06f
0116513027
0000000000
0102e6b027
01947ff06f
0116613027
0000000000
0102f6b027
01967ff06f
0116713027
0000000000
010686b027
01949ff06f
0116813027
0000000000
010696b027
01969ff06f
0116913027
0000000000
0106a6b027
0194bff06f
0116a13027
0000000000
0106b6b027
0196bff06f
0116b13027
0000000000
0106c6b027
0194dff06f
0116c13027
0000000000
0106d6b027
0196dff06f
0116d13027
0000000000
0106e6b027
0194fff06f
0116e13027
0000000000
0106f6b027
0196fff06f
0116f13027
0000000000
010a86b027
019c1ff06f
0117013027
0000000000
010a96b027
019e1ff06f
0117113027
0000000000
010aa6b027
019c3ff06f
0117213027
0000000000
010ab6b027
019e3ff06f
0117313027
0000000000
010ac6b027
019c5ff06f
0117413027
0000000000
010ad6b027
019e5ff06f
0117513027
0000000000
010ae6b027
019c7ff06f
0117613027
0000000000
010af6b027
019e7ff06f
0117713027
0000000000
010e86b027
019c9ff06f
0117813027
0000000000
010e96b027
019e9ff06f
0117913027
0000000000
010ea6b027
019cbff06f
0117a13027
0000000000
010eb6b027
019ebff06f
0117b13027
0000000000
010ec6b027
019cdff06f
0117c13027
0000000000
010ed6b027
019edff06f
0117d13027
0000000000
010ee6b027
019cfff06f
0117e13027
0000000000
010ef6b027
019efff06f
0117f13027
0000000000
0102873027
01d01ff06f
011a013027
0000000000
0102973027
01d21ff06f
011a113027
0000000000
0102a73027
01d03ff06f
011a213027
0000000000
0102b73027
01d23ff06f
011a313027
0000000000
0102c73027
01d05ff06f
011a413027
0000000000
0102d73027
01d25ff06f
011a513027
0000000000
0102e73027
01d07ff06f
011a613027
0000000000
0102f73027
01d27ff06f
011a713027
0000000000
0106873027
01d09ff06f
011a813027
0000000000
0106973027
01d29ff06f
011a913027
0000000000
0106a73027
01d0bff06f
011aa13027
0000000000
0106b73027
01d2bff06f
011ab13027
0000000000
0106c73027
01d0dff06f
011ac13027
0000000000
0106d73027
01d2dff06f
011ad13027
0000000000
0106e73027
01d0fff06f
011ae13027
0000000000
0106f73027
01d2fff06f
011af13027
0000000000
010a873027
01d81ff06f
011b013027
0000000000
010a973027
01da1ff06f
011b113027
0000000000
010aa73027
01d83ff06f
011b213027
0000000000
010ab73027
01da3ff06f
011b313027
0000000000
010ac73027
01d85ff06f
011b413027
0000000000
010ad73027
01da5ff06f
011b513027
0000000000
010ae73027
01d87ff06f
011b613027
0000000000
010af73027
01da7ff06f
011b713027
0000000000
010e873027
01d89ff06f
011b813027
0000000000
010e973027
01da9ff06f
011b913027
0000000000
010ea73027
01d8bff06f
011ba13027
0000000000
010eb73027
01dabff06f
011bb13027
0000000000
010ec73027
01d8dff06f
011bc13027
0000000000
010ed73027
01dadff06f
011bd13027
0000000000
010ee73027
01d8fff06f
011be13027
0000000000
010ef73027
01dafff06f
011bf13027
0000000000
010287b027
01d41ff06f
011e013027
0000000000
010297b027
01d61ff06f
011e113027
0000000000
0102a7b027
01d43ff06f
011e213027
0000000000
0102b7b027
01d63ff06f
011e313027
0000000000
0102c7b027
01d45ff06f
011e413027
0000000000
0102d7b027
01d65ff06f
011e513027
0000000000
0102e7b027
01d47ff06f
011e613027
0000000000
0102f7b027
01d67ff06f
011e713027
0000000000
010687b027
01d49ff06f
011e813027
0000000000
010697b027
01d69ff06f
011e913027
0000000000
0106a7b027
01d4bff06f
011ea13027
0000000000
0106b7b027
01d6bff06f
011eb13027
0000000000
0106c7b027
01d4dff06f
011ec13027
0000000000
0106d7b027
01d6dff06f
011ed13027
0000000000
0106e7b027
01d4fff06f
011ee13027
0000000000
0106f7b027
01d6fff06f
011ef13027
0000000000
010a87b027
01dc1ff06f
011f013027
0000000000
010a97b027
01de1ff06f
011f113027
0000000000
010aa7b027
01dc3ff06f
011f213027
0000000000
010ab7b027
01de3ff06f
011f313027
0000000000
010ac7b027
01dc5ff06f
011f413027
0000000000
010ad7b027
01de5ff06f
011f513027
0000000000
010ae7b027
01dc7ff06f
011f613027
0000000000
010af7b027
01de7ff06f
011f713027
0000000000
010e87b027
01dc9ff06f
011f813027
0000000000
010e97b027
01de9ff06f
011f913027
0000000000
010ea7b027
01dcbff06f
011fa13027
0000000000
010eb7b027
01debff06f
011fb13027
0000000000
010ec7b027
01dcdff06f
011fc13027
0000000000
010ed7b027
01dedff06f
011fd13027
0000000000
010ee7b027
01dcfff06f
011fe13027
0000000000
010ef7b027
01defff06f
011ff13027
0000000000
0102843427
01a01ff06f
0102013427
0000000000
0102943427
01a21ff06f
0102113427
0000000000
0102a43427
01a03ff06f
0102213427
0000000000
0102b43427
01a23ff06f
0102313427
0000000000
0102c43427
01a05ff06f
0102413427
0000000000
0102d43427
01a25ff06f
0102513427
0000000000
0102e43427
01a07ff06f
0102613427
0000000000
0102f43427
01a27ff06f
0102713427
0000000000
0106843427
01a09ff06f
0102813427
0000000000
0106943427
01a29ff06f
0102913427
0000000000
0106a43427
01a0bff06f
0102a13427
0000000000
0106b43427
01a2bff06f
0102b13427
0000000000
0106c43427
01a0dff06f
0102c13427
0000000000
0106d43427
01a2dff06f
0102d13427
0000000000
0106e43427
01a0fff06f
0102e13427
0000000000
0106f43427
01a2fff06f
0102f13427
0000000000
010a843427
01a81ff06f
0103013427
0000000000
010a943427
01aa1ff06f
0103113427
0000000000
010aa43427
01a83ff06f
0103213427
0000000000
010ab43427
01aa3ff06f
0103313427
0000000000
010ac43427
01a85ff06f
0103413427
0000000000
010ad43427
01aa5ff06f
0103513427
0000000000
010ae43427
01a87ff06f
0103613427
0000000000
010af43427
01aa7ff06f
0103713427
0000000000
010e843427
01a89ff06f
0103813427
0000000000
010e943427
01aa9ff06f
0103913427
0000000000
010ea43427
01a8bff06f
0103a13427
0000000000
010eb43427
01aabff06f
0103b13427
0000000000
010ec43427
01a8dff06f
0103c13427
0000000000
010ed43427
01aadff06f
0103d13427
0000000000
010ee43427
01a8fff06f
0103e13427
0000000000
010ef43427
01aafff06f
0103f13427
0000000000
010284b427
01a41ff06f
0106013427
0000000000
010294b427
01a61ff06f
0106113427
0000000000
0102a4b427
01a43ff06f
0106213427
0000000000
0102b4b427
01a63ff06f
0106313427
0000000000
0102c4b427
01a45ff06f
0106413427
0000000000
0102d4b427
01a65ff06f
0106513427
0000000000
0102e4b427
01a47ff06f
0106613427
0000000000
0102f4b427
01a67ff06f
0106713427
0000000000
010684b427
01a49ff06f
0106813427
0000000000
010694b427
01a69ff06f
0106913427
0000000000
0106a4b427
01a4bff06f
0106a13427
0000000000
0106b4b427
01a6bff06f
0106b13427
0000000000
0106c4b427
01a4dff06f
0106c13427
0000000000
0106d4b427
01a6dff06f
0106d13427
0000000000
0106e4b427
01a4fff06f
0106e13427
0000000000
0106f4b427
01a6fff06f
0106f13427
0000000000
010a84b427
01ac1ff06f
0107013427
0000000000
010a94b427
01ae1ff06f
0107113427
0000000000
010aa4b427
01ac3ff06f
0107213427
0000000000
010ab4b427
01ae3ff06f
0107313427
0000000000
010ac4b427
01ac5ff06f
0107413427
0000000000
010ad4b427
01ae5ff06f
0107513427
0000000000
010ae4b427
01ac7ff06f
0107613427
0000000000
010af4b427
01ae7ff06f
0107713427
0000000000
010e84b427
01ac9ff06f
0107813427
0000000000
010e94b427
01ae9ff06f
0107913427
0000000000
010ea4b427
01acbff06f
0107a13427
0000000000
010eb4b427
01aebff06f
0107b13427
0000000000
010ec4b427
01acdff06f
0107c13427
0000000000
010ed4b427
01aedff06f
0107d13427
0000000000
010ee4b427
01acfff06f
0107e13427
0000000000
010ef4b427
01aefff06f
0107f13427
0000000000
0102853427
01e01ff06f
010a013427
0000000000
0102953427
01e21ff06f
010a113427
0000000000
0102a53427
01e03ff06f
010a213427
0000000000
0102b53427
01e23ff06f
010a313427
0000000000
0102c53427
01e05ff06f
010a413427
0000000000
0102d53427
01e25ff06f
010a513427
0000000000
0102e53427
01e07ff06f
010a613427
0000000000
0102f53427
01e27ff06f
010a713427
0000000000
0106853427
01e09ff06f
010a813427
0000000000
0106953427
01e29ff06f
010a913427
0000000000
0106a53427
01e0bff06f
010aa13427
0000000000
0106b53427
01e2bff06f
010ab13427
0000000000
0106c53427
01e0dff06f
010ac13427
0000000000
0106d53427
01e2dff06f
010ad13427
0000000000
0106e53427
01e0fff06f
010ae13427
0000000000
0106f53427
01e2fff06f
010af13427
0000000000
010a853427
01e81ff06f
010b013427
0000000000
010a953427
01ea1ff06f
010b113427
0000000000
010aa53427
01e83ff06f
010b213427
0000000000
010ab53427
01ea3ff06f
010b313427
0000000000
010ac53427
01e85ff06f
010b413427
0000000000
010ad53427
01ea5ff06f
010b513427
0000000000
010ae53427
01e87ff06f
010b613427
0000000000
010af53427
01ea7ff06f
010b713427
0000000000
010e853427
01e89ff06f
010b813427
0000000000
010e953427
01ea9ff06f
010b913427
0000000000
010ea53427
01e8bff06f
010ba13427
0000000000
010eb53427
01eabff06f
010bb13427
0000000000
010ec53427
01e8dff06f
010bc13427
0000000000
010ed53427
01eadff06f
010bd13427
0000000000
010ee53427
01e8fff06f
010be13427
0000000000
010ef53427
01eafff06f
010bf13427
0000000000
010285b427
01e41ff06f
010e013427
0000000000
010295b427
01e61ff06f
010e113427
0000000000
0102a5b427
01e43ff06f
010e213427
0000000000
0102b5b427
01e63ff06f
010e313427
0000000000
0102c5b427
01e45ff06f
010e413427
0000000000
0102d5b427
01e65ff06f
010e513427
0000000000
0102e5b427
01e47ff06f
010e613427
0000000000
0102f5b427
01e67ff06f
010e713427
0000000000
010685b427
01e49ff06f
010e813427
0000000000
010695b427
01e69ff06f
010e913427
0000000000
0106a5b427
01e4bff06f
010ea13427
0000000000
0106b5b427
01e6bff06f
010eb13427
0000000000
0106c5b427
01e4dff06f
010ec13427
0000000000
0106d5b427
01e6dff06f
010ed13427
0000000000
0106e5b427
01e4fff06f
010ee13427
0000000000
0106f5b427
01e6fff06f
010ef13427
0000000000
010a85b427
01ec1ff06f
010f013427
0000000000
010a95b427
01ee1ff06f
010f113427
0000000000
010aa5b427
01ec3ff06f
010f213427
0000000000
010ab5b427
01ee3ff06f
010f313427
0000000000
010ac5b427
01ec5ff06f
010f413427
0000000000
010ad5b427
01ee5ff06f
010f513427
0000000000
010ae5b427
01ec7ff06f
010f613427
0000000000
010af5b427
01ee7ff06f
010f713427
0000000000
010e85b427
01ec9ff06f
010f813427
0000000000
010e95b427
01ee9ff06f
010f913427
0000000000
010ea5b427
01ecbff06f
010fa13427
0000000000
010eb5b427
01eebff06f
010fb13427
0000000000
010ec5b427
01ecdff06f
010fc13427
0000000000
010ed5b427
01eedff06f
010fd13427
0000000000
010ee5b427
01ecfff06f
010fe13427
0000000000
010ef5b427
01eefff06f
010ff13427
0000000000
0102863427
01b01ff06f
0112013427
0000000000
0102963427
01b21ff06f
0112113427
0000000000
0102a63427
01b03ff06f
0112213427
0000000000
0102b63427
01b23ff06f
0112313427
0000000000
0102c63427
01b05ff06f
0112413427
0000000000
0102d63427
01b25ff06f
0112513427
0000000000
0102e63427
01b07ff06f
0112613427
0000000000
0102f63427
01b27ff06f
0112713427
0000000000
0106863427
01b09ff06f
0112813427
0000000000
0106963427
01b29ff06f
0112913427
0000000000
0106a63427
01b0bff06f
0112a13427
0000000000
0106b63427
01b2bff06f
0112b13427
0000000000
0106c63427
01b0dff06f
0112c13427
0000000000
0106d63427
01b2dff06f
0112d13427
0000000000
0106e63427
01b0fff06f
0112e13427
0000000000
0106f63427
01b2fff06f
0112f13427
0000000000
010a863427
01b81ff06f
0113013427
0000000000
010a963427
01ba1ff06f
0113113427
0000000000
010aa63427
01b83ff06f
0113213427
0000000000
010ab63427
01ba3ff06f
0113313427
0000000000
010ac63427
01b85ff06f
0113413427
0000000000
010ad63427
01ba5ff06f
0113513427
0000000000
010ae63427
01b87ff06f
0113613427
0000000000
010af63427
01ba7ff06f
0113713427
0000000000
010e863427
01b89ff06f
0113813427
0000000000
010e963427
01ba9ff06f
0113913427
0000000000
010ea63427
01b8bff06f
0113a13427
0000000000
010eb63427
01babff06f
0113b13427
0000000000
010ec63427
01b8dff06f
0113c13427
0000000000
010ed63427
01badff06f
0113d13427
0000000000
010ee63427
01b8fff06f
0113e13427
0000000000
010ef63427
01bafff06f
0113f13427
0000000000
010286b427
01b41ff06f
0116013427
0000000000
010296b427
01b61ff06f
0116113427
0000000000
0102a6b427
01b43ff06f
0116213427
0000000000
0102b6b427
01b63ff06f
0116313427
0000000000
0102c6b427
01b45ff06f
0116413427
0000000000
0102d6b427
01b65ff06f
0116513427
0000000000
0102e6b427
01b47ff06f
0116613427
0000000000
0102f6b427
01b67ff06f
0116713427
0000000000
010686b427
01b49ff06f
0116813427
0000000000
010696b427
01b69ff06f
0116913427
0000000000
0106a6b427
01b4bff06f
0116a13427
0000000000
0106b6b427
01b6bff06f
0116b13427
0000000000
0106c6b427
01b4dff06f
0116c13427
0000000000
0106d6b427
01b6dff06f
0116d13427
0000000000
0106e6b427
01b4fff06f
0116e13427
0000000000
0106f6b427
01b6fff06f
0116f13427
0000000000
010a86b427
01bc1ff06f
0117013427
0000000000
010a96b427
01be1ff06f
0117113427
0000000000
010aa6b427
01bc3ff06f
0117213427
0000000000
010ab6b427
01be3ff06f
0117313427
0000000000
010ac6b427
01bc5ff06f
0117413427
0000000000
010ad6b427
01be5ff06f
0117513427
0000000000
010ae6b427
01bc7ff06f
0117613427
0000000000
010af6b427
01be7ff06f
0117713427
0000000000
010e86b427
01bc9ff06f
0117813427
0000000000
010e96b427
01be9ff06f
0117913427
0000000000
010ea6b427
01bcbff06f
0117a13427
0000000000
010eb6b427
01bebff06f
0117b13427
0000000000
010ec6b427
01bcdff06f
0117c13427
0000000000
010ed6b427
01bedff06f
0117d13427
0000000000
010ee6b427
01bcfff06f
0117e13427
0000000000
010ef6b427
01befff06f
0117f13427
0000000000
0102873427
01f01ff06f
011a013427
0000000000
0102973427
01f21ff06f
011a113427
0000000000
0102a73427
01f03ff06f
011a213427
0000000000
0102b73427
01f23ff06f
011a313427
0000000000
0102c73427
01f05ff06f
011a413427
0000000000
0102d73427
01f25ff06f
011a513427
0000000000
0102e73427
01f07ff06f
011a613427
0000000000
0102f73427
01f27ff06f
011a713427
0000000000
0106873427
01f09ff06f
011a813427
0000000000
0106973427
01f29ff06f
011a913427
0000000000
0106a73427
01f0bff06f
011aa13427
0000000000
0106b73427
01f2bff06f
011ab13427
0000000000
0106c73427
01f0dff06f
011ac13427
0000000000
0106d73427
01f2dff06f
011ad13427
0000000000
0106e73427
01f0fff06f
011ae13427
0000000000
0106f73427
01f2fff06f
011af13427
0000000000
010a873427
01f81ff06f
011b013427
0000000000
010a973427
01fa1ff06f
011b113427
0000000000
010aa73427
01f83ff06f
011b213427
0000000000
010ab73427
01fa3ff06f
011b313427
0000000000
010ac73427
01f85ff06f
011b413427
0000000000
010ad73427
01fa5ff06f
011b513427
0000000000
010ae73427
01f87ff06f
011b613427
0000000000
010af73427
01fa7ff06f
011b713427
0000000000
010e873427
01f89ff06f
011b813427
0000000000
010e973427
01fa9ff06f
011b913427
0000000000
010ea73427
01f8bff06f
011ba13427
0000000000
010eb73427
01fabff06f
011bb13427
0000000000
010ec73427
01f8dff06f
011bc13427
0000000000
010ed73427
01fadff06f
011bd13427
0000000000
010ee73427
01f8fff06f
011be13427
0000000000
010ef73427
01fafff06f
011bf13427
0000000000
010287b427
01f41ff06f
011e013427
0000000000
010297b427
01f61ff06f
011e113427
0000000000
0102a7b427
01f43ff06f
011e213427
0000000000
0102b7b427
01f63ff06f
011e313427
0000000000
0102c7b427
01f45ff06f
011e413427
0000000000
0102d7b427
01f65ff06f
011e513427
0000000000
0102e7b427
01f47ff06f
011e613427
0000000000
0102f7b427
01f67ff06f
011e713427
0000000000
010687b427
01f49ff06f
011e813427
0000000000
010697b427
01f69ff06f
011e913427
0000000000
0106a7b427
01f4bff06f
011ea13427
0000000000
0106b7b427
01f6bff06f
011eb13427
0000000000
0106c7b427
01f4dff06f
011ec13427
0000000000
0106d7b427
01f6dff06f
011ed13427
0000000000
0106e7b427
01f4fff06f
011ee13427
0000000000
0106f7b427
01f6fff06f
011ef13427
0000000000
010a87b427
01fc1ff06f
011f013427
0000000000
010a97b427
01fe1ff06f
011f113427
0000000000
010aa7b427
01fc3ff06f
011f213427
0000000000
010ab7b427
01fe3ff06f
011f313427
0000000000
010ac7b427
01fc5ff06f
011f413427
0000000000
010ad7b427
01fe5ff06f
011f513427
0000000000
010ae7b427
01fc7ff06f
011f613427
0000000000
010af7b427
01fe7ff06f
011f713427
0000000000
010e87b427
01fc9ff06f
011f813427
0000000000
010e97b427
01fe9ff06f
011f913427
0000000000
010ea7b427
01fcbff06f
011fa13427
0000000000
010eb7b427
01febff06f
011fb13427
0000000000
010ec7b427
01fcdff06f
011fc13427
0000000000
010ed7b427
01fedff06f
011fd13427
0000000000
010ee7b427
01fcfff06f
011fe13427
0000000000
010ef7b427
01fefff06f
011ff13427
0000000000
0102843827
01811ff06f
0102013827
0000000000
0102943827
01831ff06f
0102113827
0000000000
0102a43827
01813ff06f
0102213827
0000000000
0102b43827
01833ff06f
0102313827
0000000000
0102c43827
01815ff06f
0102413827
0000000000
0102d43827
01835ff06f
0102513827
0000000000
0102e43827
01817ff06f
0102613827
0000000000
0102f43827
01837ff06f
0102713827
0000000000
0106843827
01819ff06f
0102813827
0000000000
0106943827
01839ff06f
0102913827
0000000000
0106a43827
0181bff06f
0102a13827
0000000000
0106b43827
0183bff06f
0102b13827
0000000000
0106c43827
0181dff06f
0102c13827
0000000000
0106d43827
0183dff06f
0102d13827
0000000000
0106e43827
0181fff06f
0102e13827
0000000000
0106f43827
0183fff06f
0102f13827
0000000000
010a843827
01891ff06f
0103013827
0000000000
010a943827
018b1ff06f
0103113827
0000000000
010aa43827
01893ff06f
0103213827
0000000000
010ab43827
018b3ff06f
0103313827
0000000000
010ac43827
01895ff06f
0103413827
0000000000
010ad43827
018b5ff06f
0103513827
0000000000
010ae43827
01897ff06f
0103613827
0000000000
010af43827
018b7ff06f
0103713827
0000000000
010e843827
01899ff06f
0103813827
0000000000
010e943827
018b9ff06f
0103913827
0000000000
010ea43827
0189bff06f
0103a13827
0000000000
010eb43827
018bbff06f
0103b13827
0000000000
010ec43827
0189dff06f
0103c13827
0000000000
010ed43827
018bdff06f
0103d13827
0000000000
010ee43827
0189fff06f
0103e13827
0000000000
010ef43827
018bfff06f
0103f13827
0000000000
010284b827
01851ff06f
0106013827
0000000000
010294b827
01871ff06f
0106113827
0000000000
0102a4b827
01853ff06f
0106213827
0000000000
0102b4b827
01873ff06f
0106313827
0000000000
0102c4b827
01855ff06f
0106413827
0000000000
0102d4b827
01875ff06f
0106513827
0000000000
0102e4b827
01857ff06f
0106613827
0000000000
0102f4b827
01877ff06f
0106713827
0000000000
010684b827
01859ff06f
0106813827
0000000000
010694b827
01879ff06f
0106913827
0000000000
0106a4b827
0185bff06f
0106a13827
0000000000
0106b4b827
0187bff06f
0106b13827
0000000000
0106c4b827
0185dff06f
0106c13827
0000000000
0106d4b827
0187dff06f
0106d13827
0000000000
0106e4b827
0185fff06f
0106e13827
0000000000
0106f4b827
0187fff06f
0106f13827
0000000000
010a84b827
018d1ff06f
0107013827
0000000000
010a94b827
018f1ff06f
0107113827
0000000000
010aa4b827
018d3ff06f
0107213827
0000000000
010ab4b827
018f3ff06f
0107313827
0000000000
010ac4b827
018d5ff06f
0107413827
0000000000
010ad4b827
018f5ff06f
0107513827
0000000000
010ae4b827
018d7ff06f
0107613827
0000000000
010af4b827
018f7ff06f
0107713827
0000000000
010e84b827
018d9ff06f
0107813827
0000000000
010e94b827
018f9ff06f
0107913827
0000000000
010ea4b827
018dbff06f
0107a13827
0000000000
010eb4b827
018fbff06f
0107b13827
0000000000
010ec4b827
018ddff06f
0107c13827
0000000000
010ed4b827
018fdff06f
0107d13827
0000000000
010ee4b827
018dfff06f
0107e13827
0000000000
010ef4b827
018ffff06f
0107f13827
0000000000
0102853827
01c11ff06f
010a013827
0000000000
0102953827
01c31ff06f
010a113827
0000000000
0102a53827
01c13ff06f
010a213827
0000000000
0102b53827
01c33ff06f
010a313827
0000000000
0102c53827
01c15ff06f
010a413827
0000000000
0102d53827
01c35ff06f
010a513827
0000000000
0102e53827
01c17ff06f
010a613827
0000000000
0102f53827
01c37ff06f
010a713827
0000000000
0106853827
01c19ff06f
010a813827
0000000000
0106953827
01c39ff06f
010a913827
0000000000
0106a53827
01c1bff06f
010aa13827
0000000000
0106b53827
01c3bff06f
010ab13827
0000000000
0106c53827
01c1dff06f
010ac13827
0000000000
0106d53827
01c3dff06f
010ad13827
0000000000
0106e53827
01c1fff06f
010ae13827
0000000000
0106f53827
01c3fff06f
010af13827
0000000000
010a853827
01c91ff06f
010b013827
0000000000
010a953827
01cb1ff06f
010b113827
0000000000
010aa53827
01c93ff06f
010b213827
0000000000
010ab53827
01cb3ff06f
010b313827
0000000000
010ac53827
01c95ff06f
010b413827
0000000000
010ad53827
01cb5ff06f
010b513827
0000000000
010ae53827
01c97ff06f
010b613827
0000000000
010af53827
01cb7ff06f
010b713827
0000000000
010e853827
01c99ff06f
010b813827
0000000000
010e953827
01cb9ff06f
010b913827
0000000000
010ea53827
01c9bff06f
010ba13827
0000000000
010eb53827
01cbbff06f
010bb13827
0000000000
010ec53827
01c9dff06f
010bc13827
0000000000
010ed53827
01cbdff06f
010bd13827
0000000000
010ee53827
01c9fff06f
010be13827
0000000000
010ef53827
01cbfff06f
010bf13827
0000000000
010285b827
01c51ff06f
010e013827
0000000000
010295b827
01c71ff06f
010e113827
0000000000
0102a5b827
01c53ff06f
010e213827
0000000000
0102b5b827
01c73ff06f
010e313827
0000000000
0102c5b827
01c55ff06f
010e413827
0000000000
0102d5b827
01c75ff06f
010e513827
0000000000
0102e5b827
01c57ff06f
010e613827
0000000000
0102f5b827
01c77ff06f
010e713827
0000000000
010685b827
01c59ff06f
010e813827
0000000000
010695b827
01c79ff06f
010e913827
0000000000
0106a5b827
01c5bff06f
010ea13827
0000000000
0106b5b827
01c7bff06f
010eb13827
0000000000
0106c5b827
01c5dff06f
010ec13827
0000000000
0106d5b827
01c7dff06f
010ed13827
0000000000
0106e5b827
01c5fff06f
010ee13827
0000000000
0106f5b827
01c7fff06f
010ef13827
0000000000
010a85b827
01cd1ff06f
010f013827
0000000000
010a95b827
01cf1ff06f
010f113827
0000000000
010aa5b827
01cd3ff06f
010f213827
0000000000
010ab5b827
01cf3ff06f
010f313827
0000000000
010ac5b827
01cd5ff06f
010f413827
0000000000
010ad5b827
01cf5ff06f
010f513827
0000000000
010ae5b827
01cd7ff06f
010f613827
0000000000
010af5b827
01cf7ff06f
010f713827
0000000000
010e85b827
01cd9ff06f
010f813827
0000000000
010e95b827
01cf9ff06f
010f913827
0000000000
010ea5b827
01cdbff06f
010fa13827
0000000000
010eb5b827
01cfbff06f
010fb13827
0000000000
010ec5b827
01cddff06f
010fc13827
0000000000
010ed5b827
01cfdff06f
010fd13827
0000000000
010ee5b827
01cdfff06f
010fe13827
0000000000
010ef5b827
01cffff06f
010ff13827
0000000000
0102863827
01911ff06f
0112013827
0000000000
0102963827
01931ff06f
0112113827
0000000000
0102a63827
01913ff06f
0112213827
0000000000
0102b63827
01933ff06f
0112313827
0000000000
0102c63827
01915ff06f
0112413827
0000000000
0102d63827
01935ff06f
0112513827
0000000000
0102e63827
01917ff06f
0112613827
0000000000
0102f63827
01937ff06f
0112713827
0000000000
0106863827
01919ff06f
0112813827
0000000000
0106963827
01939ff06f
0112913827
0000000000
0106a63827
0191bff06f
0112a13827
0000000000
0106b63827
0193bff06f
0112b13827
0000000000
0106c63827
0191dff06f
0112c13827
0000000000
0106d63827
0193dff06f
0112d13827
0000000000
0106e63827
0191fff06f
0112e13827
0000000000
0106f63827
0193fff06f
0112f13827
0000000000
010a863827
01991ff06f
0113013827
0000000000
010a963827
019b1ff06f
0113113827
0000000000
010aa63827
01993ff06f
0113213827
0000000000
010ab63827
019b3ff06f
0113313827
0000000000
010ac63827
01995ff06f
0113413827
0000000000
010ad63827
019b5ff06f
0113513827
0000000000
010ae63827
01997ff06f
0113613827
0000000000
010af63827
019b7ff06f
0113713827
0000000000
010e863827
01999ff06f
0113813827
0000000000
010e963827
019b9ff06f
0113913827
0000000000
010ea63827
0199bff06f
0113a13827
0000000000
010eb63827
019bbff06f
0113b13827
0000000000
010ec63827
0199dff06f
0113c13827
0000000000
010ed63827
019bdff06f
0113d13827
0000000000
010ee63827
0199fff06f
0113e13827
0000000000
010ef63827
019bfff06f
0113f13827
0000000000
010286b827
01951ff06f
0116013827
0000000000
010296b827
01971ff06f
0116113827
0000000000
0102a6b827
01953ff06f
0116213827
0000000000
0102b6b827
01973ff06f
0116313827
0000000000
0102c6b827
01955ff06f
0116413827
0000000000
0102d6b827
01975ff06f
0116513827
0000000000
0102e6b827
01957ff06f
0116613827
0000000000
0102f6b827
01977ff06f
0116713827
0000000000
010686b827
01959ff06f
0116813827
0000000000
010696b827
01979ff06f
0116913827
0000000000
0106a6b827
0195bff06f
0116a13827
0000000000
0106b6b827
0197bff06f
0116b13827
0000000000
0106c6b827
0195dff06f
0116c13827
0000000000
0106d6b827
0197dff06f
0116d13827
0000000000
0106e6b827
0195fff06f
0116e13827
0000000000
0106f6b827
0197fff06f
0116f13827
0000000000
010a86b827
019d1ff06f
0117013827
0000000000
010a96b827
019f1ff06f
0117113827
0000000000
010aa6b827
019d3ff06f
0117213827
0000000000
010ab6b827
019f3ff06f
0117313827
0000000000
010ac6b827
019d5ff06f
0117413827
0000000000
010ad6b827
019f5ff06f
0117513827
0000000000
010ae6b827
019d7ff06f
0117613827
0000000000
010af6b827
019f7ff06f
0117713827
0000000000
010e86b827
019d9ff06f
0117813827
0000000000
010e96b827
019f9ff06f
0117913827
0000000000
010ea6b827
019dbff06f
0117a13827
0000000000
010eb6b827
019fbff06f
0117b13827
0000000000
010ec6b827
019ddff06f
0117c13827
0000000000
010ed6b827
019fdff06f
0117d13827
0000000000
010ee6b827
019dfff06f
0117e13827
0000000000
010ef6b827
019ffff06f
0117f13827
0000000000
0102873827
01d11ff06f
011a013827
0000000000
0102973827
01d31ff06f
011a113827
0000000000
0102a73827
01d13ff06f
011a213827
0000000000
0102b73827
01d33ff06f
011a313827
0000000000
0102c73827
01d15ff06f
011a413827
0000000000
0102d73827
01d35ff06f
011a513827
0000000000
0102e73827
01d17ff06f
011a613827
0000000000
0102f73827
01d37ff06f
011a713827
0000000000
0106873827
01d19ff06f
011a813827
0000000000
0106973827
01d39ff06f
011a913827
0000000000
0106a73827
01d1bff06f
011aa13827
0000000000
0106b73827
01d3bff06f
011ab13827
0000000000
0106c73827
01d1dff06f
011ac13827
0000000000
0106d73827
01d3dff06f
011ad13827
0000000000
0106e73827
01d1fff06f
011ae13827
0000000000
0106f73827
01d3fff06f
011af13827
0000000000
010a873827
01d91ff06f
011b013827
0000000000
010a973827
01db1ff06f
011b113827
0000000000
010aa73827
01d93ff06f
011b213827
0000000000
010ab73827
01db3ff06f
011b313827
0000000000
010ac73827
01d95ff06f
011b413827
0000000000
010ad73827
01db5ff06f
011b513827
0000000000
010ae73827
01d97ff06f
011b613827
0000000000
010af73827
01db7ff06f
011b713827
0000000000
010e873827
01d99ff06f
011b813827
0000000000
010e973827
01db9ff06f
011b913827
0000000000
010ea73827
01d9bff06f
011ba13827
0000000000
010eb73827
01dbbff06f
011bb13827
0000000000
010ec73827
01d9dff06f
011bc13827
0000000000
010ed73827
01dbdff06f
011bd13827
0000000000
010ee73827
01d9fff06f
011be13827
0000000000
010ef73827
01dbfff06f
011bf13827
0000000000
010287b827
01d51ff06f
011e013827
0000000000
010297b827
01d71ff06f
011e113827
0000000000
0102a7b827
01d53ff06f
011e213827
0000000000
0102b7b827
01d73ff06f
011e313827
0000000000
0102c7b827
01d55ff06f
011e413827
0000000000
0102d7b827
01d75ff06f
011e513827
0000000000
0102e7b827
01d57ff06f
011e613827
0000000000
0102f7b827
01d77ff06f
011e713827
0000000000
010687b827
01d59ff06f
011e813827
0000000000
010697b827
01d79ff06f
011e913827
0000000000
0106a7b827
01d5bff06f
011ea13827
0000000000
0106b7b827
01d7bff06f
011eb13827
0000000000
0106c7b827
01d5dff06f
011ec13827
0000000000
0106d7b827
01d7dff06f
011ed13827
0000000000
0106e7b827
01d5fff06f
011ee13827
0000000000
0106f7b827
01d7fff06f
011ef13827
0000000000
010a87b827
01dd1ff06f
011f013827
0000000000
010a97b827
01df1ff06f
011f113827
0000000000
010aa7b827
01dd3ff06f
011f213827
0000000000
010ab7b827
01df3ff06f
011f313827
0000000000
010ac7b827
01dd5ff06f
011f413827
0000000000
010ad7b827
01df5ff06f
011f513827
0000000000
010ae7b827
01dd7ff06f
011f613827
0000000000
010af7b827
01df7ff06f
011f713827
0000000000
010e87b827
01dd9ff06f
011f813827
0000000000
010e97b827
01df9ff06f
011f913827
0000000000
010ea7b827
01ddbff06f
011fa13827
0000000000
010eb7b827
01dfbff06f
011fb13827
0000000000
010ec7b827
01dddff06f
011fc13827
0000000000
010ed7b827
01dfdff06f
011fd13827
0000000000
010ee7b827
01ddfff06f
011fe13827
0000000000
010ef7b827
01dffff06f
011ff13827
0000000000
0102843c27
01a11ff06f
0102013c27
0000000000
0102943c27
01a31ff06f
0102113c27
0000000000
0102a43c27
01a13ff06f
0102213c27
0000000000
0102b43c27
01a33ff06f
0102313c27
0000000000
0102c43c27
01a15ff06f
0102413c27
0000000000
0102d43c27
01a35ff06f
0102513c27
0000000000
0102e43c27
01a17ff06f
0102613c27
0000000000
0102f43c27
01a37ff06f
0102713c27
0000000000
0106843c27
01a19ff06f
0102813c27
0000000000
0106943c27
01a39ff06f
0102913c27
0000000000
0106a43c27
01a1bff06f
0102a13c27
0000000000
0106b43c27
01a3bff06f
0102b13c27
0000000000
0106c43c27
01a1dff06f
0102c13c27
0000000000
0106d43c27
01a3dff06f
0102d13c27
0000000000
0106e43c27
01a1fff06f
0102e13c27
0000000000
0106f43c27
01a3fff06f
0102f13c27
0000000000
010a843c27
01a91ff06f
0103013c27
0000000000
010a943c27
01ab1ff06f
0103113c27
0000000000
010aa43c27
01a93ff06f
0103213c27
0000000000
010ab43c27
01ab3ff06f
0103313c27
0000000000
010ac43c27
01a95ff06f
0103413c27
0000000000
010ad43c27
01ab5ff06f
0103513c27
0000000000
010ae43c27
01a97ff06f
0103613c27
0000000000
010af43c27
01ab7ff06f
0103713c27
0000000000
010e843c27
01a99ff06f
0103813c27
0000000000
010e943c27
01ab9ff06f
0103913c27
0000000000
010ea43c27
01a9bff06f
0103a13c27
0000000000
010eb43c27
01abbff06f
0103b13c27
0000000000
010ec43c27
01a9dff06f
0103c13c27
0000000000
010ed43c27
01abdff06f
0103d13c27
0000000000
010ee43c27
01a9fff06f
0103e13c27
0000000000
010ef43c27
01abfff06f
0103f13c27
0000000000
010284bc27
01a51ff06f
0106013c27
0000000000
010294bc27
01a71ff06f
0106113c27
0000000000
0102a4bc27
01a53ff06f
0106213c27
0000000000
0102b4bc27
01a73ff06f
0106313c27
0000000000
0102c4bc27
01a55ff06f
0106413c27
0000000000
0102d4bc27
01a75ff06f
0106513c27
0000000000
0102e4bc27
01a57ff06f
0106613c27
0000000000
0102f4bc27
01a77ff06f
0106713c27
0000000000
010684bc27
01a59ff06f
0106813c27
0000000000
010694bc27
01a79ff06f
0106913c27
0000000000
0106a4bc27
01a5bff06f
0106a13c27
0000000000
0106b4bc27
01a7bff06f
0106b13c27
0000000000
0106c4bc27
01a5dff06f
0106c13c27
0000000000
0106d4bc27
01a7dff06f
0106d13c27
0000000000
0106e4bc27
01a5fff06f
0106e13c27
0000000000
0106f4bc27
01a7fff06f
0106f13c27
0000000000
010a84bc27
01ad1ff06f
0107013c27
0000000000
010a94bc27
01af1ff06f
0107113c27
0000000000
010aa4bc27
01ad3ff06f
0107213c27
0000000000
010ab4bc27
01af3ff06f
0107313c27
0000000000
010ac4bc27
01ad5ff06f
0107413c27
0000000000
010ad4bc27
01af5ff06f
0107513c27
0000000000
010ae4bc27
01ad7ff06f
0107613c27
0000000000
010af4bc27
01af7ff06f
0107713c27
0000000000
010e84bc27
01ad9ff06f
0107813c27
0000000000
010e94bc27
01af9ff06f
0107913c27
0000000000
010ea4bc27
01adbff06f
0107a13c27
0000000000
010eb4bc27
01afbff06f
0107b13c27
0000000000
010ec4bc27
01addff06f
0107c13c27
0000000000
010ed4bc27
01afdff06f
0107d13c27
0000000000
010ee4bc27
01adfff06f
0107e13c27
0000000000
010ef4bc27
01affff06f
0107f13c27
0000000000
0102853c27
01e11ff06f
010a013c27
0000000000
0102953c27
01e31ff06f
010a113c27
0000000000
0102a53c27
01e13ff06f
010a213c27
0000000000
0102b53c27
01e33ff06f
010a313c27
0000000000
0102c53c27
01e15ff06f
010a413c27
0000000000
0102d53c27
01e35ff06f
010a513c27
0000000000
0102e53c27
01e17ff06f
010a613c27
0000000000
0102f53c27
01e37ff06f
010a713c27
0000000000
0106853c27
01e19ff06f
010a813c27
0000000000
0106953c27
01e39ff06f
010a913c27
0000000000
0106a53c27
01e1bff06f
010aa13c27
0000000000
0106b53c27
01e3bff06f
010ab13c27
0000000000
0106c53c27
01e1dff06f
010ac13c27
0000000000
0106d53c27
01e3dff06f
010ad13c27
0000000000
0106e53c27
01e1fff06f
010ae13c27
0000000000
0106f53c27
01e3fff06f
010af13c27
0000000000
010a853c27
01e91ff06f
010b013c27
0000000000
010a953c27
01eb1ff06f
010b113c27
0000000000
010aa53c27
01e93ff06f
010b213c27
0000000000
010ab53c27
01eb3ff06f
010b313c27
0000000000
010ac53c27
01e95ff06f
010b413c27
0000000000
010ad53c27
01eb5ff06f
010b513c27
0000000000
010ae53c27
01e97ff06f
010b613c27
0000000000
010af53c27
01eb7ff06f
010b713c27
0000000000
010e853c27
01e99ff06f
010b813c27
0000000000
010e953c27
01eb9ff06f
010b913c27
0000000000
010ea53c27
01e9bff06f
010ba13c27
0000000000
010eb53c27
01ebbff06f
010bb13c27
0000000000
010ec53c27
01e9dff06f
010bc13c27
0000000000
010ed53c27
01ebdff06f
010bd13c27
0000000000
010ee53c27
01e9fff06f
010be13c27
0000000000
010ef53c27
01ebfff06f
010bf13c27
0000000000
010285bc27
01e51ff06f
010e013c27
0000000000
010295bc27
01e71ff06f
010e113c27
0000000000
0102a5bc27
01e53ff06f
010e213c27
0000000000
0102b5bc27
01e73ff06f
010e313c27
0000000000
0102c5bc27
01e55ff06f
010e413c27
0000000000
0102d5bc27
01e75ff06f
010e513c27
0000000000
0102e5bc27
01e57ff06f
010e613c27
0000000000
0102f5bc27
01e77ff06f
010e713c27
0000000000
010685bc27
01e59ff06f
010e813c27
0000000000
010695bc27
01e79ff06f
010e913c27
0000000000
0106a5bc27
01e5bff06f
010ea13c27
0000000000
0106b5bc27
01e7bff06f
010eb13c27
0000000000
0106c5bc27
01e5dff06f
010ec13c27
0000000000
0106d5bc27
01e7dff06f
010ed13c27
0000000000
0106e5bc27
01e5fff06f
010ee13c27
0000000000
0106f5bc27
01e7fff06f
010ef13c27
0000000000
010a85bc27
01ed1ff06f
010f013c27
0000000000
010a95bc27
01ef1ff06f
010f113c27
0000000000
010aa5bc27
01ed3ff06f
010f213c27
0000000000
010ab5bc27
01ef3ff06f
010f313c27
0000000000
010ac5bc27
01ed5ff06f
010f413c27
0000000000
010ad5bc27
01ef5ff06f
010f513c27
0000000000
010ae5bc27
01ed7ff06f
010f613c27
0000000000
010af5bc27
01ef7ff06f
010f713c27
0000000000
010e85bc27
01ed9ff06f
010f813c27
0000000000
010e95bc27
01ef9ff06f
010f913c27
0000000000
010ea5bc27
01edbff06f
010fa13c27
0000000000
010eb5bc27
01efbff06f
010fb13c27
0000000000
010ec5bc27
01eddff06f
010fc13c27
0000000000
010ed5bc27
01efdff06f
010fd13c27
0000000000
010ee5bc27
01edfff06f
010fe13c27
0000000000
010ef5bc27
01effff06f
010ff13c27
0000000000
0102863c27
01b11ff06f
0112013c27
0000000000
0102963c27
01b31ff06f
0112113c27
0000000000
0102a63c27
01b13ff06f
0112213c27
0000000000
0102b63c27
01b33ff06f
0112313c27
0000000000
0102c63c27
01b15ff06f
0112413c27
0000000000
0102d63c27
01b35ff06f
0112513c27
0000000000
0102e63c27
01b17ff06f
0112613c27
0000000000
0102f63c27
01b37ff06f
0112713c27
0000000000
0106863c27
01b19ff06f
0112813c27
0000000000
0106963c27
01b39ff06f
0112913c27
0000000000
0106a63c27
01b1bff06f
0112a13c27
0000000000
0106b63c27
01b3bff06f
0112b13c27
0000000000
0106c63c27
01b1dff06f
0112c13c27
0000000000
0106d63c27
01b3dff06f
0112d13c27
0000000000
0106e63c27
01b1fff06f
0112e13c27
0000000000
0106f63c27
01b3fff06f
0112f13c27
0000000000
010a863c27
01b91ff06f
0113013c27
0000000000
010a963c27
01bb1ff06f
0113113c27
0000000000
010aa63c27
01b93ff06f
0113213c27
0000000000
010ab63c27
01bb3ff06f
0113313c27
0000000000
010ac63c27
01b95ff06f
0113413c27
0000000000
010ad63c27
01bb5ff06f
0113513c27
0000000000
010ae63c27
01b97ff06f
0113613c27
0000000000
010af63c27
01bb7ff06f
0113713c27
0000000000
010e863c27
01b99ff06f
0113813c27
0000000000
010e963c27
01bb9ff06f
0113913c27
0000000000
010ea63c27
01b9bff06f
0113a13c27
0000000000
010eb63c27
01bbbff06f
0113b13c27
0000000000
010ec63c27
01b9dff06f
0113c13c27
0000000000
010ed63c27
01bbdff06f
0113d13c27
0000000000
010ee63c27
01b9fff06f
0113e13c27
0000000000
010ef63c27
01bbfff06f
0113f13c27
0000000000
010286bc27
01b51ff06f
0116013c27
0000000000
010296bc27
01b71ff06f
0116113c27
0000000000
0102a6bc27
01b53ff06f
0116213c27
0000000000
0102b6bc27
01b73ff06f
0116313c27
0000000000
0102c6bc27
01b55ff06f
0116413c27
0000000000
0102d6bc27
01b75ff06f
0116513c27
0000000000
0102e6bc27
01b57ff06f
0116613c27
0000000000
0102f6bc27
01b77ff06f
0116713c27
0000000000
010686bc27
01b59ff06f
0116813c27
0000000000
010696bc27
01b79ff06f
0116913c27
0000000000
0106a6bc27
01b5bff06f
0116a13c27
0000000000
0106b6bc27
01b7bff06f
0116b13c27
0000000000
0106c6bc27
01b5dff06f
0116c13c27
0000000000
0106d6bc27
01b7dff06f
0116d13c27
0000000000
0106e6bc27
01b5fff06f
0116e13c27
0000000000
0106f6bc27
01b7fff06f
0116f13c27
0000000000
010a86bc27
01bd1ff06f
0117013c27
0000000000
010a96bc27
01bf1ff06f
0117113c27
0000000000
010aa6bc27
01bd3ff06f
0117213c27
0000000000
010ab6bc27
01bf3ff06f
0117313c27
0000000000
010ac6bc27
01bd5ff06f
0117413c27
0000000000
010ad6bc27
01bf5ff06f
0117513c27
0000000000
010ae6bc27
01bd7ff06f
0117613c27
0000000000
010af6bc27
01bf7ff06f
0117713c27
0000000000
010e86bc27
01bd9ff06f
0117813c27
0000000000
010e96bc27
01bf9ff06f
0117913c27
0000000000
010ea6bc27
01bdbff06f
0117a13c27
0000000000
010eb6bc27
01bfbff06f
0117b13c27
0000000000
010ec6bc27
01bddff06f
0117c13c27
0000000000
010ed6bc27
01bfdff06f
0117d13c27
0000000000
010ee6bc27
01bdfff06f
0117e13c27
0000000000
010ef6bc27
01bffff06f
0117f13c27
0000000000
0102873c27
01f11ff06f
011a013c27
0000000000
0102973c27
01f31ff06f
011a113c27
0000000000
0102a73c27
01f13ff06f
011a213c27
0000000000
0102b73c27
01f33ff06f
011a313c27
0000000000
0102c73c27
01f15ff06f
011a413c27
0000000000
0102d73c27
01f35ff06f
011a513c27
0000000000
0102e73c27
01f17ff06f
011a613c27
0000000000
0102f73c27
01f37ff06f
011a713c27
0000000000
0106873c27
01f19ff06f
011a813c27
0000000000
0106973c27
01f39ff06f
011a913c27
0000000000
0106a73c27
01f1bff06f
011aa13c27
0000000000
0106b73c27
01f3bff06f
011ab13c27
0000000000
0106c73c27
01f1dff06f
011ac13c27
0000000000
0106d73c27
01f3dff06f
011ad13c27
0000000000
0106e73c27
01f1fff06f
011ae13c27
0000000000
0106f73c27
01f3fff06f
011af13c27
0000000000
010a873c27
01f91ff06f
011b013c27
0000000000
010a973c27
01fb1ff06f
011b113c27
0000000000
010aa73c27
01f93ff06f
011b213c27
0000000000
010ab73c27
01fb3ff06f
011b313c27
0000000000
010ac73c27
01f95ff06f
011b413c27
0000000000
010ad73c27
01fb5ff06f
011b513c27
0000000000
010ae73c27
01f97ff06f
011b613c27
0000000000
010af73c27
01fb7ff06f
011b713c27
0000000000
010e873c27
01f99ff06f
011b813c27
0000000000
010e973c27
01fb9ff06f
011b913c27
0000000000
010ea73c27
01f9bff06f
011ba13c27
0000000000
010eb73c27
01fbbff06f
011bb13c27
0000000000
010ec73c27
01f9dff06f
011bc13c27
0000000000
010ed73c27
01fbdff06f
011bd13c27
0000000000
010ee73c27
01f9fff06f
011be13c27
0000000000
010ef73c27
01fbfff06f
011bf13c27
0000000000
010287bc27
01f51ff06f
011e013c27
0000000000
010297bc27
01f71ff06f
011e113c27
0000000000
0102a7bc27
01f53ff06f
011e213c27
0000000000
0102b7bc27
01f73ff06f
011e313c27
0000000000
0102c7bc27
01f55ff06f
011e413c27
0000000000
0102d7bc27
01f75ff06f
011e513c27
0000000000
0102e7bc27
01f57ff06f
011e613c27
0000000000
0102f7bc27
01f77ff06f
011e713c27
0000000000
010687bc27
01f59ff06f
011e813c27
0000000000
010697bc27
01f79ff06f
011e913c27
0000000000
0106a7bc27
01f5bff06f
011ea13c27
0000000000
0106b7bc27
01f7bff06f
011eb13c27
0000000000
0106c7bc27
01f5dff06f
011ec13c27
0000000000
0106d7bc27
01f7dff06f
011ed13c27
0000000000
0106e7bc27
01f5fff06f
011ee13c27
0000000000
0106f7bc27
01f7fff06f
011ef13c27
0000000000
010a87bc27
01fd1ff06f
011f013c27
0000000000
010a97bc27
01ff1ff06f
011f113c27
0000000000
010aa7bc27
01fd3ff06f
011f213c27
0000000000
010ab7bc27
01ff3ff06f
011f313c27
0000000000
010ac7bc27
01fd5ff06f
011f413c27
0000000000
010ad7bc27
01ff5ff06f
011f513c27
0000000000
010ae7bc27
01fd7ff06f
011f613c27
0000000000
010af7bc27
01ff7ff06f
011f713c27
0000000000
010e87bc27
01fd9ff06f
011f813c27
0000000000
010e97bc27
01ff9ff06f
011f913c27
0000000000
010ea7bc27
01fdbff06f
011fa13c27
0000000000
010eb7bc27
01ffbff06f
011fb13c27
0000000000
010ec7bc27
01fddff06f
011fc13c27
0000000000
010ed7bc27
01ffdff06f
011fd13c27
0000000000
010ee7bc27
01fdfff06f
011fe13c27
0000000000
010ef7bc27
01fffff06f
011ff13c27
0000000000
0100842023
0100040063
0100012023
0000000000
0100942023
0102040063
0100112023
0000000000
0100a42023
0100040163
0100212023
0000000000
0100b42023
0102040163
0100312023
0000000000
0100c42023
0100040263
0100412023
0000000000
0100d42023
0102040263
0100512023
0000000000
0100e42023
0100040363
0100612023
0000000000
0100f42023
0102040363
0100712023
0000000000
0104842023
0104040063
0100812023
0000000000
0104942023
0106040063
0100912023
0000000000
0104a42023
0104040163
0100a12023
0000000000
0104b42023
0106040163
0100b12023
0000000000
0104c42023
0104040263
0100c12023
0000000000
0104d42023
0106040263
0100d12023
0000000000
0104e42023
0104040363
0100e12023
0000000000
0104f42023
0106040363
0100f12023
0000000000
0100842223
0108040063
0101012023
0000000000
0100942223
010a040063
0101112023
0000000000
0100a42223
0108040163
0101212023
0000000000
0100b42223
010a040163
0101312023
0000000000
0100c42223
0108040263
0101412023
0000000000
0100d42223
010a040263
0101512023
0000000000
0100e42223
0108040363
0101612023
0000000000
0100f42223
010a040363
0101712023
0000000000
0104842223
010c040063
0101812023
0000000000
0104942223
010e040063
0101912023
0000000000
0104a42223
010c040163
0101a12023
0000000000
0104b42223
010e040163
0101b12023
0000000000
0104c42223
010c040263
0101c12023
0000000000
0104d42223
010e040263
0101d12023
0000000000
0104e42223
010c040363
0101e12023
0000000000
0104f42223
010e040363
0101f12023
0000000000
010084a023
0100048063
0104012023
0000000000
010094a023
0102048063
0104112023
0000000000
0100a4a023
0100048163
0104212023
0000000000
0100b4a023
0102048163
0104312023
0000000000
0100c4a023
0100048263
0104412023
0000000000
0100d4a023
0102048263
0104512023
0000000000
0100e4a023
0100048363
0104612023
0000000000
0100f4a023
0102048363
0104712023
0000000000
010484a023
0104048063
0104812023
0000000000
010494a023
0106048063
0104912023
0000000000
0104a4a023
0104048163
0104a12023
0000000000
0104b4a023
0106048163
0104b12023
0000000000
0104c4a023
0104048263
0104c12023
0000000000
0104d4a023
0106048263
0104d12023
0000000000
0104e4a023
0104048363
0104e12023
0000000000
0104f4a023
0106048363
0104f12023
0000000000
010084a223
0108048063
0105012023
0000000000
010094a223
010a048063
0105112023
0000000000
0100a4a223
0108048163
0105212023
0000000000
0100b4a223
010a048163
0105312023
0000000000
0100c4a223
0108048263
0105412023
0000000000
0100d4a223
010a048263
0105512023
0000000000
0100e4a223
0108048363
0105612023
0000000000
0100f4a223
010a048363
0105712023
0000000000
010484a223
010c048063
0105812023
0000000000
010494a223
010e048063
0105912023
0000000000
0104a4a223
010c048163
0105a12023
0000000000
0104b4a223
010e048163
0105b12023
0000000000
0104c4a223
010c048263
0105c12023
0000000000
0104d4a223
010e048263
0105d12023
0000000000
0104e4a223
010c048363
0105e12023
0000000000
0104f4a223
010e048363
0105f12023
0000000000
0100852023
0100050063
0108012023
0000000000
0100952023
0102050063
0108112023
0000000000
0100a52023
0100050163
0108212023
0000000000
0100b52023
0102050163
0108312023
0000000000
0100c52023
0100050263
0108412023
0000000000
0100d52023
0102050263
0108512023
0000000000
0100e52023
0100050363
0108612023
0000000000
0100f52023
0102050363
0108712023
0000000000
0104852023
0104050063
0108812023
0000000000
0104952023
0106050063
0108912023
0000000000
0104a52023
0104050163
0108a12023
0000000000
0104b52023
0106050163
0108b12023
0000000000
0104c52023
0104050263
0108c12023
0000000000
0104d52023
0106050263
0108d12023
0000000000
0104e52023
0104050363
0108e12023
0000000000
0104f52023
0106050363
0108f12023
0000000000
0100852223
0108050063
0109012023
0000000000
0100952223
010a050063
0109112023
0000000000
0100a52223
0108050163
0109212023
0000000000
0100b52223
010a050163
0109312023
0000000000
0100c52223
0108050263
0109412023
0000000000
0100d52223
010a050263
0109512023
0000000000
0100e52223
0108050363
0109612023
0000000000
0100f52223
010a050363
0109712023
0000000000
0104852223
010c050063
0109812023
0000000000
0104952223
010e050063
0109912023
0000000000
0104a52223
010c050163
0109a12023
0000000000
0104b52223
010e050163
0109b12023
0000000000
0104c52223
010c050263
0109c12023
0000000000
0104d52223
010e050263
0109d12023
0000000000
0104e52223
010c050363
0109e12023
0000000000
0104f52223
010e050363
0109f12023
0000000000
010085a023
0100058063
010c012023
0000000000
010095a023
0102058063
010c112023
0000000000
0100a5a023
0100058163
010c212023
0000000000
0100b5a023
0102058163
010c312023
0000000000
0100c5a023
0100058263
010c412023
0000000000
0100d5a023
0102058263
010c512023
0000000000
0100e5a023
0100058363
010c612023
0000000000
0100f5a023
0102058363
010c712023
0000000000
010485a023
0104058063
010c812023
0000000000
010495a023
0106058063
010c912023
0000000000
0104a5a023
0104058163
010ca12023
0000000000
0104b5a023
0106058163
010cb12023
0000000000
0104c5a023
0104058263
010cc12023
0000000000
0104d5a023
0106058263
010cd12023
0000000000
0104e5a023
0104058363
010ce12023
0000000000
0104f5a023
0106058363
010cf12023
0000000000
010085a223
0108058063
010d012023
0000000000
010095a223
010a058063
010d112023
0000000000
0100a5a223
0108058163
010d212023
0000000000
0100b5a223
010a058163
010d312023
0000000000
0100c5a223
0108058263
010d412023
0000000000
0100d5a223
010a058263
010d512023
0000000000
0100e5a223
0108058363
010d612023
0000000000
0100f5a223
010a058363
010d712023
0000000000
010485a223
010c058063
010d812023
0000000000
010495a223
010e058063
010d912023
0000000000
0104a5a223
010c058163
010da12023
0000000000
0104b5a223
010e058163
010db12023
0000000000
0104c5a223
010c058263
010dc12023
0000000000
0104d5a223
010e058263
010dd12023
0000000000
0104e5a223
010c058363
010de12023
0000000000
0104f5a223
010e058363
010df12023
0000000000
0100862023
0100060063
0100012223
0000000000
0100962023
0102060063
0100112223
0000000000
0100a62023
0100060163
0100212223
0000000000
0100b62023
0102060163
0100312223
0000000000
0100c62023
0100060263
0100412223
0000000000
0100d62023
0102060263
0100512223
0000000000
0100e62023
0100060363
0100612223
0000000000
0100f62023
0102060363
0100712223
0000000000
0104862023
0104060063
0100812223
0000000000
0104962023
0106060063
0100912223
0000000000
0104a62023
0104060163
0100a12223
0000000000
0104b62023
0106060163
0100b12223
0000000000
0104c62023
0104060263
0100c12223
0000000000
0104d62023
0106060263
0100d12223
0000000000
0104e62023
0104060363
0100e12223
0000000000
0104f62023
0106060363
0100f12223
0000000000
0100862223
0108060063
0101012223
0000000000
0100962223
010a060063
0101112223
0000000000
0100a62223
0108060163
0101212223
0000000000
0100b62223
010a060163
0101312223
0000000000
0100c62223
0108060263
0101412223
0000000000
0100d62223
010a060263
0101512223
0000000000
0100e62223
0108060363
0101612223
0000000000
0100f62223
010a060363
0101712223
0000000000
0104862223
010c060063
0101812223
0000000000
0104962223
010e060063
0101912223
0000000000
0104a62223
010c060163
0101a12223
0000000000
0104b62223
010e060163
0101b12223
0000000000
0104c62223
010c060263
0101c12223
0000000000
0104d62223
010e060263
0101d12223
0000000000
0104e62223
010c060363
0101e12223
0000000000
0104f62223
010e060363
0101f12223
0000000000
010086a023
0100068063
0104012223
0000000000
010096a023
0102068063
0104112223
0000000000
0100a6a023
0100068163
0104212223
0000000000
0100b6a023
0102068163
0104312223
0000000000
0100c6a023
0100068263
0104412223
0000000000
0100d6a023
0102068263
0104512223
0000000000
0100e6a023
0100068363
0104612223
0000000000
0100f6a023
0102068363
0104712223
0000000000
010486a023
0104068063
0104812223
0000000000
010496a023
0106068063
0104912223
0000000000
0104a6a023
0104068163
0104a12223
0000000000
0104b6a023
0106068163
0104b12223
0000000000
0104c6a023
0104068263
0104c12223
0000000000
0104d6a023
0106068263
0104d12223
0000000000
0104e6a023
0104068363
0104e12223
0000000000
0104f6a023
0106068363
0104f12223
0000000000
010086a223
0108068063
0105012223
0000000000
010096a223
010a068063
0105112223
0000000000
0100a6a223
0108068163
0105212223
0000000000
0100b6a223
010a068163
0105312223
0000000000
0100c6a223
0108068263
0105412223
0000000000
0100d6a223
010a068263
0105512223
0000000000
0100e6a223
0108068363
0105612223
0000000000
0100f6a223
010a068363
0105712223
0000000000
010486a223
010c068063
0105812223
0000000000
010496a223
010e068063
0105912223
0000000000
0104a6a223
010c068163
0105a12223
0000000000
0104b6a223
010e068163
0105b12223
0000000000
0104c6a223
010c068263
0105c12223
0000000000
0104d6a223
010e068263
0105d12223
0000000000
0104e6a223
010c068363
0105e12223
0000000000
0104f6a223
010e068363
0105f12223
0000000000
0100872023
0100070063
0108012223
0000000000
0100972023
0102070063
0108112223
0000000000
0100a72023
0100070163
0108212223
0000000000
0100b72023
0102070163
0108312223
0000000000
0100c72023
0100070263
0108412223
0000000000
0100d72023
0102070263
0108512223
0000000000
0100e72023
0100070363
0108612223
0000000000
0100f72023
0102070363
0108712223
0000000000
0104872023
0104070063
0108812223
0000000000
0104972023
0106070063
0108912223
0000000000
0104a72023
0104070163
0108a12223
0000000000
0104b72023
0106070163
0108b12223
0000000000
0104c72023
0104070263
0108c12223
0000000000
0104d72023
0106070263
0108d12223
0000000000
0104e72023
0104070363
0108e12223
0000000000
0104f72023
0106070363
0108f12223
0000000000
0100872223
0108070063
0109012223
0000000000
0100972223
010a070063
0109112223
0000000000
0100a72223
0108070163
0109212223
0000000000
0100b72223
010a070163
0109312223
0000000000
0100c72223
0108070263
0109412223
0000000000
0100d72223
010a070263
0109512223
0000000000
0100e72223
0108070363
0109612223
0000000000
0100f72223
010a070363
0109712223
0000000000
0104872223
010c070063
0109812223
0000000000
0104972223
010e070063
0109912223
0000000000
0104a72223
010c070163
0109a12223
0000000000
0104b72223
010e070163
0109b12223
0000000000
0104c72223
010c070263
0109c12223
0000000000
0104d72223
010e070263
0109d12223
0000000000
0104e72223
010c070363
0109e12223
0000000000
0104f72223
010e070363
0109f12223
0000000000
010087a023
0100078063
010c012223
0000000000
010097a023
0102078063
010c112223
0000000000
0100a7a023
0100078163
010c212223
0000000000
0100b7a023
0102078163
010c312223
0000000000
0100c7a023
0100078263
010c412223
0000000000
0100d7a023
0102078263
010c512223
0000000000
0100e7a023
0100078363
010c612223
0000000000
0100f7a023
0102078363
010c712223
0000000000
010487a023
0104078063
010c812223
0000000000
010497a023
0106078063
010c912223
0000000000
0104a7a023
0104078163
010ca12223
0000000000
0104b7a023
0106078163
010cb12223
0000000000
0104c7a023
0104078263
010cc12223
0000000000
0104d7a023
0106078263
010cd12223
0000000000
0104e7a023
0104078363
010ce12223
0000000000
0104f7a023
0106078363
010cf12223
0000000000
010087a223
0108078063
010d012223
0000000000
010097a223
010a078063
010d112223
0000000000
0100a7a223
0108078163
010d212223
0000000000
0100b7a223
010a078163
010d312223
0000000000
0100c7a223
0108078263
010d412223
0000000000
0100d7a223
010a078263
010d512223
0000000000
0100e7a223
0108078363
010d612223
0000000000
0100f7a223
010a078363
010d712223
0000000000
010487a223
010c078063
010d812223
0000000000
010497a223
010e078063
010d912223
0000000000
0104a7a223
010c078163
010da12223
0000000000
0104b7a223
010e078163
010db12223
0000000000
0104c7a223
010c078263
010dc12223
0000000000
0104d7a223
010e078263
010dd12223
0000000000
0104e7a223
010c078363
010de12223
0000000000
0104f7a223
010e078363
010df12223
0000000000
0100842423
0100040463
0100012423
0000000000
0100942423
0102040463
0100112423
0000000000
0100a42423
0100040563
0100212423
0000000000
0100b42423
0102040563
0100312423
0000000000
0100c42423
0100040663
0100412423
0000000000
0100d42423
0102040663
0100512423
0000000000
0100e42423
0100040763
0100612423
0000000000
0100f42423
0102040763
0100712423
0000000000
0104842423
0104040463
0100812423
0000000000
0104942423
0106040463
0100912423
0000000000
0104a42423
0104040563
0100a12423
0000000000
0104b42423
0106040563
0100b12423
0000000000
0104c42423
0104040663
0100c12423
0000000000
0104d42423
0106040663
0100d12423
0000000000
0104e42423
0104040763
0100e12423
0000000000
0104f42423
0106040763
0100f12423
0000000000
0100842623
0108040463
0101012423
0000000000
0100942623
010a040463
0101112423
0000000000
0100a42623
0108040563
0101212423
0000000000
0100b42623
010a040563
0101312423
0000000000
0100c42623
0108040663
0101412423
0000000000
0100d42623
010a040663
0101512423
0000000000
0100e42623
0108040763
0101612423
0000000000
0100f42623
010a040763
0101712423
0000000000
0104842623
010c040463
0101812423
0000000000
0104942623
010e040463
0101912423
0000000000
0104a42623
010c040563
0101a12423
0000000000
0104b42623
010e040563
0101b12423
0000000000
0104c42623
010c040663
0101c12423
0000000000
0104d42623
010e040663
0101d12423
0000000000
0104e42623
010c040763
0101e12423
0000000000
0104f42623
010e040763
0101f12423
0000000000
010084a423
0100048463
0104012423
0000000000
010094a423
0102048463
0104112423
0000000000
0100a4a423
0100048563
0104212423
0000000000
0100b4a423
0102048563
0104312423
0000000000
0100c4a423
0100048663
0104412423
0000000000
0100d4a423
0102048663
0104512423
0000000000
0100e4a423
0100048763
0104612423
0000000000
0100f4a423
0102048763
0104712423
0000000000
010484a423
0104048463
0104812423
0000000000
010494a423
0106048463
0104912423
0000000000
0104a4a423
0104048563
0104a12423
0000000000
0104b4a423
0106048563
0104b12423
0000000000
0104c4a423
0104048663
0104c12423
0000000000
0104d4a423
0106048663
0104d12423
0000000000
0104e4a423
0104048763
0104e12423
0000000000
0104f4a423
0106048763
0104f12423
0000000000
010084a623
0108048463
0105012423
0000000000
010094a623
010a048463
0105112423
0000000000
0100a4a623
0108048563
0105212423
0000000000
0100b4a623
010a048563
0105312423
0000000000
0100c4a623
0108048663
0105412423
0000000000
0100d4a623
010a048663
0105512423
0000000000
0100e4a623
0108048763
0105612423
0000000000
0100f4a623
010a048763
0105712423
0000000000
010484a623
010c048463
0105812423
0000000000
010494a623
010e048463
0105912423
0000000000
0104a4a623
010c048563
0105a12423
0000000000
0104b4a623
010e048563
0105b12423
0000000000
0104c4a623
010c048663
0105c12423
0000000000
0104d4a623
010e048663
0105d12423
0000000000
0104e4a623
010c048763
0105e12423
0000000000
0104f4a623
010e048763
0105f12423
0000000000
0100852423
0100050463
0108012423
0000000000
0100952423
0102050463
0108112423
0000000000
0100a52423
0100050563
0108212423
0000000000
0100b52423
0102050563
0108312423
0000000000
0100c52423
0100050663
0108412423
0000000000
0100d52423
0102050663
0108512423
0000000000
0100e52423
0100050763
0108612423
0000000000
0100f52423
0102050763
0108712423
0000000000
0104852423
0104050463
0108812423
0000000000
0104952423
0106050463
0108912423
0000000000
0104a52423
0104050563
0108a12423
0000000000
0104b52423
0106050563
0108b12423
0000000000
0104c52423
0104050663
0108c12423
0000000000
0104d52423
0106050663
0108d12423
0000000000
0104e52423
0104050763
0108e12423
0000000000
0104f52423
0106050763
0108f12423
0000000000
0100852623
0108050463
0109012423
0000000000
0100952623
010a050463
0109112423
0000000000
0100a52623
0108050563
0109212423
0000000000
0100b52623
010a050563
0109312423
0000000000
0100c52623
0108050663
0109412423
0000000000
0100d52623
010a050663
0109512423
0000000000
0100e52623
0108050763
0109612423
0000000000
0100f52623
010a050763
0109712423
0000000000
0104852623
010c050463
0109812423
0000000000
0104952623
010e050463
0109912423
0000000000
0104a52623
010c050563
0109a12423
0000000000
0104b52623
010e050563
0109b12423
0000000000
0104c52623
010c050663
0109c12423
0000000000
0104d52623
010e050663
0109d12423
0000000000
0104e52623
010c050763
0109e12423
0000000000
0104f52623
010e050763
0109f12423
0000000000
010085a423
0100058463
010c012423
0000000000
010095a423
0102058463
010c112423
0000000000
0100a5a423
0100058563
010c212423
0000000000
0100b5a423
0102058563
010c312423
0000000000
0100c5a423
0100058663
010c412423
0000000000
0100d5a423
0102058663
010c512423
0000000000
0100e5a423
0100058763
010c612423
0000000000
0100f5a423
0102058763
010c712423
0000000000
010485a423
0104058463
010c812423
0000000000
010495a423
0106058463
010c912423
0000000000
0104a5a423
0104058563
010ca12423
0000000000
0104b5a423
0106058563
010cb12423
0000000000
0104c5a423
0104058663
010cc12423
0000000000
0104d5a423
0106058663
010cd12423
0000000000
0104e5a423
0104058763
010ce12423
0000000000
0104f5a423
0106058763
010cf12423
0000000000
010085a623
0108058463
010d012423
0000000000
010095a623
010a058463
010d112423
0000000000
0100a5a623
0108058563
010d212423
0000000000
0100b5a623
010a058563
010d312423
0000000000
0100c5a623
0108058663
010d412423
0000000000
0100d5a623
010a058663
010d512423
0000000000
0100e5a623
0108058763
010d612423
0000000000
0100f5a623
010a058763
010d712423
0000000000
010485a623
010c058463
010d812423
0000000000
010495a623
010e058463
010d912423
0000000000
0104a5a623
010c058563
010da12423
0000000000
0104b5a623
010e058563
010db12423
0000000000
0104c5a623
010c058663
010dc12423
0000000000
0104d5a623
010e058663
010dd12423
0000000000
0104e5a623
010c058763
010de12423
0000000000
0104f5a623
010e058763
010df12423
0000000000
0100862423
0100060463
0100012623
0000000000
0100962423
0102060463
0100112623
0000000000
0100a62423
0100060563
0100212623
0000000000
0100b62423
0102060563
0100312623
0000000000
0100c62423
0100060663
0100412623
0000000000
0100d62423
0102060663
0100512623
0000000000
0100e62423
0100060763
0100612623
0000000000
0100f62423
0102060763
0100712623
0000000000
0104862423
0104060463
0100812623
0000000000
0104962423
0106060463
0100912623
0000000000
0104a62423
0104060563
0100a12623
0000000000
0104b62423
0106060563
0100b12623
0000000000
0104c62423
0104060663
0100c12623
0000000000
0104d62423
0106060663
0100d12623
0000000000
0104e62423
0104060763
0100e12623
0000000000
0104f62423
0106060763
0100f12623
0000000000
0100862623
0108060463
0101012623
0000000000
0100962623
010a060463
0101112623
0000000000
0100a62623
0108060563
0101212623
0000000000
0100b62623
010a060563
0101312623
0000000000
0100c62623
0108060663
0101412623
0000000000
0100d62623
010a060663
0101512623
0000000000
0100e62623
0108060763
0101612623
0000000000
0100f62623
010a060763
0101712623
0000000000
0104862623
010c060463
0101812623
0000000000
0104962623
010e060463
0101912623
0000000000
0104a62623
010c060563
0101a12623
0000000000
0104b62623
010e060563
0101b12623
0000000000
0104c62623
010c060663
0101c12623
0000000000
0104d62623
010e060663
0101d12623
0000000000
0104e62623
010c060763
0101e12623
0000000000
0104f62623
010e060763
0101f12623
0000000000
010086a423
0100068463
0104012623
0000000000
010096a423
0102068463
0104112623
0000000000
0100a6a423
0100068563
0104212623
0000000000
0100b6a423
0102068563
0104312623
0000000000
0100c6a423
0100068663
0104412623
0000000000
0100d6a423
0102068663
0104512623
0000000000
0100e6a423
0100068763
0104612623
0000000000
0100f6a423
0102068763
0104712623
0000000000
010486a423
0104068463
0104812623
0000000000
010496a423
0106068463
0104912623
0000000000
0104a6a423
0104068563
0104a12623
0000000000
0104b6a423
0106068563
0104b12623
0000000000
0104c6a423
0104068663
0104c12623
0000000000
0104d6a423
0106068663
0104d12623
0000000000
0104e6a423
0104068763
0104e12623
0000000000
0104f6a423
0106068763
0104f12623
0000000000
010086a623
0108068463
0105012623
0000000000
010096a623
010a068463
0105112623
0000000000
0100a6a623
0108068563
0105212623
0000000000
0100b6a623
010a068563
0105312623
0000000000
0100c6a623
0108068663
0105412623
0000000000
0100d6a623
010a068663
0105512623
0000000000
0100e6a623
0108068763
0105612623
0000000000
0100f6a623
010a068763
0105712623
0000000000
010486a623
010c068463
0105812623
0000000000
010496a623
010e068463
0105912623
0000000000
0104a6a623
010c068563
0105a12623
0000000000
0104b6a623
010e068563
0105b12623
0000000000
0104c6a623
010c068663
0105c12623
0000000000
0104d6a623
010e068663
0105d12623
0000000000
0104e6a623
010c068763
0105e12623
0000000000
0104f6a623
010e068763
0105f12623
0000000000
0100872423
0100070463
0108012623
0000000000
0100972423
0102070463
0108112623
0000000000
0100a72423
0100070563
0108212623
0000000000
0100b72423
0102070563
0108312623
0000000000
0100c72423
0100070663
0108412623
0000000000
0100d72423
0102070663
0108512623
0000000000
0100e72423
0100070763
0108612623
0000000000
0100f72423
0102070763
0108712623
0000000000
0104872423
0104070463
0108812623
0000000000
0104972423
0106070463
0108912623
0000000000
0104a72423
0104070563
0108a12623
0000000000
0104b72423
0106070563
0108b12623
0000000000
0104c72423
0104070663
0108c12623
0000000000
0104d72423
0106070663
0108d12623
0000000000
0104e72423
0104070763
0108e12623
0000000000
0104f72423
0106070763
0108f12623
0000000000
0100872623
0108070463
0109012623
0000000000
0100972623
010a070463
0109112623
0000000000
0100a72623
0108070563
0109212623
0000000000
0100b72623
010a070563
0109312623
0000000000
0100c72623
0108070663
0109412623
0000000000
0100d72623
010a070663
0109512623
0000000000
0100e72623
0108070763
0109612623
0000000000
0100f72623
010a070763
0109712623
0000000000
0104872623
010c070463
0109812623
0000000000
0104972623
010e070463
0109912623
0000000000
0104a72623
010c070563
0109a12623
0000000000
0104b72623
010e070563
0109b12623
0000000000
0104c72623
010c070663
0109c12623
0000000000
0104d72623
010e070663
0109d12623
0000000000
0104e72623
010c070763
0109e12623
0000000000
0104f72623
010e070763
0109f12623
0000000000
010087a423
0100078463
010c012623
0000000000
010097a423
0102078463
010c112623
0000000000
0100a7a423
0100078563
010c212623
0000000000
0100b7a423
0102078563
010c312623
0000000000
0100c7a423
0100078663
010c412623
0000000000
0100d7a423
0102078663
010c512623
0000000000
0100e7a423
0100078763
010c612623
0000000000
0100f7a423
0102078763
010c712623
0000000000
010487a423
0104078463
010c812623
0000000000
010497a423
0106078463
010c912623
0000000000
0104a7a423
0104078563
010ca12623
0000000000
0104b7a423
0106078563
010cb12623
0000000000
0104c7a423
0104078663
010cc12623
0000000000
0104d7a423
0106078663
010cd12623
0000000000
0104e7a423
0104078763
010ce12623
0000000000
0104f7a423
0106078763
010cf12623
0000000000
010087a623
0108078463
010d012623
0000000000
010097a623
010a078463
010d112623
0000000000
0100a7a623
0108078563
010d212623
0000000000
0100b7a623
010a078563
010d312623
0000000000
0100c7a623
0108078663
010d412623
0000000000
0100d7a623
010a078663
010d512623
0000000000
0100e7a623
0108078763
010d612623
0000000000
0100f7a623
010a078763
010d712623
0000000000
010487a623
010c078463
010d812623
0000000000
010497a623
010e078463
010d912623
0000000000
0104a7a623
010c078563
010da12623
0000000000
0104b7a623
010e078563
010db12623
0000000000
0104c7a623
010c078663
010dc12623
0000000000
0104d7a623
010e078663
010dd12623
0000000000
0104e7a623
010c078763
010de12623
0000000000
0104f7a623
010e078763
010df12623
0000000000
0100842823
0100040863
0100012823
0000000000
0100942823
0102040863
0100112823
0000000000
0100a42823
0100040963
0100212823
0000000000
0100b42823
0102040963
0100312823
0000000000
0100c42823
0100040a63
0100412823
0000000000
0100d42823
0102040a63
0100512823
0000000000
0100e42823
0100040b63
0100612823
0000000000
0100f42823
0102040b63
0100712823
0000000000
0104842823
0104040863
0100812823
0000000000
0104942823
0106040863
0100912823
0000000000
0104a42823
0104040963
0100a12823
0000000000
0104b42823
0106040963
0100b12823
0000000000
0104c42823
0104040a63
0100c12823
0000000000
0104d42823
0106040a63
0100d12823
0000000000
0104e42823
0104040b63
0100e12823
0000000000
0104f42823
0106040b63
0100f12823
0000000000
0100842a23
0108040863
0101012823
0000000000
0100942a23
010a040863
0101112823
0000000000
0100a42a23
0108040963
0101212823
0000000000
0100b42a23
010a040963
0101312823
0000000000
0100c42a23
0108040a63
0101412823
0000000000
0100d42a23
010a040a63
0101512823
0000000000
0100e42a23
0108040b63
0101612823
0000000000
0100f42a23
010a040b63
0101712823
0000000000
0104842a23
010c040863
0101812823
0000000000
0104942a23
010e040863
0101912823
0000000000
0104a42a23
010c040963
0101a12823
0000000000
0104b42a23
010e040963
0101b12823
0000000000
0104c42a23
010c040a63
0101c12823
0000000000
0104d42a23
010e040a63
0101d12823
0000000000
0104e42a23
010c040b63
0101e12823
0000000000
0104f42a23
010e040b63
0101f12823
0000000000
010084a823
0100048863
0104012823
0000000000
010094a823
0102048863
0104112823
0000000000
0100a4a823
0100048963
0104212823
0000000000
0100b4a823
0102048963
0104312823
0000000000
0100c4a823
0100048a63
0104412823
0000000000
0100d4a823
0102048a63
0104512823
0000000000
0100e4a823
0100048b63
0104612823
0000000000
0100f4a823
0102048b63
0104712823
0000000000
010484a823
0104048863
0104812823
0000000000
010494a823
0106048863
0104912823
0000000000
0104a4a823
0104048963
0104a12823
0000000000
0104b4a823
0106048963
0104b12823
0000000000
0104c4a823
0104048a63
0104c12823
0000000000
0104d4a823
0106048a63
0104d12823
0000000000
0104e4a823
0104048b63
0104e12823
0000000000
0104f4a823
0106048b63
0104f12823
0000000000
010084aa23
0108048863
0105012823
0000000000
010094aa23
010a048863
0105112823
0000000000
0100a4aa23
0108048963
0105212823
0000000000
0100b4aa23
010a048963
0105312823
0000000000
0100c4aa23
0108048a63
0105412823
0000000000
0100d4aa23
010a048a63
0105512823
0000000000
0100e4aa23
0108048b63
0105612823
0000000000
0100f4aa23
010a048b63
0105712823
0000000000
010484aa23
010c048863
0105812823
0000000000
010494aa23
010e048863
0105912823
0000000000
0104a4aa23
010c048963
0105a12823
0000000000
0104b4aa23
010e048963
0105b12823
0000000000
0104c4aa23
010c048a63
0105c12823
0000000000
0104d4aa23
010e048a63
0105d12823
0000000000
0104e4aa23
010c048b63
0105e12823
0000000000
0104f4aa23
010e048b63
0105f12823
0000000000
0100852823
0100050863
0108012823
0000000000
0100952823
0102050863
0108112823
0000000000
0100a52823
0100050963
0108212823
0000000000
0100b52823
0102050963
0108312823
0000000000
0100c52823
0100050a63
0108412823
0000000000
0100d52823
0102050a63
0108512823
0000000000
0100e52823
0100050b63
0108612823
0000000000
0100f52823
0102050b63
0108712823
0000000000
0104852823
0104050863
0108812823
0000000000
0104952823
0106050863
0108912823
0000000000
0104a52823
0104050963
0108a12823
0000000000
0104b52823
0106050963
0108b12823
0000000000
0104c52823
0104050a63
0108c12823
0000000000
0104d52823
0106050a63
0108d12823
0000000000
0104e52823
0104050b63
0108e12823
0000000000
0104f52823
0106050b63
0108f12823
0000000000
0100852a23
0108050863
0109012823
0000000000
0100952a23
010a050863
0109112823
0000000000
0100a52a23
0108050963
0109212823
0000000000
0100b52a23
010a050963
0109312823
0000000000
0100c52a23
0108050a63
0109412823
0000000000
0100d52a23
010a050a63
0109512823
0000000000
0100e52a23
0108050b63
0109612823
0000000000
0100f52a23
010a050b63
0109712823
0000000000
0104852a23
010c050863
0109812823
0000000000
0104952a23
010e050863
0109912823
0000000000
0104a52a23
010c050963
0109a12823
0000000000
0104b52a23
010e050963
0109b12823
0000000000
0104c52a23
010c050a63
0109c12823
0000000000
0104d52a23
010e050a63
0109d12823
0000000000
0104e52a23
010c050b63
0109e12823
0000000000
0104f52a23
010e050b63
0109f12823
0000000000
010085a823
0100058863
010c012823
0000000000
010095a823
0102058863
010c112823
0000000000
0100a5a823
0100058963
010c212823
0000000000
0100b5a823
0102058963
010c312823
0000000000
0100c5a823
0100058a63
010c412823
0000000000
0100d5a823
0102058a63
010c512823
0000000000
0100e5a823
0100058b63
010c612823
0000000000
0100f5a823
0102058b63
010c712823
0000000000
010485a823
0104058863
010c812823
0000000000
010495a823
0106058863
010c912823
0000000000
0104a5a823
0104058963
010ca12823
0000000000
0104b5a823
0106058963
010cb12823
0000000000
0104c5a823
0104058a63
010cc12823
0000000000
0104d5a823
0106058a63
010cd12823
0000000000
0104e5a823
0104058b63
010ce12823
0000000000
0104f5a823
0106058b63
010cf12823
0000000000
010085aa23
0108058863
010d012823
0000000000
010095aa23
010a058863
010d112823
0000000000
0100a5aa23
0108058963
010d212823
0000000000
0100b5aa23
010a058963
010d312823
0000000000
0100c5aa23
0108058a63
010d412823
0000000000
0100d5aa23
010a058a63
010d512823
0000000000
0100e5aa23
0108058b63
010d612823
0000000000
0100f5aa23
010a058b63
010d712823
0000000000
010485aa23
010c058863
010d812823
0000000000
010495aa23
010e058863
010d912823
0000000000
0104a5aa23
010c058963
010da12823
0000000000
0104b5aa23
010e058963
010db12823
0000000000
0104c5aa23
010c058a63
010dc12823
0000000000
0104d5aa23
010e058a63
010dd12823
0000000000
0104e5aa23
010c058b63
010de12823
0000000000
0104f5aa23
010e058b63
010df12823
0000000000
0100862823
0100060863
0100012a23
0000000000
0100962823
0102060863
0100112a23
0000000000
0100a62823
0100060963
0100212a23
0000000000
0100b62823
0102060963
0100312a23
0000000000
0100c62823
0100060a63
0100412a23
0000000000
0100d62823
0102060a63
0100512a23
0000000000
0100e62823
0100060b63
0100612a23
0000000000
0100f62823
0102060b63
0100712a23
0000000000
0104862823
0104060863
0100812a23
0000000000
0104962823
0106060863
0100912a23
0000000000
0104a62823
0104060963
0100a12a23
0000000000
0104b62823
0106060963
0100b12a23
0000000000
0104c62823
0104060a63
0100c12a23
0000000000
0104d62823
0106060a63
0100d12a23
0000000000
0104e62823
0104060b63
0100e12a23
0000000000
0104f62823
0106060b63
0100f12a23
0000000000
0100862a23
0108060863
0101012a23
0000000000
0100962a23
010a060863
0101112a23
0000000000
0100a62a23
0108060963
0101212a23
0000000000
0100b62a23
010a060963
0101312a23
0000000000
0100c62a23
0108060a63
0101412a23
0000000000
0100d62a23
010a060a63
0101512a23
0000000000
0100e62a23
0108060b63
0101612a23
0000000000
0100f62a23
010a060b63
0101712a23
0000000000
0104862a23
010c060863
0101812a23
0000000000
0104962a23
010e060863
0101912a23
0000000000
0104a62a23
010c060963
0101a12a23
0000000000
0104b62a23
010e060963
0101b12a23
0000000000
0104c62a23
010c060a63
0101c12a23
0000000000
0104d62a23
010e060a63
0101d12a23
0000000000
0104e62a23
010c060b63
0101e12a23
0000000000
0104f62a23
010e060b63
0101f12a23
0000000000
010086a823
0100068863
0104012a23
0000000000
010096a823
0102068863
0104112a23
0000000000
0100a6a823
0100068963
0104212a23
0000000000
0100b6a823
0102068963
0104312a23
0000000000
0100c6a823
0100068a63
0104412a23
0000000000
0100d6a823
0102068a63
0104512a23
0000000000
0100e6a823
0100068b63
0104612a23
0000000000
0100f6a823
0102068b63
0104712a23
0000000000
010486a823
0104068863
0104812a23
0000000000
010496a823
0106068863
0104912a23
0000000000
0104a6a823
0104068963
0104a12a23
0000000000
0104b6a823
0106068963
0104b12a23
0000000000
0104c6a823
0104068a63
0104c12a23
0000000000
0104d6a823
0106068a63
0104d12a23
0000000000
0104e6a823
0104068b63
0104e12a23
0000000000
0104f6a823
0106068b63
0104f12a23
0000000000
010086aa23
0108068863
0105012a23
0000000000
010096aa23
010a068863
0105112a23
0000000000
0100a6aa23
0108068963
0105212a23
0000000000
0100b6aa23
010a068963
0105312a23
0000000000
0100c6aa23
0108068a63
0105412a23
0000000000
0100d6aa23
010a068a63
0105512a23
0000000000
0100e6aa23
0108068b63
0105612a23
0000000000
0100f6aa23
010a068b63
0105712a23
0000000000
010486aa23
010c068863
0105812a23
0000000000
010496aa23
010e068863
0105912a23
0000000000
0104a6aa23
010c068963
0105a12a23
0000000000
0104b6aa23
010e068963
0105b12a23
0000000000
0104c6aa23
010c068a63
0105c12a23
0000000000
0104d6aa23
010e068a63
0105d12a23
0000000000
0104e6aa23
010c068b63
0105e12a23
0000000000
0104f6aa23
010e068b63
0105f12a23
0000000000
0100872823
0100070863
0108012a23
0000000000
0100972823
0102070863
0108112a23
0000000000
0100a72823
0100070963
0108212a23
0000000000
0100b72823
0102070963
0108312a23
0000000000
0100c72823
0100070a63
0108412a23
0000000000
0100d72823
0102070a63
0108512a23
0000000000
0100e72823
0100070b63
0108612a23
0000000000
0100f72823
0102070b63
0108712a23
0000000000
0104872823
0104070863
0108812a23
0000000000
0104972823
0106070863
0108912a23
0000000000
0104a72823
0104070963
0108a12a23
0000000000
0104b72823
0106070963
0108b12a23
0000000000
0104c72823
0104070a63
0108c12a23
0000000000
0104d72823
0106070a63
0108d12a23
0000000000
0104e72823
0104070b63
0108e12a23
0000000000
0104f72823
0106070b63
0108f12a23
0000000000
0100872a23
0108070863
0109012a23
0000000000
0100972a23
010a070863
0109112a23
0000000000
0100a72a23
0108070963
0109212a23
0000000000
0100b72a23
010a070963
0109312a23
0000000000
0100c72a23
0108070a63
0109412a23
0000000000
0100d72a23
010a070a63
0109512a23
0000000000
0100e72a23
0108070b63
0109612a23
0000000000
0100f72a23
010a070b63
0109712a23
0000000000
0104872a23
010c070863
0109812a23
0000000000
0104972a23
010e070863
0109912a23
0000000000
0104a72a23
010c070963
0109a12a23
0000000000
0104b72a23
010e070963
0109b12a23
0000000000
0104c72a23
010c070a63
0109c12a23
0000000000
0104d72a23
010e070a63
0109d12a23
0000000000
0104e72a23
010c070b63
0109e12a23
0000000000
0104f72a23
010e070b63
0109f12a23
0000000000
010087a823
0100078863
010c012a23
0000000000
010097a823
0102078863
010c112a23
0000000000
0100a7a823
0100078963
010c212a23
0000000000
0100b7a823
0102078963
010c312a23
0000000000
0100c7a823
0100078a63
010c412a23
0000000000
0100d7a823
0102078a63
010c512a23
0000000000
0100e7a823
0100078b63
010c612a23
0000000000
0100f7a823
0102078b63
010c712a23
0000000000
010487a823
0104078863
010c812a23
0000000000
010497a823
0106078863
010c912a23
0000000000
0104a7a823
0104078963
010ca12a23
0000000000
0104b7a823
0106078963
010cb12a23
0000000000
0104c7a823
0104078a63
010cc12a23
0000000000
0104d7a823
0106078a63
010cd12a23
0000000000
0104e7a823
0104078b63
010ce12a23
0000000000
0104f7a823
0106078b63
010cf12a23
0000000000
010087aa23
0108078863
010d012a23
0000000000
010097aa23
010a078863
010d112a23
0000000000
0100a7aa23
0108078963
010d212a23
0000000000
0100b7aa23
010a078963
010d312a23
0000000000
0100c7aa23
0108078a63
010d412a23
0000000000
0100d7aa23
010a078a63
010d512a23
0000000000
0100e7aa23
0108078b63
010d612a23
0000000000
0100f7aa23
010a078b63
010d712a23
0000000000
010487aa23
010c078863
010d812a23
0000000000
010497aa23
010e078863
010d912a23
0000000000
0104a7aa23
010c078963
010da12a23
0000000000
0104b7aa23
010e078963
010db12a23
0000000000
0104c7aa23
010c078a63
010dc12a23
0000000000
0104d7aa23
010e078a63
010dd12a23
0000000000
0104e7aa23
010c078b63
010de12a23
0000000000
0104f7aa23
010e078b63
010df12a23
0000000000
0100842c23
0100040c63
0100012c23
0000000000
0100942c23
0102040c63
0100112c23
0000000000
0100a42c23
0100040d63
0100212c23
0000000000
0100b42c23
0102040d63
0100312c23
0000000000
0100c42c23
0100040e63
0100412c23
0000000000
0100d42c23
0102040e63
0100512c23
0000000000
0100e42c23
0100040f63
0100612c23
0000000000
0100f42c23
0102040f63
0100712c23
0000000000
0104842c23
0104040c63
0100812c23
0000000000
0104942c23
0106040c63
0100912c23
0000000000
0104a42c23
0104040d63
0100a12c23
0000000000
0104b42c23
0106040d63
0100b12c23
0000000000
0104c42c23
0104040e63
0100c12c23
0000000000
0104d42c23
0106040e63
0100d12c23
0000000000
0104e42c23
0104040f63
0100e12c23
0000000000
0104f42c23
0106040f63
0100f12c23
0000000000
0100842e23
0108040c63
0101012c23
0000000000
0100942e23
010a040c63
0101112c23
0000000000
0100a42e23
0108040d63
0101212c23
0000000000
0100b42e23
010a040d63
0101312c23
0000000000
0100c42e23
0108040e63
0101412c23
0000000000
0100d42e23
010a040e63
0101512c23
0000000000
0100e42e23
0108040f63
0101612c23
0000000000
0100f42e23
010a040f63
0101712c23
0000000000
0104842e23
010c040c63
0101812c23
0000000000
0104942e23
010e040c63
0101912c23
0000000000
0104a42e23
010c040d63
0101a12c23
0000000000
0104b42e23
010e040d63
0101b12c23
0000000000
0104c42e23
010c040e63
0101c12c23
0000000000
0104d42e23
010e040e63
0101d12c23
0000000000
0104e42e23
010c040f63
0101e12c23
0000000000
0104f42e23
010e040f63
0101f12c23
0000000000
010084ac23
0100048c63
0104012c23
0000000000
010094ac23
0102048c63
0104112c23
0000000000
0100a4ac23
0100048d63
0104212c23
0000000000
0100b4ac23
0102048d63
0104312c23
0000000000
0100c4ac23
0100048e63
0104412c23
0000000000
0100d4ac23
0102048e63
0104512c23
0000000000
0100e4ac23
0100048f63
0104612c23
0000000000
0100f4ac23
0102048f63
0104712c23
0000000000
010484ac23
0104048c63
0104812c23
0000000000
010494ac23
0106048c63
0104912c23
0000000000
0104a4ac23
0104048d63
0104a12c23
0000000000
0104b4ac23
0106048d63
0104b12c23
0000000000
0104c4ac23
0104048e63
0104c12c23
0000000000
0104d4ac23
0106048e63
0104d12c23
0000000000
0104e4ac23
0104048f63
0104e12c23
0000000000
0104f4ac23
0106048f63
0104f12c23
0000000000
010084ae23
0108048c63
0105012c23
0000000000
010094ae23
010a048c63
0105112c23
0000000000
0100a4ae23
0108048d63
0105212c23
0000000000
0100b4ae23
010a048d63
0105312c23
0000000000
0100c4ae23
0108048e63
0105412c23
0000000000
0100d4ae23
010a048e63
0105512c23
0000000000
0100e4ae23
0108048f63
0105612c23
0000000000
0100f4ae23
010a048f63
0105712c23
0000000000
010484ae23
010c048c63
0105812c23
0000000000
010494ae23
010e048c63
0105912c23
0000000000
0104a4ae23
010c048d63
0105a12c23
0000000000
0104b4ae23
010e048d63
0105b12c23
0000000000
0104c4ae23
010c048e63
0105c12c23
0000000000
0104d4ae23
010e048e63
0105d12c23
0000000000
0104e4ae23
010c048f63
0105e12c23
0000000000
0104f4ae23
010e048f63
0105f12c23
0000000000
0100852c23
0100050c63
0108012c23
0000000000
0100952c23
0102050c63
0108112c23
0000000000
0100a52c23
0100050d63
0108212c23
0000000000
0100b52c23
0102050d63
0108312c23
0000000000
0100c52c23
0100050e63
0108412c23
0000000000
0100d52c23
0102050e63
0108512c23
0000000000
0100e52c23
0100050f63
0108612c23
0000000000
0100f52c23
0102050f63
0108712c23
0000000000
0104852c23
0104050c63
0108812c23
0000000000
0104952c23
0106050c63
0108912c23
0000000000
0104a52c23
0104050d63
0108a12c23
0000000000
0104b52c23
0106050d63
0108b12c23
0000000000
0104c52c23
0104050e63
0108c12c23
0000000000
0104d52c23
0106050e63
0108d12c23
0000000000
0104e52c23
0104050f63
0108e12c23
0000000000
0104f52c23
0106050f63
0108f12c23
0000000000
0100852e23
0108050c63
0109012c23
0000000000
0100952e23
010a050c63
0109112c23
0000000000
0100a52e23
0108050d63
0109212c23
0000000000
0100b52e23
010a050d63
0109312c23
0000000000
0100c52e23
0108050e63
0109412c23
0000000000
0100d52e23
010a050e63
0109512c23
0000000000
0100e52e23
0108050f63
0109612c23
0000000000
0100f52e23
010a050f63
0109712c23
0000000000
0104852e23
010c050c63
0109812c23
0000000000
0104952e23
010e050c63
0109912c23
0000000000
0104a52e23
010c050d63
0109a12c23
0000000000
0104b52e23
010e050d63
0109b12c23
0000000000
0104c52e23
010c050e63
0109c12c23
0000000000
0104d52e23
010e050e63
0109d12c23
0000000000
0104e52e23
010c050f63
0109e12c23
0000000000
0104f52e23
010e050f63
0109f12c23
0000000000
010085ac23
0100058c63
010c012c23
0000000000
010095ac23
0102058c63
010c112c23
0000000000
0100a5ac23
0100058d63
010c212c23
0000000000
0100b5ac23
0102058d63
010c312c23
0000000000
0100c5ac23
0100058e63
010c412c23
0000000000
0100d5ac23
0102058e63
010c512c23
0000000000
0100e5ac23
0100058f63
010c612c23
0000000000
0100f5ac23
0102058f63
010c712c23
0000000000
010485ac23
0104058c63
010c812c23
0000000000
010495ac23
0106058c63
010c912c23
0000000000
0104a5ac23
0104058d63
010ca12c23
0000000000
0104b5ac23
0106058d63
010cb12c23
0000000000
0104c5ac23
0104058e63
010cc12c23
0000000000
0104d5ac23
0106058e63
010cd12c23
0000000000
0104e5ac23
0104058f63
010ce12c23
0000000000
0104f5ac23
0106058f63
010cf12c23
0000000000
010085ae23
0108058c63
010d012c23
0000000000
010095ae23
010a058c63
010d112c23
0000000000
0100a5ae23
0108058d63
010d212c23
0000000000
0100b5ae23
010a058d63
010d312c23
0000000000
0100c5ae23
0108058e63
010d412c23
0000000000
0100d5ae23
010a058e63
010d512c23
0000000000
0100e5ae23
0108058f63
010d612c23
0000000000
0100f5ae23
010a058f63
010d712c23
0000000000
010485ae23
010c058c63
010d812c23
0000000000
010495ae23
010e058c63
010d912c23
0000000000
0104a5ae23
010c058d63
010da12c23
0000000000
0104b5ae23
010e058d63
010db12c23
0000000000
0104c5ae23
010c058e63
010dc12c23
0000000000
0104d5ae23
010e058e63
010dd12c23
0000000000
0104e5ae23
010c058f63
010de12c23
0000000000
0104f5ae23
010e058f63
010df12c23
0000000000
0100862c23
0100060c63
0100012e23
0000000000
0100962c23
0102060c63
0100112e23
0000000000
0100a62c23
0100060d63
0100212e23
0000000000
0100b62c23
0102060d63
0100312e23
0000000000
0100c62c23
0100060e63
0100412e23
0000000000
0100d62c23
0102060e63
0100512e23
0000000000
0100e62c23
0100060f63
0100612e23
0000000000
0100f62c23
0102060f63
0100712e23
0000000000
0104862c23
0104060c63
0100812e23
0000000000
0104962c23
0106060c63
0100912e23
0000000000
0104a62c23
0104060d63
0100a12e23
0000000000
0104b62c23
0106060d63
0100b12e23
0000000000
0104c62c23
0104060e63
0100c12e23
0000000000
0104d62c23
0106060e63
0100d12e23
0000000000
0104e62c23
0104060f63
0100e12e23
0000000000
0104f62c23
0106060f63
0100f12e23
0000000000
0100862e23
0108060c63
0101012e23
0000000000
0100962e23
010a060c63
0101112e23
0000000000
0100a62e23
0108060d63
0101212e23
0000000000
0100b62e23
010a060d63
0101312e23
0000000000
0100c62e23
0108060e63
0101412e23
0000000000
0100d62e23
010a060e63
0101512e23
0000000000
0100e62e23
0108060f63
0101612e23
0000000000
0100f62e23
010a060f63
0101712e23
0000000000
0104862e23
010c060c63
0101812e23
0000000000
0104962e23
010e060c63
0101912e23
0000000000
0104a62e23
010c060d63
0101a12e23
0000000000
0104b62e23
010e060d63
0101b12e23
0000000000
0104c62e23
010c060e63
0101c12e23
0000000000
0104d62e23
010e060e63
0101d12e23
0000000000
0104e62e23
010c060f63
0101e12e23
0000000000
0104f62e23
010e060f63
0101f12e23
0000000000
010086ac23
0100068c63
0104012e23
0000000000
010096ac23
0102068c63
0104112e23
0000000000
0100a6ac23
0100068d63
0104212e23
0000000000
0100b6ac23
0102068d63
0104312e23
0000000000
0100c6ac23
0100068e63
0104412e23
0000000000
0100d6ac23
0102068e63
0104512e23
0000000000
0100e6ac23
0100068f63
0104612e23
0000000000
0100f6ac23
0102068f63
0104712e23
0000000000
010486ac23
0104068c63
0104812e23
0000000000
010496ac23
0106068c63
0104912e23
0000000000
0104a6ac23
0104068d63
0104a12e23
0000000000
0104b6ac23
0106068d63
0104b12e23
0000000000
0104c6ac23
0104068e63
0104c12e23
0000000000
0104d6ac23
0106068e63
0104d12e23
0000000000
0104e6ac23
0104068f63
0104e12e23
0000000000
0104f6ac23
0106068f63
0104f12e23
0000000000
010086ae23
0108068c63
0105012e23
0000000000
010096ae23
010a068c63
0105112e23
0000000000
0100a6ae23
0108068d63
0105212e23
0000000000
0100b6ae23
010a068d63
0105312e23
0000000000
0100c6ae23
0108068e63
0105412e23
0000000000
0100d6ae23
010a068e63
0105512e23
0000000000
0100e6ae23
0108068f63
0105612e23
0000000000
0100f6ae23
010a068f63
0105712e23
0000000000
010486ae23
010c068c63
0105812e23
0000000000
010496ae23
010e068c63
0105912e23
0000000000
0104a6ae23
010c068d63
0105a12e23
0000000000
0104b6ae23
010e068d63
0105b12e23
0000000000
0104c6ae23
010c068e63
0105c12e23
0000000000
0104d6ae23
010e068e63
0105d12e23
0000000000
0104e6ae23
010c068f63
0105e12e23
0000000000
0104f6ae23
010e068f63
0105f12e23
0000000000
0100872c23
0100070c63
0108012e23
0000000000
0100972c23
0102070c63
0108112e23
0000000000
0100a72c23
0100070d63
0108212e23
0000000000
0100b72c23
0102070d63
0108312e23
0000000000
0100c72c23
0100070e63
0108412e23
0000000000
0100d72c23
0102070e63
0108512e23
0000000000
0100e72c23
0100070f63
0108612e23
0000000000
0100f72c23
0102070f63
0108712e23
0000000000
0104872c23
0104070c63
0108812e23
0000000000
0104972c23
0106070c63
0108912e23
0000000000
0104a72c23
0104070d63
0108a12e23
0000000000
0104b72c23
0106070d63
0108b12e23
0000000000
0104c72c23
0104070e63
0108c12e23
0000000000
0104d72c23
0106070e63
0108d12e23
0000000000
0104e72c23
0104070f63
0108e12e23
0000000000
0104f72c23
0106070f63
0108f12e23
0000000000
0100872e23
0108070c63
0109012e23
0000000000
0100972e23
010a070c63
0109112e23
0000000000
0100a72e23
0108070d63
0109212e23
0000000000
0100b72e23
010a070d63
0109312e23
0000000000
0100c72e23
0108070e63
0109412e23
0000000000
0100d72e23
010a070e63
0109512e23
0000000000
0100e72e23
0108070f63
0109612e23
0000000000
0100f72e23
010a070f63
0109712e23
0000000000
0104872e23
010c070c63
0109812e23
0000000000
0104972e23
010e070c63
0109912e23
0000000000
0104a72e23
010c070d63
0109a12e23
0000000000
0104b72e23
010e070d63
0109b12e23
0000000000
0104c72e23
010c070e63
0109c12e23
0000000000
0104d72e23
010e070e63
0109d12e23
0000000000
0104e72e23
010c070f63
0109e12e23
0000000000
0104f72e23
010e070f63
0109f12e23
0000000000
010087ac23
0100078c63
010c012e23
0000000000
010097ac23
0102078c63
010c112e23
0000000000
0100a7ac23
0100078d63
010c212e23
0000000000
0100b7ac23
0102078d63
010c312e23
0000000000
0100c7ac23
0100078e63
010c412e23
0000000000
0100d7ac23
0102078e63
010c512e23
0000000000
0100e7ac23
0100078f63
010c612e23
0000000000
0100f7ac23
0102078f63
010c712e23
0000000000
010487ac23
0104078c63
010c812e23
0000000000
010497ac23
0106078c63
010c912e23
0000000000
0104a7ac23
0104078d63
010ca12e23
0000000000
0104b7ac23
0106078d63
010cb12e23
0000000000
0104c7ac23
0104078e63
010cc12e23
0000000000
0104d7ac23
0106078e63
010cd12e23
0000000000
0104e7ac23
0104078f63
010ce12e23
0000000000
0104f7ac23
0106078f63
010cf12e23
0000000000
010087ae23
0108078c63
010d012e23
0000000000
010097ae23
010a078c63
010d112e23
0000000000
0100a7ae23
0108078d63
010d212e23
0000000000
0100b7ae23
010a078d63
010d312e23
0000000000
0100c7ae23
0108078e63
010d412e23
0000000000
0100d7ae23
010a078e63
010d512e23
0000000000
0100e7ae23
0108078f63
010d612e23
0000000000
0100f7ae23
010a078f63
010d712e23
0000000000
010487ae23
010c078c63
010d812e23
0000000000
010497ae23
010e078c63
010d912e23
0000000000
0104a7ae23
010c078d63
010da12e23
0000000000
0104b7ae23
010e078d63
010db12e23
0000000000
0104c7ae23
010c078e63
010dc12e23
0000000000
0104d7ae23
010e078e63
010dd12e23
0000000000
0104e7ae23
010c078f63
010de12e23
0000000000
0104f7ae23
010e078f63
010df12e23
0000000000
0102842023
01f00400e3
0102012023
0000000000
0102942023
01f20400e3
0102112023
0000000000
0102a42023
01f00401e3
0102212023
0000000000
0102b42023
01f20401e3
0102312023
0000000000
0102c42023
01f00402e3
0102412023
0000000000
0102d42023
01f20402e3
0102512023
0000000000
0102e42023
01f00403e3
0102612023
0000000000
0102f42023
01f20403e3
0102712023
0000000000
0106842023
01f40400e3
0102812023
0000000000
0106942023
01f60400e3
0102912023
0000000000
0106a42023
01f40401e3
0102a12023
0000000000
0106b42023
01f60401e3
0102b12023
0000000000
0106c42023
01f40402e3
0102c12023
0000000000
0106d42023
01f60402e3
0102d12023
0000000000
0106e42023
01f40403e3
0102e12023
0000000000
0106f42023
01f60403e3
0102f12023
0000000000
0102842223
01f80400e3
0103012023
0000000000
0102942223
01fa0400e3
0103112023
0000000000
0102a42223
01f80401e3
0103212023
0000000000
0102b42223
01fa0401e3
0103312023
0000000000
0102c42223
01f80402e3
0103412023
0000000000
0102d42223
01fa0402e3
0103512023
0000000000
0102e42223
01f80403e3
0103612023
0000000000
0102f42223
01fa0403e3
0103712023
0000000000
0106842223
01fc0400e3
0103812023
0000000000
0106942223
01fe0400e3
0103912023
0000000000
0106a42223
01fc0401e3
0103a12023
0000000000
0106b42223
01fe0401e3
0103b12023
0000000000
0106c42223
01fc0402e3
0103c12023
0000000000
0106d42223
01fe0402e3
0103d12023
0000000000
0106e42223
01fc0403e3
0103e12023
0000000000
0106f42223
01fe0403e3
0103f12023
0000000000
010284a023
01f00480e3
0106012023
0000000000
010294a023
01f20480e3
0106112023
0000000000
0102a4a023
01f00481e3
0106212023
0000000000
0102b4a023
01f20481e3
0106312023
0000000000
0102c4a023
01f00482e3
0106412023
0000000000
0102d4a023
01f20482e3
0106512023
0000000000
0102e4a023
01f00483e3
0106612023
0000000000
0102f4a023
01f20483e3
0106712023
0000000000
010684a023
01f40480e3
0106812023
0000000000
010694a023
01f60480e3
0106912023
0000000000
0106a4a023
01f40481e3
0106a12023
0000000000
0106b4a023
01f60481e3
0106b12023
0000000000
0106c4a023
01f40482e3
0106c12023
0000000000
0106d4a023
01f60482e3
0106d12023
0000000000
0106e4a023
01f40483e3
0106e12023
0000000000
0106f4a023
01f60483e3
0106f12023
0000000000
010284a223
01f80480e3
0107012023
0000000000
010294a223
01fa0480e3
0107112023
0000000000
0102a4a223
01f80481e3
0107212023
0000000000
0102b4a223
01fa0481e3
0107312023
0000000000
0102c4a223
01f80482e3
0107412023
0000000000
0102d4a223
01fa0482e3
0107512023
0000000000
0102e4a223
01f80483e3
0107612023
0000000000
0102f4a223
01fa0483e3
0107712023
0000000000
010684a223
01fc0480e3
0107812023
0000000000
010694a223
01fe0480e3
0107912023
0000000000
0106a4a223
01fc0481e3
0107a12023
0000000000
0106b4a223
01fe0481e3
0107b12023
0000000000
0106c4a223
01fc0482e3
0107c12023
0000000000
0106d4a223
01fe0482e3
0107d12023
0000000000
0106e4a223
01fc0483e3
0107e12023
0000000000
0106f4a223
01fe0483e3
0107f12023
0000000000
0102852023
01f00500e3
010a012023
0000000000
0102952023
01f20500e3
010a112023
0000000000
0102a52023
01f00501e3
010a212023
0000000000
0102b52023
01f20501e3
010a312023
0000000000
0102c52023
01f00502e3
010a412023
0000000000
0102d52023
01f20502e3
010a512023
0000000000
0102e52023
01f00503e3
010a612023
0000000000
0102f52023
01f20503e3
010a712023
0000000000
0106852023
01f40500e3
010a812023
0000000000
0106952023
01f60500e3
010a912023
0000000000
0106a52023
01f40501e3
010aa12023
0000000000
0106b52023
01f60501e3
010ab12023
0000000000
0106c52023
01f40502e3
010ac12023
0000000000
0106d52023
01f60502e3
010ad12023
0000000000
0106e52023
01f40503e3
010ae12023
0000000000
0106f52023
01f60503e3
010af12023
0000000000
0102852223
01f80500e3
010b012023
0000000000
0102952223
01fa0500e3
010b112023
0000000000
0102a52223
01f80501e3
010b212023
0000000000
0102b52223
01fa0501e3
010b312023
0000000000
0102c52223
01f80502e3
010b412023
0000000000
0102d52223
01fa0502e3
010b512023
0000000000
0102e52223
01f80503e3
010b612023
0000000000
0102f52223
01fa0503e3
010b712023
0000000000
0106852223
01fc0500e3
010b812023
0000000000
0106952223
01fe0500e3
010b912023
0000000000
0106a52223
01fc0501e3
010ba12023
0000000000
0106b52223
01fe0501e3
010bb12023
0000000000
0106c52223
01fc0502e3
010bc12023
0000000000
0106d52223
01fe0502e3
010bd12023
0000000000
0106e52223
01fc0503e3
010be12023
0000000000
0106f52223
01fe0503e3
010bf12023
0000000000
010285a023
01f00580e3
010e012023
0000000000
010295a023
01f20580e3
010e112023
0000000000
0102a5a023
01f00581e3
010e212023
0000000000
0102b5a023
01f20581e3
010e312023
0000000000
0102c5a023
01f00582e3
010e412023
0000000000
0102d5a023
01f20582e3
010e512023
0000000000
0102e5a023
01f00583e3
010e612023
0000000000
0102f5a023
01f20583e3
010e712023
0000000000
010685a023
01f40580e3
010e812023
0000000000
010695a023
01f60580e3
010e912023
0000000000
0106a5a023
01f40581e3
010ea12023
0000000000
0106b5a023
01f60581e3
010eb12023
0000000000
0106c5a023
01f40582e3
010ec12023
0000000000
0106d5a023
01f60582e3
010ed12023
0000000000
0106e5a023
01f40583e3
010ee12023
0000000000
0106f5a023
01f60583e3
010ef12023
0000000000
010285a223
01f80580e3
010f012023
0000000000
010295a223
01fa0580e3
010f112023
0000000000
0102a5a223
01f80581e3
010f212023
0000000000
0102b5a223
01fa0581e3
010f312023
0000000000
0102c5a223
01f80582e3
010f412023
0000000000
0102d5a223
01fa0582e3
010f512023
0000000000
0102e5a223
01f80583e3
010f612023
0000000000
0102f5a223
01fa0583e3
010f712023
0000000000
010685a223
01fc0580e3
010f812023
0000000000
010695a223
01fe0580e3
010f912023
0000000000
0106a5a223
01fc0581e3
010fa12023
0000000000
0106b5a223
01fe0581e3
010fb12023
0000000000
0106c5a223
01fc0582e3
010fc12023
0000000000
0106d5a223
01fe0582e3
010fd12023
0000000000
0106e5a223
01fc0583e3
010fe12023
0000000000
0106f5a223
01fe0583e3
010ff12023
0000000000
0102862023
01f00600e3
0102012223
0000000000
0102962023
01f20600e3
0102112223
0000000000
0102a62023
01f00601e3
0102212223
0000000000
0102b62023
01f20601e3
0102312223
0000000000
0102c62023
01f00602e3
0102412223
0000000000
0102d62023
01f20602e3
0102512223
0000000000
0102e62023
01f00603e3
0102612223
0000000000
0102f62023
01f20603e3
0102712223
0000000000
0106862023
01f40600e3
0102812223
0000000000
0106962023
01f60600e3
0102912223
0000000000
0106a62023
01f40601e3
0102a12223
0000000000
0106b62023
01f60601e3
0102b12223
0000000000
0106c62023
01f40602e3
0102c12223
0000000000
0106d62023
01f60602e3
0102d12223
0000000000
0106e62023
01f40603e3
0102e12223
0000000000
0106f62023
01f60603e3
0102f12223
0000000000
0102862223
01f80600e3
0103012223
0000000000
0102962223
01fa0600e3
0103112223
0000000000
0102a62223
01f80601e3
0103212223
0000000000
0102b62223
01fa0601e3
0103312223
0000000000
0102c62223
01f80602e3
0103412223
0000000000
0102d62223
01fa0602e3
0103512223
0000000000
0102e62223
01f80603e3
0103612223
0000000000
0102f62223
01fa0603e3
0103712223
0000000000
0106862223
01fc0600e3
0103812223
0000000000
0106962223
01fe0600e3
0103912223
0000000000
0106a62223
01fc0601e3
0103a12223
0000000000
0106b62223
01fe0601e3
0103b12223
0000000000
0106c62223
01fc0602e3
0103c12223
0000000000
0106d62223
01fe0602e3
0103d12223
0000000000
0106e62223
01fc0603e3
0103e12223
0000000000
0106f62223
01fe0603e3
0103f12223
0000000000
010286a023
01f00680e3
0106012223
0000000000
010296a023
01f20680e3
0106112223
0000000000
0102a6a023
01f00681e3
0106212223
0000000000
0102b6a023
01f20681e3
0106312223
0000000000
0102c6a023
01f00682e3
0106412223
0000000000
0102d6a023
01f20682e3
0106512223
0000000000
0102e6a023
01f00683e3
0106612223
0000000000
0102f6a023
01f20683e3
0106712223
0000000000
010686a023
01f40680e3
0106812223
0000000000
010696a023
01f60680e3
0106912223
0000000000
0106a6a023
01f40681e3
0106a12223
0000000000
0106b6a023
01f60681e3
0106b12223
0000000000
0106c6a023
01f40682e3
0106c12223
0000000000
0106d6a023
01f60682e3
0106d12223
0000000000
0106e6a023
01f40683e3
0106e12223
0000000000
0106f6a023
01f60683e3
0106f12223
0000000000
010286a223
01f80680e3
0107012223
0000000000
010296a223
01fa0680e3
0107112223
0000000000
0102a6a223
01f80681e3
0107212223
0000000000
0102b6a223
01fa0681e3
0107312223
0000000000
0102c6a223
01f80682e3
0107412223
0000000000
0102d6a223
01fa0682e3
0107512223
0000000000
0102e6a223
01f80683e3
0107612223
0000000000
0102f6a223
01fa0683e3
0107712223
0000000000
010686a223
01fc0680e3
0107812223
0000000000
010696a223
01fe0680e3
0107912223
0000000000
0106a6a223
01fc0681e3
0107a12223
0000000000
0106b6a223
01fe0681e3
0107b12223
0000000000
0106c6a223
01fc0682e3
0107c12223
0000000000
0106d6a223
01fe0682e3
0107d12223
0000000000
0106e6a223
01fc0683e3
0107e12223
0000000000
0106f6a223
01fe0683e3
0107f12223
0000000000
0102872023
01f00700e3
010a012223
0000000000
0102972023
01f20700e3
010a112223
0000000000
0102a72023
01f00701e3
010a212223
0000000000
0102b72023
01f20701e3
010a312223
0000000000
0102c72023
01f00702e3
010a412223
0000000000
0102d72023
01f20702e3
010a512223
0000000000
0102e72023
01f00703e3
010a612223
0000000000
0102f72023
01f20703e3
010a712223
0000000000
0106872023
01f40700e3
010a812223
0000000000
0106972023
01f60700e3
010a912223
0000000000
0106a72023
01f40701e3
010aa12223
0000000000
0106b72023
01f60701e3
010ab12223
0000000000
0106c72023
01f40702e3
010ac12223
0000000000
0106d72023
01f60702e3
010ad12223
0000000000
0106e72023
01f40703e3
010ae12223
0000000000
0106f72023
01f60703e3
010af12223
0000000000
0102872223
01f80700e3
010b012223
0000000000
0102972223
01fa0700e3
010b112223
0000000000
0102a72223
01f80701e3
010b212223
0000000000
0102b72223
01fa0701e3
010b312223
0000000000
0102c72223
01f80702e3
010b412223
0000000000
0102d72223
01fa0702e3
010b512223
0000000000
0102e72223
01f80703e3
010b612223
0000000000
0102f72223
01fa0703e3
010b712223
0000000000
0106872223
01fc0700e3
010b812223
0000000000
0106972223
01fe0700e3
010b912223
0000000000
0106a72223
01fc0701e3
010ba12223
0000000000
0106b72223
01fe0701e3
010bb12223
0000000000
0106c72223
01fc0702e3
010bc12223
0000000000
0106d72223
01fe0702e3
010bd12223
0000000000
0106e72223
01fc0703e3
010be12223
0000000000
0106f72223
01fe0703e3
010bf12223
0000000000
010287a023
01f00780e3
010e012223
0000000000
010297a023
01f20780e3
010e112223
0000000000
0102a7a023
01f00781e3
010e212223
0000000000
0102b7a023
01f20781e3
010e312223
0000000000
0102c7a023
01f00782e3
010e412223
0000000000
0102d7a023
01f20782e3
010e512223
0000000000
0102e7a023
01f00783e3
010e612223
0000000000
0102f7a023
01f20783e3
010e712223
0000000000
010687a023
01f40780e3
010e812223
0000000000
010697a023
01f60780e3
010e912223
0000000000
0106a7a023
01f40781e3
010ea12223
0000000000
0106b7a023
01f60781e3
010eb12223
0000000000
0106c7a023
01f40782e3
010ec12223
0000000000
0106d7a023
01f60782e3
010ed12223
0000000000
0106e7a023
01f40783e3
010ee12223
0000000000
0106f7a023
01f60783e3
010ef12223
0000000000
010287a223
01f80780e3
010f012223
0000000000
010297a223
01fa0780e3
010f112223
0000000000
0102a7a223
01f80781e3
010f212223
0000000000
0102b7a223
01fa0781e3
010f312223
0000000000
0102c7a223
01f80782e3
010f412223
0000000000
0102d7a223
01fa0782e3
010f512223
0000000000
0102e7a223
01f80783e3
010f612223
0000000000
0102f7a223
01fa0783e3
010f712223
0000000000
010687a223
01fc0780e3
010f812223
0000000000
010697a223
01fe0780e3
010f912223
0000000000
0106a7a223
01fc0781e3
010fa12223
0000000000
0106b7a223
01fe0781e3
010fb12223
0000000000
0106c7a223
01fc0782e3
010fc12223
0000000000
0106d7a223
01fe0782e3
010fd12223
0000000000
0106e7a223
01fc0783e3
010fe12223
0000000000
0106f7a223
01fe0783e3
010ff12223
0000000000
0102842423
01f00404e3
0102012423
0000000000
0102942423
01f20404e3
0102112423
0000000000
0102a42423
01f00405e3
0102212423
0000000000
0102b42423
01f20405e3
0102312423
0000000000
0102c42423
01f00406e3
0102412423
0000000000
0102d42423
01f20406e3
0102512423
0000000000
0102e42423
01f00407e3
0102612423
0000000000
0102f42423
01f20407e3
0102712423
0000000000
0106842423
01f40404e3
0102812423
0000000000
0106942423
01f60404e3
0102912423
0000000000
0106a42423
01f40405e3
0102a12423
0000000000
0106b42423
01f60405e3
0102b12423
0000000000
0106c42423
01f40406e3
0102c12423
0000000000
0106d42423
01f60406e3
0102d12423
0000000000
0106e42423
01f40407e3
0102e12423
0000000000
0106f42423
01f60407e3
0102f12423
0000000000
0102842623
01f80404e3
0103012423
0000000000
0102942623
01fa0404e3
0103112423
0000000000
0102a42623
01f80405e3
0103212423
0000000000
0102b42623
01fa0405e3
0103312423
0000000000
0102c42623
01f80406e3
0103412423
0000000000
0102d42623
01fa0406e3
0103512423
0000000000
0102e42623
01f80407e3
0103612423
0000000000
0102f42623
01fa0407e3
0103712423
0000000000
0106842623
01fc0404e3
0103812423
0000000000
0106942623
01fe0404e3
0103912423
0000000000
0106a42623
01fc0405e3
0103a12423
0000000000
0106b42623
01fe0405e3
0103b12423
0000000000
0106c42623
01fc0406e3
0103c12423
0000000000
0106d42623
01fe0406e3
0103d12423
0000000000
0106e42623
01fc0407e3
0103e12423
0000000000
0106f42623
01fe0407e3
0103f12423
0000000000
010284a423
01f00484e3
0106012423
0000000000
010294a423
01f20484e3
0106112423
0000000000
0102a4a423
01f00485e3
0106212423
0000000000
0102b4a423
01f20485e3
0106312423
0000000000
0102c4a423
01f00486e3
0106412423
0000000000
0102d4a423
01f20486e3
0106512423
0000000000
0102e4a423
01f00487e3
0106612423
0000000000
0102f4a423
01f20487e3
0106712423
0000000000
010684a423
01f40484e3
0106812423
0000000000
010694a423
01f60484e3
0106912423
0000000000
0106a4a423
01f40485e3
0106a12423
0000000000
0106b4a423
01f60485e3
0106b12423
0000000000
0106c4a423
01f40486e3
0106c12423
0000000000
0106d4a423
01f60486e3
0106d12423
0000000000
0106e4a423
01f40487e3
0106e12423
0000000000
0106f4a423
01f60487e3
0106f12423
0000000000
010284a623
01f80484e3
0107012423
0000000000
010294a623
01fa0484e3
0107112423
0000000000
0102a4a623
01f80485e3
0107212423
0000000000
0102b4a623
01fa0485e3
0107312423
0000000000
0102c4a623
01f80486e3
0107412423
0000000000
0102d4a623
01fa0486e3
0107512423
0000000000
0102e4a623
01f80487e3
0107612423
0000000000
0102f4a623
01fa0487e3
0107712423
0000000000
010684a623
01fc0484e3
0107812423
0000000000
010694a623
01fe0484e3
0107912423
0000000000
0106a4a623
01fc0485e3
0107a12423
0000000000
0106b4a623
01fe0485e3
0107b12423
0000000000
0106c4a623
01fc0486e3
0107c12423
0000000000
0106d4a623
01fe0486e3
0107d12423
0000000000
0106e4a623
01fc0487e3
0107e12423
0000000000
0106f4a623
01fe0487e3
0107f12423
0000000000
0102852423
01f00504e3
010a012423
0000000000
0102952423
01f20504e3
010a112423
0000000000
0102a52423
01f00505e3
010a212423
0000000000
0102b52423
01f20505e3
010a312423
0000000000
0102c52423
01f00506e3
010a412423
0000000000
0102d52423
01f20506e3
010a512423
0000000000
0102e52423
01f00507e3
010a612423
0000000000
0102f52423
01f20507e3
010a712423
0000000000
0106852423
01f40504e3
010a812423
0000000000
0106952423
01f60504e3
010a912423
0000000000
0106a52423
01f40505e3
010aa12423
0000000000
0106b52423
01f60505e3
010ab12423
0000000000
0106c52423
01f40506e3
010ac12423
0000000000
0106d52423
01f60506e3
010ad12423
0000000000
0106e52423
01f40507e3
010ae12423
0000000000
0106f52423
01f60507e3
010af12423
0000000000
0102852623
01f80504e3
010b012423
0000000000
0102952623
01fa0504e3
010b112423
0000000000
0102a52623
01f80505e3
010b212423
0000000000
0102b52623
01fa0505e3
010b312423
0000000000
0102c52623
01f80506e3
010b412423
0000000000
0102d52623
01fa0506e3
010b512423
0000000000
0102e52623
01f80507e3
010b612423
0000000000
0102f52623
01fa0507e3
010b712423
0000000000
0106852623
01fc0504e3
010b812423
0000000000
0106952623
01fe0504e3
010b912423
0000000000
0106a52623
01fc0505e3
010ba12423
0000000000
0106b52623
01fe0505e3
010bb12423
0000000000
0106c52623
01fc0506e3
010bc12423
0000000000
0106d52623
01fe0506e3
010bd12423
0000000000
0106e52623
01fc0507e3
010be12423
0000000000
0106f52623
01fe0507e3
010bf12423
0000000000
010285a423
01f00584e3
010e012423
0000000000
010295a423
01f20584e3
010e112423
0000000000
0102a5a423
01f00585e3
010e212423
0000000000
0102b5a423
01f20585e3
010e312423
0000000000
0102c5a423
01f00586e3
010e412423
0000000000
0102d5a423
01f20586e3
010e512423
0000000000
0102e5a423
01f00587e3
010e612423
0000000000
0102f5a423
01f20587e3
010e712423
0000000000
010685a423
01f40584e3
010e812423
0000000000
010695a423
01f60584e3
010e912423
0000000000
0106a5a423
01f40585e3
010ea12423
0000000000
0106b5a423
01f60585e3
010eb12423
0000000000
0106c5a423
01f40586e3
010ec12423
0000000000
0106d5a423
01f60586e3
010ed12423
0000000000
0106e5a423
01f40587e3
010ee12423
0000000000
0106f5a423
01f60587e3
010ef12423
0000000000
010285a623
01f80584e3
010f012423
0000000000
010295a623
01fa0584e3
010f112423
0000000000
0102a5a623
01f80585e3
010f212423
0000000000
0102b5a623
01fa0585e3
010f312423
0000000000
0102c5a623
01f80586e3
010f412423
0000000000
0102d5a623
01fa0586e3
010f512423
0000000000
0102e5a623
01f80587e3
010f612423
0000000000
0102f5a623
01fa0587e3
010f712423
0000000000
010685a623
01fc0584e3
010f812423
0000000000
010695a623
01fe0584e3
010f912423
0000000000
0106a5a623
01fc0585e3
010fa12423
0000000000
0106b5a623
01fe0585e3
010fb12423
0000000000
0106c5a623
01fc0586e3
010fc12423
0000000000
0106d5a623
01fe0586e3
010fd12423
0000000000
0106e5a623
01fc0587e3
010fe12423
0000000000
0106f5a623
01fe0587e3
010ff12423
0000000000
0102862423
01f00604e3
0102012623
0000000000
0102962423
01f20604e3
0102112623
0000000000
0102a62423
01f00605e3
0102212623
0000000000
0102b62423
01f20605e3
0102312623
0000000000
0102c62423
01f00606e3
0102412623
0000000000
0102d62423
01f20606e3
0102512623
0000000000
0102e62423
01f00607e3
0102612623
0000000000
0102f62423
01f20607e3
0102712623
0000000000
0106862423
01f40604e3
0102812623
0000000000
0106962423
01f60604e3
0102912623
0000000000
0106a62423
01f40605e3
0102a12623
0000000000
0106b62423
01f60605e3
0102b12623
0000000000
0106c62423
01f40606e3
0102c12623
0000000000
0106d62423
01f60606e3
0102d12623
0000000000
0106e62423
01f40607e3
0102e12623
0000000000
0106f62423
01f60607e3
0102f12623
0000000000
0102862623
01f80604e3
0103012623
0000000000
0102962623
01fa0604e3
0103112623
0000000000
0102a62623
01f80605e3
0103212623
0000000000
0102b62623
01fa0605e3
0103312623
0000000000
0102c62623
01f80606e3
0103412623
0000000000
0102d62623
01fa0606e3
0103512623
0000000000
0102e62623
01f80607e3
0103612623
0000000000
0102f62623
01fa0607e3
0103712623
0000000000
0106862623
01fc0604e3
0103812623
0000000000
0106962623
01fe0604e3
0103912623
0000000000
0106a62623
01fc0605e3
0103a12623
0000000000
0106b62623
01fe0605e3
0103b12623
0000000000
0106c62623
01fc0606e3
0103c12623
0000000000
0106d62623
01fe0606e3
0103d12623
0000000000
0106e62623
01fc0607e3
0103e12623
0000000000
0106f62623
01fe0607e3
0103f12623
0000000000
010286a423
01f00684e3
0106012623
0000000000
010296a423
01f20684e3
0106112623
0000000000
0102a6a423
01f00685e3
0106212623
0000000000
0102b6a423
01f20685e3
0106312623
0000000000
0102c6a423
01f00686e3
0106412623
0000000000
0102d6a423
01f20686e3
0106512623
0000000000
0102e6a423
01f00687e3
0106612623
0000000000
0102f6a423
01f20687e3
0106712623
0000000000
010686a423
01f40684e3
0106812623
0000000000
010696a423
01f60684e3
0106912623
0000000000
0106a6a423
01f40685e3
0106a12623
0000000000
0106b6a423
01f60685e3
0106b12623
0000000000
0106c6a423
01f40686e3
0106c12623
0000000000
0106d6a423
01f60686e3
0106d12623
0000000000
0106e6a423
01f40687e3
0106e12623
0000000000
0106f6a423
01f60687e3
0106f12623
0000000000
010286a623
01f80684e3
0107012623
0000000000
010296a623
01fa0684e3
0107112623
0000000000
0102a6a623
01f80685e3
0107212623
0000000000
0102b6a623
01fa0685e3
0107312623
0000000000
0102c6a623
01f80686e3
0107412623
0000000000
0102d6a623
01fa0686e3
0107512623
0000000000
0102e6a623
01f80687e3
0107612623
0000000000
0102f6a623
01fa0687e3
0107712623
0000000000
010686a623
01fc0684e3
0107812623
0000000000
010696a623
01fe0684e3
0107912623
0000000000
0106a6a623
01fc0685e3
0107a12623
0000000000
0106b6a623
01fe0685e3
0107b12623
0000000000
0106c6a623
01fc0686e3
0107c12623
0000000000
0106d6a623
01fe0686e3
0107d12623
0000000000
0106e6a623
01fc0687e3
0107e12623
0000000000
0106f6a623
01fe0687e3
0107f12623
0000000000
0102872423
01f00704e3
010a012623
0000000000
0102972423
01f20704e3
010a112623
0000000000
0102a72423
01f00705e3
010a212623
0000000000
0102b72423
01f20705e3
010a312623
0000000000
0102c72423
01f00706e3
010a412623
0000000000
0102d72423
01f20706e3
010a512623
0000000000
0102e72423
01f00707e3
010a612623
0000000000
0102f72423
01f20707e3
010a712623
0000000000
0106872423
01f40704e3
010a812623
0000000000
0106972423
01f60704e3
010a912623
0000000000
0106a72423
01f40705e3
010aa12623
0000000000
0106b72423
01f60705e3
010ab12623
0000000000
0106c72423
01f40706e3
010ac12623
0000000000
0106d72423
01f60706e3
010ad12623
0000000000
0106e72423
01f40707e3
010ae12623
0000000000
0106f72423
01f60707e3
010af12623
0000000000
0102872623
01f80704e3
010b012623
0000000000
0102972623
01fa0704e3
010b112623
0000000000
0102a72623
01f80705e3
010b212623
0000000000
0102b72623
01fa0705e3
010b312623
0000000000
0102c72623
01f80706e3
010b412623
0000000000
0102d72623
01fa0706e3
010b512623
0000000000
0102e72623
01f80707e3
010b612623
0000000000
0102f72623
01fa0707e3
010b712623
0000000000
0106872623
01fc0704e3
010b812623
0000000000
0106972623
01fe0704e3
010b912623
0000000000
0106a72623
01fc0705e3
010ba12623
0000000000
0106b72623
01fe0705e3
010bb12623
0000000000
0106c72623
01fc0706e3
010bc12623
0000000000
0106d72623
01fe0706e3
010bd12623
0000000000
0106e72623
01fc0707e3
010be12623
0000000000
0106f72623
01fe0707e3
010bf12623
0000000000
010287a423
01f00784e3
010e012623
0000000000
010297a423
01f20784e3
010e112623
0000000000
0102a7a423
01f00785e3
010e212623
0000000000
0102b7a423
01f20785e3
010e312623
0000000000
0102c7a423
01f00786e3
010e412623
0000000000
0102d7a423
01f20786e3
010e512623
0000000000
0102e7a423
01f00787e3
010e612623
0000000000
0102f7a423
01f20787e3
010e712623
0000000000
010687a423
01f40784e3
010e812623
0000000000
010697a423
01f60784e3
010e912623
0000000000
0106a7a423
01f40785e3
010ea12623
0000000000
0106b7a423
01f60785e3
010eb12623
0000000000
0106c7a423
01f40786e3
010ec12623
0000000000
0106d7a423
01f60786e3
010ed12623
0000000000
0106e7a423
01f40787e3
010ee12623
0000000000
0106f7a423
01f60787e3
010ef12623
0000000000
010287a623
01f80784e3
010f012623
0000000000
010297a623
01fa0784e3
010f112623
0000000000
0102a7a623
01f80785e3
010f212623
0000000000
0102b7a623
01fa0785e3
010f312623
0000000000
0102c7a623
01f80786e3
010f412623
0000000000
0102d7a623
01fa0786e3
010f512623
0000000000
0102e7a623
01f80787e3
010f612623
0000000000
0102f7a623
01fa0787e3
010f712623
0000000000
010687a623
01fc0784e3
010f812623
0000000000
010697a623
01fe0784e3
010f912623
0000000000
0106a7a623
01fc0785e3
010fa12623
0000000000
0106b7a623
01fe0785e3
010fb12623
0000000000
0106c7a623
01fc0786e3
010fc12623
0000000000
0106d7a623
01fe0786e3
010fd12623
0000000000
0106e7a623
01fc0787e3
010fe12623
0000000000
0106f7a623
01fe0787e3
010ff12623
0000000000
0102842823
01f00408e3
0102012823
0000000000
0102942823
01f20408e3
0102112823
0000000000
0102a42823
01f00409e3
0102212823
0000000000
0102b42823
01f20409e3
0102312823
0000000000
0102c42823
01f0040ae3
0102412823
0000000000
0102d42823
01f2040ae3
0102512823
0000000000
0102e42823
01f0040be3
0102612823
0000000000
0102f42823
01f2040be3
0102712823
0000000000
0106842823
01f40408e3
0102812823
0000000000
0106942823
01f60408e3
0102912823
0000000000
0106a42823
01f40409e3
0102a12823
0000000000
0106b42823
01f60409e3
0102b12823
0000000000
0106c42823
01f4040ae3
0102c12823
0000000000
0106d42823
01f6040ae3
0102d12823
0000000000
0106e42823
01f4040be3
0102e12823
0000000000
0106f42823
01f6040be3
0102f12823
0000000000
0102842a23
01f80408e3
0103012823
0000000000
0102942a23
01fa0408e3
0103112823
0000000000
0102a42a23
01f80409e3
0103212823
0000000000
0102b42a23
01fa0409e3
0103312823
0000000000
0102c42a23
01f8040ae3
0103412823
0000000000
0102d42a23
01fa040ae3
0103512823
0000000000
0102e42a23
01f8040be3
0103612823
0000000000
0102f42a23
01fa040be3
0103712823
0000000000
0106842a23
01fc0408e3
0103812823
0000000000
0106942a23
01fe0408e3
0103912823
0000000000
0106a42a23
01fc0409e3
0103a12823
0000000000
0106b42a23
01fe0409e3
0103b12823
0000000000
0106c42a23
01fc040ae3
0103c12823
0000000000
0106d42a23
01fe040ae3
0103d12823
0000000000
0106e42a23
01fc040be3
0103e12823
0000000000
0106f42a23
01fe040be3
0103f12823
0000000000
010284a823
01f00488e3
0106012823
0000000000
010294a823
01f20488e3
0106112823
0000000000
0102a4a823
01f00489e3
0106212823
0000000000
0102b4a823
01f20489e3
0106312823
0000000000
0102c4a823
01f0048ae3
0106412823
0000000000
0102d4a823
01f2048ae3
0106512823
0000000000
0102e4a823
01f0048be3
0106612823
0000000000
0102f4a823
01f2048be3
0106712823
0000000000
010684a823
01f40488e3
0106812823
0000000000
010694a823
01f60488e3
0106912823
0000000000
0106a4a823
01f40489e3
0106a12823
0000000000
0106b4a823
01f60489e3
0106b12823
0000000000
0106c4a823
01f4048ae3
0106c12823
0000000000
0106d4a823
01f6048ae3
0106d12823
0000000000
0106e4a823
01f4048be3
0106e12823
0000000000
0106f4a823
01f6048be3
0106f12823
0000000000
010284aa23
01f80488e3
0107012823
0000000000
010294aa23
01fa0488e3
0107112823
0000000000
0102a4aa23
01f80489e3
0107212823
0000000000
0102b4aa23
01fa0489e3
0107312823
0000000000
0102c4aa23
01f8048ae3
0107412823
0000000000
0102d4aa23
01fa048ae3
0107512823
0000000000
0102e4aa23
01f8048be3
0107612823
0000000000
0102f4aa23
01fa048be3
0107712823
0000000000
010684aa23
01fc0488e3
0107812823
0000000000
010694aa23
01fe0488e3
0107912823
0000000000
0106a4aa23
01fc0489e3
0107a12823
0000000000
0106b4aa23
01fe0489e3
0107b12823
0000000000
0106c4aa23
01fc048ae3
0107c12823
0000000000
0106d4aa23
01fe048ae3
0107d12823
0000000000
0106e4aa23
01fc048be3
0107e12823
0000000000
0106f4aa23
01fe048be3
0107f12823
0000000000
0102852823
01f00508e3
010a012823
0000000000
0102952823
01f20508e3
010a112823
0000000000
0102a52823
01f00509e3
010a212823
0000000000
0102b52823
01f20509e3
010a312823
0000000000
0102c52823
01f0050ae3
010a412823
0000000000
0102d52823
01f2050ae3
010a512823
0000000000
0102e52823
01f0050be3
010a612823
0000000000
0102f52823
01f2050be3
010a712823
0000000000
0106852823
01f40508e3
010a812823
0000000000
0106952823
01f60508e3
010a912823
0000000000
0106a52823
01f40509e3
010aa12823
0000000000
0106b52823
01f60509e3
010ab12823
0000000000
0106c52823
01f4050ae3
010ac12823
0000000000
0106d52823
01f6050ae3
010ad12823
0000000000
0106e52823
01f4050be3
010ae12823
0000000000
0106f52823
01f6050be3
010af12823
0000000000
0102852a23
01f80508e3
010b012823
0000000000
0102952a23
01fa0508e3
010b112823
0000000000
0102a52a23
01f80509e3
010b212823
0000000000
0102b52a23
01fa0509e3
010b312823
0000000000
0102c52a23
01f8050ae3
010b412823
0000000000
0102d52a23
01fa050ae3
010b512823
0000000000
0102e52a23
01f8050be3
010b612823
0000000000
0102f52a23
01fa050be3
010b712823
0000000000
0106852a23
01fc0508e3
010b812823
0000000000
0106952a23
01fe0508e3
010b912823
0000000000
0106a52a23
01fc0509e3
010ba12823
0000000000
0106b52a23
01fe0509e3
010bb12823
0000000000
0106c52a23
01fc050ae3
010bc12823
0000000000
0106d52a23
01fe050ae3
010bd12823
0000000000
0106e52a23
01fc050be3
010be12823
0000000000
0106f52a23
01fe050be3
010bf12823
0000000000
010285a823
01f00588e3
010e012823
0000000000
010295a823
01f20588e3
010e112823
0000000000
0102a5a823
01f00589e3
010e212823
0000000000
0102b5a823
01f20589e3
010e312823
0000000000
0102c5a823
01f0058ae3
010e412823
0000000000
0102d5a823
01f2058ae3
010e512823
0000000000
0102e5a823
01f0058be3
010e612823
0000000000
0102f5a823
01f2058be3
010e712823
0000000000
010685a823
01f40588e3
010e812823
0000000000
010695a823
01f60588e3
010e912823
0000000000
0106a5a823
01f40589e3
010ea12823
0000000000
0106b5a823
01f60589e3
010eb12823
0000000000
0106c5a823
01f4058ae3
010ec12823
0000000000
0106d5a823
01f6058ae3
010ed12823
0000000000
0106e5a823
01f4058be3
010ee12823
0000000000
0106f5a823
01f6058be3
010ef12823
0000000000
010285aa23
01f80588e3
010f012823
0000000000
010295aa23
01fa0588e3
010f112823
0000000000
0102a5aa23
01f80589e3
010f212823
0000000000
0102b5aa23
01fa0589e3
010f312823
0000000000
0102c5aa23
01f8058ae3
010f412823
0000000000
0102d5aa23
01fa058ae3
010f512823
0000000000
0102e5aa23
01f8058be3
010f612823
0000000000
0102f5aa23
01fa058be3
010f712823
0000000000
010685aa23
01fc0588e3
010f812823
0000000000
010695aa23
01fe0588e3
010f912823
0000000000
0106a5aa23
01fc0589e3
010fa12823
0000000000
0106b5aa23
01fe0589e3
010fb12823
0000000000
0106c5aa23
01fc058ae3
010fc12823
0000000000
0106d5aa23
01fe058ae3
010fd12823
0000000000
0106e5aa23
01fc058be3
010fe12823
0000000000
0106f5aa23
01fe058be3
010ff12823
0000000000
0102862823
01f00608e3
0102012a23
0000000000
0102962823
01f20608e3
0102112a23
0000000000
0102a62823
01f00609e3
0102212a23
0000000000
0102b62823
01f20609e3
0102312a23
0000000000
0102c62823
01f0060ae3
0102412a23
0000000000
0102d62823
01f2060ae3
0102512a23
0000000000
0102e62823
01f0060be3
0102612a23
0000000000
0102f62823
01f2060be3
0102712a23
0000000000
0106862823
01f40608e3
0102812a23
0000000000
0106962823
01f60608e3
0102912a23
0000000000
0106a62823
01f40609e3
0102a12a23
0000000000
0106b62823
01f60609e3
0102b12a23
0000000000
0106c62823
01f4060ae3
0102c12a23
0000000000
0106d62823
01f6060ae3
0102d12a23
0000000000
0106e62823
01f4060be3
0102e12a23
0000000000
0106f62823
01f6060be3
0102f12a23
0000000000
0102862a23
01f80608e3
0103012a23
0000000000
0102962a23
01fa0608e3
0103112a23
0000000000
0102a62a23
01f80609e3
0103212a23
0000000000
0102b62a23
01fa0609e3
0103312a23
0000000000
0102c62a23
01f8060ae3
0103412a23
0000000000
0102d62a23
01fa060ae3
0103512a23
0000000000
0102e62a23
01f8060be3
0103612a23
0000000000
0102f62a23
01fa060be3
0103712a23
0000000000
0106862a23
01fc0608e3
0103812a23
0000000000
0106962a23
01fe0608e3
0103912a23
0000000000
0106a62a23
01fc0609e3
0103a12a23
0000000000
0106b62a23
01fe0609e3
0103b12a23
0000000000
0106c62a23
01fc060ae3
0103c12a23
0000000000
0106d62a23
01fe060ae3
0103d12a23
0000000000
0106e62a23
01fc060be3
0103e12a23
0000000000
0106f62a23
01fe060be3
0103f12a23
0000000000
010286a823
01f00688e3
0106012a23
0000000000
010296a823
01f20688e3
0106112a23
0000000000
0102a6a823
01f00689e3
0106212a23
0000000000
0102b6a823
01f20689e3
0106312a23
0000000000
0102c6a823
01f0068ae3
0106412a23
0000000000
0102d6a823
01f2068ae3
0106512a23
0000000000
0102e6a823
01f0068be3
0106612a23
0000000000
0102f6a823
01f2068be3
0106712a23
0000000000
010686a823
01f40688e3
0106812a23
0000000000
010696a823
01f60688e3
0106912a23
0000000000
0106a6a823
01f40689e3
0106a12a23
0000000000
0106b6a823
01f60689e3
0106b12a23
0000000000
0106c6a823
01f4068ae3
0106c12a23
0000000000
0106d6a823
01f6068ae3
0106d12a23
0000000000
0106e6a823
01f4068be3
0106e12a23
0000000000
0106f6a823
01f6068be3
0106f12a23
0000000000
010286aa23
01f80688e3
0107012a23
0000000000
010296aa23
01fa0688e3
0107112a23
0000000000
0102a6aa23
01f80689e3
0107212a23
0000000000
0102b6aa23
01fa0689e3
0107312a23
0000000000
0102c6aa23
01f8068ae3
0107412a23
0000000000
0102d6aa23
01fa068ae3
0107512a23
0000000000
0102e6aa23
01f8068be3
0107612a23
0000000000
0102f6aa23
01fa068be3
0107712a23
0000000000
010686aa23
01fc0688e3
0107812a23
0000000000
010696aa23
01fe0688e3
0107912a23
0000000000
0106a6aa23
01fc0689e3
0107a12a23
0000000000
0106b6aa23
01fe0689e3
0107b12a23
0000000000
0106c6aa23
01fc068ae3
0107c12a23
0000000000
0106d6aa23
01fe068ae3
0107d12a23
0000000000
0106e6aa23
01fc068be3
0107e12a23
0000000000
0106f6aa23
01fe068be3
0107f12a23
0000000000
0102872823
01f00708e3
010a012a23
0000000000
0102972823
01f20708e3
010a112a23
0000000000
0102a72823
01f00709e3
010a212a23
0000000000
0102b72823
01f20709e3
010a312a23
0000000000
0102c72823
01f0070ae3
010a412a23
0000000000
0102d72823
01f2070ae3
010a512a23
0000000000
0102e72823
01f0070be3
010a612a23
0000000000
0102f72823
01f2070be3
010a712a23
0000000000
0106872823
01f40708e3
010a812a23
0000000000
0106972823
01f60708e3
010a912a23
0000000000
0106a72823
01f40709e3
010aa12a23
0000000000
0106b72823
01f60709e3
010ab12a23
0000000000
0106c72823
01f4070ae3
010ac12a23
0000000000
0106d72823
01f6070ae3
010ad12a23
0000000000
0106e72823
01f4070be3
010ae12a23
0000000000
0106f72823
01f6070be3
010af12a23
0000000000
0102872a23
01f80708e3
010b012a23
0000000000
0102972a23
01fa0708e3
010b112a23
0000000000
0102a72a23
01f80709e3
010b212a23
0000000000
0102b72a23
01fa0709e3
010b312a23
0000000000
0102c72a23
01f8070ae3
010b412a23
0000000000
0102d72a23
01fa070ae3
010b512a23
0000000000
0102e72a23
01f8070be3
010b612a23
0000000000
0102f72a23
01fa070be3
010b712a23
0000000000
0106872a23
01fc0708e3
010b812a23
0000000000
0106972a23
01fe0708e3
010b912a23
0000000000
0106a72a23
01fc0709e3
010ba12a23
0000000000
0106b72a23
01fe0709e3
010bb12a23
0000000000
0106c72a23
01fc070ae3
010bc12a23
0000000000
0106d72a23
01fe070ae3
010bd12a23
0000000000
0106e72a23
01fc070be3
010be12a23
0000000000
0106f72a23
01fe070be3
010bf12a23
0000000000
010287a823
01f00788e3
010e012a23
0000000000
010297a823
01f20788e3
010e112a23
0000000000
0102a7a823
01f00789e3
010e212a23
0000000000
0102b7a823
01f20789e3
010e312a23
0000000000
0102c7a823
01f0078ae3
010e412a23
0000000000
0102d7a823
01f2078ae3
010e512a23
0000000000
0102e7a823
01f0078be3
010e612a23
0000000000
0102f7a823
01f2078be3
010e712a23
0000000000
010687a823
01f40788e3
010e812a23
0000000000
010697a823
01f60788e3
010e912a23
0000000000
0106a7a823
01f40789e3
010ea12a23
0000000000
0106b7a823
01f60789e3
010eb12a23
0000000000
0106c7a823
01f4078ae3
010ec12a23
0000000000
0106d7a823
01f6078ae3
010ed12a23
0000000000
0106e7a823
01f4078be3
010ee12a23
0000000000
0106f7a823
01f6078be3
010ef12a23
0000000000
010287aa23
01f80788e3
010f012a23
0000000000
010297aa23
01fa0788e3
010f112a23
0000000000
0102a7aa23
01f80789e3
010f212a23
0000000000
0102b7aa23
01fa0789e3
010f312a23
0000000000
0102c7aa23
01f8078ae3
010f412a23
0000000000
0102d7aa23
01fa078ae3
010f512a23
0000000000
0102e7aa23
01f8078be3
010f612a23
0000000000
0102f7aa23
01fa078be3
010f712a23
0000000000
010687aa23
01fc0788e3
010f812a23
0000000000
010697aa23
01fe0788e3
010f912a23
0000000000
0106a7aa23
01fc0789e3
010fa12a23
0000000000
0106b7aa23
01fe0789e3
010fb12a23
0000000000
0106c7aa23
01fc078ae3
010fc12a23
0000000000
0106d7aa23
01fe078ae3
010fd12a23
0000000000
0106e7aa23
01fc078be3
010fe12a23
0000000000
0106f7aa23
01fe078be3
010ff12a23
0000000000
0102842c23
01f0040ce3
0102012c23
0000000000
0102942c23
01f2040ce3
0102112c23
0000000000
0102a42c23
01f0040de3
0102212c23
0000000000
0102b42c23
01f2040de3
0102312c23
0000000000
0102c42c23
01f0040ee3
0102412c23
0000000000
0102d42c23
01f2040ee3
0102512c23
0000000000
0102e42c23
01f0040fe3
0102612c23
0000000000
0102f42c23
01f2040fe3
0102712c23
0000000000
0106842c23
01f4040ce3
0102812c23
0000000000
0106942c23
01f6040ce3
0102912c23
0000000000
0106a42c23
01f4040de3
0102a12c23
0000000000
0106b42c23
01f6040de3
0102b12c23
0000000000
0106c42c23
01f4040ee3
0102c12c23
0000000000
0106d42c23
01f6040ee3
0102d12c23
0000000000
0106e42c23
01f4040fe3
0102e12c23
0000000000
0106f42c23
01f6040fe3
0102f12c23
0000000000
0102842e23
01f8040ce3
0103012c23
0000000000
0102942e23
01fa040ce3
0103112c23
0000000000
0102a42e23
01f8040de3
0103212c23
0000000000
0102b42e23
01fa040de3
0103312c23
0000000000
0102c42e23
01f8040ee3
0103412c23
0000000000
0102d42e23
01fa040ee3
0103512c23
0000000000
0102e42e23
01f8040fe3
0103612c23
0000000000
0102f42e23
01fa040fe3
0103712c23
0000000000
0106842e23
01fc040ce3
0103812c23
0000000000
0106942e23
01fe040ce3
0103912c23
0000000000
0106a42e23
01fc040de3
0103a12c23
0000000000
0106b42e23
01fe040de3
0103b12c23
0000000000
0106c42e23
01fc040ee3
0103c12c23
0000000000
0106d42e23
01fe040ee3
0103d12c23
0000000000
0106e42e23
01fc040fe3
0103e12c23
0000000000
0106f42e23
01fe040fe3
0103f12c23
0000000000
010284ac23
01f0048ce3
0106012c23
0000000000
010294ac23
01f2048ce3
0106112c23
0000000000
0102a4ac23
01f0048de3
0106212c23
0000000000
0102b4ac23
01f2048de3
0106312c23
0000000000
0102c4ac23
01f0048ee3
0106412c23
0000000000
0102d4ac23
01f2048ee3
0106512c23
0000000000
0102e4ac23
01f0048fe3
0106612c23
0000000000
0102f4ac23
01f2048fe3
0106712c23
0000000000
010684ac23
01f4048ce3
0106812c23
0000000000
010694ac23
01f6048ce3
0106912c23
0000000000
0106a4ac23
01f4048de3
0106a12c23
0000000000
0106b4ac23
01f6048de3
0106b12c23
0000000000
0106c4ac23
01f4048ee3
0106c12c23
0000000000
0106d4ac23
01f6048ee3
0106d12c23
0000000000
0106e4ac23
01f4048fe3
0106e12c23
0000000000
0106f4ac23
01f6048fe3
0106f12c23
0000000000
010284ae23
01f8048ce3
0107012c23
0000000000
010294ae23
01fa048ce3
0107112c23
0000000000
0102a4ae23
01f8048de3
0107212c23
0000000000
0102b4ae23
01fa048de3
0107312c23
0000000000
0102c4ae23
01f8048ee3
0107412c23
0000000000
0102d4ae23
01fa048ee3
0107512c23
0000000000
0102e4ae23
01f8048fe3
0107612c23
0000000000
0102f4ae23
01fa048fe3
0107712c23
0000000000
010684ae23
01fc048ce3
0107812c23
0000000000
010694ae23
01fe048ce3
0107912c23
0000000000
0106a4ae23
01fc048de3
0107a12c23
0000000000
0106b4ae23
01fe048de3
0107b12c23
0000000000
0106c4ae23
01fc048ee3
0107c12c23
0000000000
0106d4ae23
01fe048ee3
0107d12c23
0000000000
0106e4ae23
01fc048fe3
0107e12c23
0000000000
0106f4ae23
01fe048fe3
0107f12c23
0000000000
0102852c23
01f0050ce3
010a012c23
0000000000
0102952c23
01f2050ce3
010a112c23
0000000000
0102a52c23
01f0050de3
010a212c23
0000000000
0102b52c23
01f2050de3
010a312c23
0000000000
0102c52c23
01f0050ee3
010a412c23
0000000000
0102d52c23
01f2050ee3
010a512c23
0000000000
0102e52c23
01f0050fe3
010a612c23
0000000000
0102f52c23
01f2050fe3
010a712c23
0000000000
0106852c23
01f4050ce3
010a812c23
0000000000
0106952c23
01f6050ce3
010a912c23
0000000000
0106a52c23
01f4050de3
010aa12c23
0000000000
0106b52c23
01f6050de3
010ab12c23
0000000000
0106c52c23
01f4050ee3
010ac12c23
0000000000
0106d52c23
01f6050ee3
010ad12c23
0000000000
0106e52c23
01f4050fe3
010ae12c23
0000000000
0106f52c23
01f6050fe3
010af12c23
0000000000
0102852e23
01f8050ce3
010b012c23
0000000000
0102952e23
01fa050ce3
010b112c23
0000000000
0102a52e23
01f8050de3
010b212c23
0000000000
0102b52e23
01fa050de3
010b312c23
0000000000
0102c52e23
01f8050ee3
010b412c23
0000000000
0102d52e23
01fa050ee3
010b512c23
0000000000
0102e52e23
01f8050fe3
010b612c23
0000000000
0102f52e23
01fa050fe3
010b712c23
0000000000
0106852e23
01fc050ce3
010b812c23
0000000000
0106952e23
01fe050ce3
010b912c23
0000000000
0106a52e23
01fc050de3
010ba12c23
0000000000
0106b52e23
01fe050de3
010bb12c23
0000000000
0106c52e23
01fc050ee3
010bc12c23
0000000000
0106d52e23
01fe050ee3
010bd12c23
0000000000
0106e52e23
01fc050fe3
010be12c23
0000000000
0106f52e23
01fe050fe3
010bf12c23
0000000000
010285ac23
01f0058ce3
010e012c23
0000000000
010295ac23
01f2058ce3
010e112c23
0000000000
0102a5ac23
01f0058de3
010e212c23
0000000000
0102b5ac23
01f2058de3
010e312c23
0000000000
0102c5ac23
01f0058ee3
010e412c23
0000000000
0102d5ac23
01f2058ee3
010e512c23
0000000000
0102e5ac23
01f0058fe3
010e612c23
0000000000
0102f5ac23
01f2058fe3
010e712c23
0000000000
010685ac23
01f4058ce3
010e812c23
0000000000
010695ac23
01f6058ce3
010e912c23
0000000000
0106a5ac23
01f4058de3
010ea12c23
0000000000
0106b5ac23
01f6058de3
010eb12c23
0000000000
0106c5ac23
01f4058ee3
010ec12c23
0000000000
0106d5ac23
01f6058ee3
010ed12c23
0000000000
0106e5ac23
01f4058fe3
010ee12c23
0000000000
0106f5ac23
01f6058fe3
010ef12c23
0000000000
010285ae23
01f8058ce3
010f012c23
0000000000
010295ae23
01fa058ce3
010f112c23
0000000000
0102a5ae23
01f8058de3
010f212c23
0000000000
0102b5ae23
01fa058de3
010f312c23
0000000000
0102c5ae23
01f8058ee3
010f412c23
0000000000
0102d5ae23
01fa058ee3
010f512c23
0000000000
0102e5ae23
01f8058fe3
010f612c23
0000000000
0102f5ae23
01fa058fe3
010f712c23
0000000000
010685ae23
01fc058ce3
010f812c23
0000000000
010695ae23
01fe058ce3
010f912c23
0000000000
0106a5ae23
01fc058de3
010fa12c23
0000000000
0106b5ae23
01fe058de3
010fb12c23
0000000000
0106c5ae23
01fc058ee3
010fc12c23
0000000000
0106d5ae23
01fe058ee3
010fd12c23
0000000000
0106e5ae23
01fc058fe3
010fe12c23
0000000000
0106f5ae23
01fe058fe3
010ff12c23
0000000000
0102862c23
01f0060ce3
0102012e23
0000000000
0102962c23
01f2060ce3
0102112e23
0000000000
0102a62c23
01f0060de3
0102212e23
0000000000
0102b62c23
01f2060de3
0102312e23
0000000000
0102c62c23
01f0060ee3
0102412e23
0000000000
0102d62c23
01f2060ee3
0102512e23
0000000000
0102e62c23
01f0060fe3
0102612e23
0000000000
0102f62c23
01f2060fe3
0102712e23
0000000000
0106862c23
01f4060ce3
0102812e23
0000000000
0106962c23
01f6060ce3
0102912e23
0000000000
0106a62c23
01f4060de3
0102a12e23
0000000000
0106b62c23
01f6060de3
0102b12e23
0000000000
0106c62c23
01f4060ee3
0102c12e23
0000000000
0106d62c23
01f6060ee3
0102d12e23
0000000000
0106e62c23
01f4060fe3
0102e12e23
0000000000
0106f62c23
01f6060fe3
0102f12e23
0000000000
0102862e23
01f8060ce3
0103012e23
0000000000
0102962e23
01fa060ce3
0103112e23
0000000000
0102a62e23
01f8060de3
0103212e23
0000000000
0102b62e23
01fa060de3
0103312e23
0000000000
0102c62e23
01f8060ee3
0103412e23
0000000000
0102d62e23
01fa060ee3
0103512e23
0000000000
0102e62e23
01f8060fe3
0103612e23
0000000000
0102f62e23
01fa060fe3
0103712e23
0000000000
0106862e23
01fc060ce3
0103812e23
0000000000
0106962e23
01fe060ce3
0103912e23
0000000000
0106a62e23
01fc060de3
0103a12e23
0000000000
0106b62e23
01fe060de3
0103b12e23
0000000000
0106c62e23
01fc060ee3
0103c12e23
0000000000
0106d62e23
01fe060ee3
0103d12e23
0000000000
0106e62e23
01fc060fe3
0103e12e23
0000000000
0106f62e23
01fe060fe3
0103f12e23
0000000000
010286ac23
01f0068ce3
0106012e23
0000000000
010296ac23
01f2068ce3
0106112e23
0000000000
0102a6ac23
01f0068de3
0106212e23
0000000000
0102b6ac23
01f2068de3
0106312e23
0000000000
0102c6ac23
01f0068ee3
0106412e23
0000000000
0102d6ac23
01f2068ee3
0106512e23
0000000000
0102e6ac23
01f0068fe3
0106612e23
0000000000
0102f6ac23
01f2068fe3
0106712e23
0000000000
010686ac23
01f4068ce3
0106812e23
0000000000
010696ac23
01f6068ce3
0106912e23
0000000000
0106a6ac23
01f4068de3
0106a12e23
0000000000
0106b6ac23
01f6068de3
0106b12e23
0000000000
0106c6ac23
01f4068ee3
0106c12e23
0000000000
0106d6ac23
01f6068ee3
0106d12e23
0000000000
0106e6ac23
01f4068fe3
0106e12e23
0000000000
0106f6ac23
01f6068fe3
0106f12e23
0000000000
010286ae23
01f8068ce3
0107012e23
0000000000
010296ae23
01fa068ce3
0107112e23
0000000000
0102a6ae23
01f8068de3
0107212e23
0000000000
0102b6ae23
01fa068de3
0107312e23
0000000000
0102c6ae23
01f8068ee3
0107412e23
0000000000
0102d6ae23
01fa068ee3
0107512e23
0000000000
0102e6ae23
01f8068fe3
0107612e23
0000000000
0102f6ae23
01fa068fe3
0107712e23
0000000000
010686ae23
01fc068ce3
0107812e23
0000000000
010696ae23
01fe068ce3
0107912e23
0000000000
0106a6ae23
01fc068de3
0107a12e23
0000000000
0106b6ae23
01fe068de3
0107b12e23
0000000000
0106c6ae23
01fc068ee3
0107c12e23
0000000000
0106d6ae23
01fe068ee3
0107d12e23
0000000000
0106e6ae23
01fc068fe3
0107e12e23
0000000000
0106f6ae23
01fe068fe3
0107f12e23
0000000000
0102872c23
01f0070ce3
010a012e23
0000000000
0102972c23
01f2070ce3
010a112e23
0000000000
0102a72c23
01f0070de3
010a212e23
0000000000
0102b72c23
01f2070de3
010a312e23
0000000000
0102c72c23
01f0070ee3
010a412e23
0000000000
0102d72c23
01f2070ee3
010a512e23
0000000000
0102e72c23
01f0070fe3
010a612e23
0000000000
0102f72c23
01f2070fe3
010a712e23
0000000000
0106872c23
01f4070ce3
010a812e23
0000000000
0106972c23
01f6070ce3
010a912e23
0000000000
0106a72c23
01f4070de3
010aa12e23
0000000000
0106b72c23
01f6070de3
010ab12e23
0000000000
0106c72c23
01f4070ee3
010ac12e23
0000000000
0106d72c23
01f6070ee3
010ad12e23
0000000000
0106e72c23
01f4070fe3
010ae12e23
0000000000
0106f72c23
01f6070fe3
010af12e23
0000000000
0102872e23
01f8070ce3
010b012e23
0000000000
0102972e23
01fa070ce3
010b112e23
0000000000
0102a72e23
01f8070de3
010b212e23
0000000000
0102b72e23
01fa070de3
010b312e23
0000000000
0102c72e23
01f8070ee3
010b412e23
0000000000
0102d72e23
01fa070ee3
010b512e23
0000000000
0102e72e23
01f8070fe3
010b612e23
0000000000
0102f72e23
01fa070fe3
010b712e23
0000000000
0106872e23
01fc070ce3
010b812e23
0000000000
0106972e23
01fe070ce3
010b912e23
0000000000
0106a72e23
01fc070de3
010ba12e23
0000000000
0106b72e23
01fe070de3
010bb12e23
0000000000
0106c72e23
01fc070ee3
010bc12e23
0000000000
0106d72e23
01fe070ee3
010bd12e23
0000000000
0106e72e23
01fc070fe3
010be12e23
0000000000
0106f72e23
01fe070fe3
010bf12e23
0000000000
010287ac23
01f0078ce3
010e012e23
0000000000
010297ac23
01f2078ce3
010e112e23
0000000000
0102a7ac23
01f0078de3
010e212e23
0000000000
0102b7ac23
01f2078de3
010e312e23
0000000000
0102c7ac23
01f0078ee3
010e412e23
0000000000
0102d7ac23
01f2078ee3
010e512e23
0000000000
0102e7ac23
01f0078fe3
010e612e23
0000000000
0102f7ac23
01f2078fe3
010e712e23
0000000000
010687ac23
01f4078ce3
010e812e23
0000000000
010697ac23
01f6078ce3
010e912e23
0000000000
0106a7ac23
01f4078de3
010ea12e23
0000000000
0106b7ac23
01f6078de3
010eb12e23
0000000000
0106c7ac23
01f4078ee3
010ec12e23
0000000000
0106d7ac23
01f6078ee3
010ed12e23
0000000000
0106e7ac23
01f4078fe3
010ee12e23
0000000000
0106f7ac23
01f6078fe3
010ef12e23
0000000000
010287ae23
01f8078ce3
010f012e23
0000000000
010297ae23
01fa078ce3
010f112e23
0000000000
0102a7ae23
01f8078de3
010f212e23
0000000000
0102b7ae23
01fa078de3
010f312e23
0000000000
0102c7ae23
01f8078ee3
010f412e23
0000000000
0102d7ae23
01fa078ee3
010f512e23
0000000000
0102e7ae23
01f8078fe3
010f612e23
0000000000
0102f7ae23
01fa078fe3
010f712e23
0000000000
010687ae23
01fc078ce3
010f812e23
0000000000
010697ae23
01fe078ce3
010f912e23
0000000000
0106a7ae23
01fc078de3
010fa12e23
0000000000
0106b7ae23
01fe078de3
010fb12e23
0000000000
0106c7ae23
01fc078ee3
010fc12e23
0000000000
0106d7ae23
01fe078ee3
010fd12e23
0000000000
0106e7ae23
01fc078fe3
010fe12e23
0000000000
0106f7ae23
01fe078fe3
010ff12e23
0000000000
0100843023
0100041063
0100013023
0000000000
0100943023
0102041063
0100113023
0000000000
0100a43023
0100041163
0100213023
0000000000
0100b43023
0102041163
0100313023
0000000000
0100c43023
0100041263
0100413023
0000000000
0100d43023
0102041263
0100513023
0000000000
0100e43023
0100041363
0100613023
0000000000
0100f43023
0102041363
0100713023
0000000000
0104843023
0104041063
0100813023
0000000000
0104943023
0106041063
0100913023
0000000000
0104a43023
0104041163
0100a13023
0000000000
0104b43023
0106041163
0100b13023
0000000000
0104c43023
0104041263
0100c13023
0000000000
0104d43023
0106041263
0100d13023
0000000000
0104e43023
0104041363
0100e13023
0000000000
0104f43023
0106041363
0100f13023
0000000000
0108843023
0108041063
0101013023
0000000000
0108943023
010a041063
0101113023
0000000000
0108a43023
0108041163
0101213023
0000000000
0108b43023
010a041163
0101313023
0000000000
0108c43023
0108041263
0101413023
0000000000
0108d43023
010a041263
0101513023
0000000000
0108e43023
0108041363
0101613023
0000000000
0108f43023
010a041363
0101713023
0000000000
010c843023
010c041063
0101813023
0000000000
010c943023
010e041063
0101913023
0000000000
010ca43023
010c041163
0101a13023
0000000000
010cb43023
010e041163
0101b13023
0000000000
010cc43023
010c041263
0101c13023
0000000000
010cd43023
010e041263
0101d13023
0000000000
010ce43023
010c041363
0101e13023
0000000000
010cf43023
010e041363
0101f13023
0000000000
010084b023
0100049063
0104013023
0000000000
010094b023
0102049063
0104113023
0000000000
0100a4b023
0100049163
0104213023
0000000000
0100b4b023
0102049163
0104313023
0000000000
0100c4b023
0100049263
0104413023
0000000000
0100d4b023
0102049263
0104513023
0000000000
0100e4b023
0100049363
0104613023
0000000000
0100f4b023
0102049363
0104713023
0000000000
010484b023
0104049063
0104813023
0000000000
010494b023
0106049063
0104913023
0000000000
0104a4b023
0104049163
0104a13023
0000000000
0104b4b023
0106049163
0104b13023
0000000000
0104c4b023
0104049263
0104c13023
0000000000
0104d4b023
0106049263
0104d13023
0000000000
0104e4b023
0104049363
0104e13023
0000000000
0104f4b023
0106049363
0104f13023
0000000000
010884b023
0108049063
0105013023
0000000000
010894b023
010a049063
0105113023
0000000000
0108a4b023
0108049163
0105213023
0000000000
0108b4b023
010a049163
0105313023
0000000000
0108c4b023
0108049263
0105413023
0000000000
0108d4b023
010a049263
0105513023
0000000000
0108e4b023
0108049363
0105613023
0000000000
0108f4b023
010a049363
0105713023
0000000000
010c84b023
010c049063
0105813023
0000000000
010c94b023
010e049063
0105913023
0000000000
010ca4b023
010c049163
0105a13023
0000000000
010cb4b023
010e049163
0105b13023
0000000000
010cc4b023
010c049263
0105c13023
0000000000
010cd4b023
010e049263
0105d13023
0000000000
010ce4b023
010c049363
0105e13023
0000000000
010cf4b023
010e049363
0105f13023
0000000000
0100853023
0100051063
0108013023
0000000000
0100953023
0102051063
0108113023
0000000000
0100a53023
0100051163
0108213023
0000000000
0100b53023
0102051163
0108313023
0000000000
0100c53023
0100051263
0108413023
0000000000
0100d53023
0102051263
0108513023
0000000000
0100e53023
0100051363
0108613023
0000000000
0100f53023
0102051363
0108713023
0000000000
0104853023
0104051063
0108813023
0000000000
0104953023
0106051063
0108913023
0000000000
0104a53023
0104051163
0108a13023
0000000000
0104b53023
0106051163
0108b13023
0000000000
0104c53023
0104051263
0108c13023
0000000000
0104d53023
0106051263
0108d13023
0000000000
0104e53023
0104051363
0108e13023
0000000000
0104f53023
0106051363
0108f13023
0000000000
0108853023
0108051063
0109013023
0000000000
0108953023
010a051063
0109113023
0000000000
0108a53023
0108051163
0109213023
0000000000
0108b53023
010a051163
0109313023
0000000000
0108c53023
0108051263
0109413023
0000000000
0108d53023
010a051263
0109513023
0000000000
0108e53023
0108051363
0109613023
0000000000
0108f53023
010a051363
0109713023
0000000000
010c853023
010c051063
0109813023
0000000000
010c953023
010e051063
0109913023
0000000000
010ca53023
010c051163
0109a13023
0000000000
010cb53023
010e051163
0109b13023
0000000000
010cc53023
010c051263
0109c13023
0000000000
010cd53023
010e051263
0109d13023
0000000000
010ce53023
010c051363
0109e13023
0000000000
010cf53023
010e051363
0109f13023
0000000000
010085b023
0100059063
010c013023
0000000000
010095b023
0102059063
010c113023
0000000000
0100a5b023
0100059163
010c213023
0000000000
0100b5b023
0102059163
010c313023
0000000000
0100c5b023
0100059263
010c413023
0000000000
0100d5b023
0102059263
010c513023
0000000000
0100e5b023
0100059363
010c613023
0000000000
0100f5b023
0102059363
010c713023
0000000000
010485b023
0104059063
010c813023
0000000000
010495b023
0106059063
010c913023
0000000000
0104a5b023
0104059163
010ca13023
0000000000
0104b5b023
0106059163
010cb13023
0000000000
0104c5b023
0104059263
010cc13023
0000000000
0104d5b023
0106059263
010cd13023
0000000000
0104e5b023
0104059363
010ce13023
0000000000
0104f5b023
0106059363
010cf13023
0000000000
010885b023
0108059063
010d013023
0000000000
010895b023
010a059063
010d113023
0000000000
0108a5b023
0108059163
010d213023
0000000000
0108b5b023
010a059163
010d313023
0000000000
0108c5b023
0108059263
010d413023
0000000000
0108d5b023
010a059263
010d513023
0000000000
0108e5b023
0108059363
010d613023
0000000000
0108f5b023
010a059363
010d713023
0000000000
010c85b023
010c059063
010d813023
0000000000
010c95b023
010e059063
010d913023
0000000000
010ca5b023
010c059163
010da13023
0000000000
010cb5b023
010e059163
010db13023
0000000000
010cc5b023
010c059263
010dc13023
0000000000
010cd5b023
010e059263
010dd13023
0000000000
010ce5b023
010c059363
010de13023
0000000000
010cf5b023
010e059363
010df13023
0000000000
0100863023
0100061063
0110013023
0000000000
0100963023
0102061063
0110113023
0000000000
0100a63023
0100061163
0110213023
0000000000
0100b63023
0102061163
0110313023
0000000000
0100c63023
0100061263
0110413023
0000000000
0100d63023
0102061263
0110513023
0000000000
0100e63023
0100061363
0110613023
0000000000
0100f63023
0102061363
0110713023
0000000000
0104863023
0104061063
0110813023
0000000000
0104963023
0106061063
0110913023
0000000000
0104a63023
0104061163
0110a13023
0000000000
0104b63023
0106061163
0110b13023
0000000000
0104c63023
0104061263
0110c13023
0000000000
0104d63023
0106061263
0110d13023
0000000000
0104e63023
0104061363
0110e13023
0000000000
0104f63023
0106061363
0110f13023
0000000000
0108863023
0108061063
0111013023
0000000000
0108963023
010a061063
0111113023
0000000000
0108a63023
0108061163
0111213023
0000000000
0108b63023
010a061163
0111313023
0000000000
0108c63023
0108061263
0111413023
0000000000
0108d63023
010a061263
0111513023
0000000000
0108e63023
0108061363
0111613023
0000000000
0108f63023
010a061363
0111713023
0000000000
010c863023
010c061063
0111813023
0000000000
010c963023
010e061063
0111913023
0000000000
010ca63023
010c061163
0111a13023
0000000000
010cb63023
010e061163
0111b13023
0000000000
010cc63023
010c061263
0111c13023
0000000000
010cd63023
010e061263
0111d13023
0000000000
010ce63023
010c061363
0111e13023
0000000000
010cf63023
010e061363
0111f13023
0000000000
010086b023
0100069063
0114013023
0000000000
010096b023
0102069063
0114113023
0000000000
0100a6b023
0100069163
0114213023
0000000000
0100b6b023
0102069163
0114313023
0000000000
0100c6b023
0100069263
0114413023
0000000000
0100d6b023
0102069263
0114513023
0000000000
0100e6b023
0100069363
0114613023
0000000000
0100f6b023
0102069363
0114713023
0000000000
010486b023
0104069063
0114813023
0000000000
010496b023
0106069063
0114913023
0000000000
0104a6b023
0104069163
0114a13023
0000000000
0104b6b023
0106069163
0114b13023
0000000000
0104c6b023
0104069263
0114c13023
0000000000
0104d6b023
0106069263
0114d13023
0000000000
0104e6b023
0104069363
0114e13023
0000000000
0104f6b023
0106069363
0114f13023
0000000000
010886b023
0108069063
0115013023
0000000000
010896b023
010a069063
0115113023
0000000000
0108a6b023
0108069163
0115213023
0000000000
0108b6b023
010a069163
0115313023
0000000000
0108c6b023
0108069263
0115413023
0000000000
0108d6b023
010a069263
0115513023
0000000000
0108e6b023
0108069363
0115613023
0000000000
0108f6b023
010a069363
0115713023
0000000000
010c86b023
010c069063
0115813023
0000000000
010c96b023
010e069063
0115913023
0000000000
010ca6b023
010c069163
0115a13023
0000000000
010cb6b023
010e069163
0115b13023
0000000000
010cc6b023
010c069263
0115c13023
0000000000
010cd6b023
010e069263
0115d13023
0000000000
010ce6b023
010c069363
0115e13023
0000000000
010cf6b023
010e069363
0115f13023
0000000000
0100873023
0100071063
0118013023
0000000000
0100973023
0102071063
0118113023
0000000000
0100a73023
0100071163
0118213023
0000000000
0100b73023
0102071163
0118313023
0000000000
0100c73023
0100071263
0118413023
0000000000
0100d73023
0102071263
0118513023
0000000000
0100e73023
0100071363
0118613023
0000000000
0100f73023
0102071363
0118713023
0000000000
0104873023
0104071063
0118813023
0000000000
0104973023
0106071063
0118913023
0000000000
0104a73023
0104071163
0118a13023
0000000000
0104b73023
0106071163
0118b13023
0000000000
0104c73023
0104071263
0118c13023
0000000000
0104d73023
0106071263
0118d13023
0000000000
0104e73023
0104071363
0118e13023
0000000000
0104f73023
0106071363
0118f13023
0000000000
0108873023
0108071063
0119013023
0000000000
0108973023
010a071063
0119113023
0000000000
0108a73023
0108071163
0119213023
0000000000
0108b73023
010a071163
0119313023
0000000000
0108c73023
0108071263
0119413023
0000000000
0108d73023
010a071263
0119513023
0000000000
0108e73023
0108071363
0119613023
0000000000
0108f73023
010a071363
0119713023
0000000000
010c873023
010c071063
0119813023
0000000000
010c973023
010e071063
0119913023
0000000000
010ca73023
010c071163
0119a13023
0000000000
010cb73023
010e071163
0119b13023
0000000000
010cc73023
010c071263
0119c13023
0000000000
010cd73023
010e071263
0119d13023
0000000000
010ce73023
010c071363
0119e13023
0000000000
010cf73023
010e071363
0119f13023
0000000000
010087b023
0100079063
011c013023
0000000000
010097b023
0102079063
011c113023
0000000000
0100a7b023
0100079163
011c213023
0000000000
0100b7b023
0102079163
011c313023
0000000000
0100c7b023
0100079263
011c413023
0000000000
0100d7b023
0102079263
011c513023
0000000000
0100e7b023
0100079363
011c613023
0000000000
0100f7b023
0102079363
011c713023
0000000000
010487b023
0104079063
011c813023
0000000000
010497b023
0106079063
011c913023
0000000000
0104a7b023
0104079163
011ca13023
0000000000
0104b7b023
0106079163
011cb13023
0000000000
0104c7b023
0104079263
011cc13023
0000000000
0104d7b023
0106079263
011cd13023
0000000000
0104e7b023
0104079363
011ce13023
0000000000
0104f7b023
0106079363
011cf13023
0000000000
010887b023
0108079063
011d013023
0000000000
010897b023
010a079063
011d113023
0000000000
0108a7b023
0108079163
011d213023
0000000000
0108b7b023
010a079163
011d313023
0000000000
0108c7b023
0108079263
011d413023
0000000000
0108d7b023
010a079263
011d513023
0000000000
0108e7b023
0108079363
011d613023
0000000000
0108f7b023
010a079363
011d713023
0000000000
010c87b023
010c079063
011d813023
0000000000
010c97b023
010e079063
011d913023
0000000000
010ca7b023
010c079163
011da13023
0000000000
010cb7b023
010e079163
011db13023
0000000000
010cc7b023
010c079263
011dc13023
0000000000
010cd7b023
010e079263
011dd13023
0000000000
010ce7b023
010c079363
011de13023
0000000000
010cf7b023
010e079363
011df13023
0000000000
0100843423
0100041463
0100013423
0000000000
0100943423
0102041463
0100113423
0000000000
0100a43423
0100041563
0100213423
0000000000
0100b43423
0102041563
0100313423
0000000000
0100c43423
0100041663
0100413423
0000000000
0100d43423
0102041663
0100513423
0000000000
0100e43423
0100041763
0100613423
0000000000
0100f43423
0102041763
0100713423
0000000000
0104843423
0104041463
0100813423
0000000000
0104943423
0106041463
0100913423
0000000000
0104a43423
0104041563
0100a13423
0000000000
0104b43423
0106041563
0100b13423
0000000000
0104c43423
0104041663
0100c13423
0000000000
0104d43423
0106041663
0100d13423
0000000000
0104e43423
0104041763
0100e13423
0000000000
0104f43423
0106041763
0100f13423
0000000000
0108843423
0108041463
0101013423
0000000000
0108943423
010a041463
0101113423
0000000000
0108a43423
0108041563
0101213423
0000000000
0108b43423
010a041563
0101313423
0000000000
0108c43423
0108041663
0101413423
0000000000
0108d43423
010a041663
0101513423
0000000000
0108e43423
0108041763
0101613423
0000000000
0108f43423
010a041763
0101713423
0000000000
010c843423
010c041463
0101813423
0000000000
010c943423
010e041463
0101913423
0000000000
010ca43423
010c041563
0101a13423
0000000000
010cb43423
010e041563
0101b13423
0000000000
010cc43423
010c041663
0101c13423
0000000000
010cd43423
010e041663
0101d13423
0000000000
010ce43423
010c041763
0101e13423
0000000000
010cf43423
010e041763
0101f13423
0000000000
010084b423
0100049463
0104013423
0000000000
010094b423
0102049463
0104113423
0000000000
0100a4b423
0100049563
0104213423
0000000000
0100b4b423
0102049563
0104313423
0000000000
0100c4b423
0100049663
0104413423
0000000000
0100d4b423
0102049663
0104513423
0000000000
0100e4b423
0100049763
0104613423
0000000000
0100f4b423
0102049763
0104713423
0000000000
010484b423
0104049463
0104813423
0000000000
010494b423
0106049463
0104913423
0000000000
0104a4b423
0104049563
0104a13423
0000000000
0104b4b423
0106049563
0104b13423
0000000000
0104c4b423
0104049663
0104c13423
0000000000
0104d4b423
0106049663
0104d13423
0000000000
0104e4b423
0104049763
0104e13423
0000000000
0104f4b423
0106049763
0104f13423
0000000000
010884b423
0108049463
0105013423
0000000000
010894b423
010a049463
0105113423
0000000000
0108a4b423
0108049563
0105213423
0000000000
0108b4b423
010a049563
0105313423
0000000000
0108c4b423
0108049663
0105413423
0000000000
0108d4b423
010a049663
0105513423
0000000000
0108e4b423
0108049763
0105613423
0000000000
0108f4b423
010a049763
0105713423
0000000000
010c84b423
010c049463
0105813423
0000000000
010c94b423
010e049463
0105913423
0000000000
010ca4b423
010c049563
0105a13423
0000000000
010cb4b423
010e049563
0105b13423
0000000000
010cc4b423
010c049663
0105c13423
0000000000
010cd4b423
010e049663
0105d13423
0000000000
010ce4b423
010c049763
0105e13423
0000000000
010cf4b423
010e049763
0105f13423
0000000000
0100853423
0100051463
0108013423
0000000000
0100953423
0102051463
0108113423
0000000000
0100a53423
0100051563
0108213423
0000000000
0100b53423
0102051563
0108313423
0000000000
0100c53423
0100051663
0108413423
0000000000
0100d53423
0102051663
0108513423
0000000000
0100e53423
0100051763
0108613423
0000000000
0100f53423
0102051763
0108713423
0000000000
0104853423
0104051463
0108813423
0000000000
0104953423
0106051463
0108913423
0000000000
0104a53423
0104051563
0108a13423
0000000000
0104b53423
0106051563
0108b13423
0000000000
0104c53423
0104051663
0108c13423
0000000000
0104d53423
0106051663
0108d13423
0000000000
0104e53423
0104051763
0108e13423
0000000000
0104f53423
0106051763
0108f13423
0000000000
0108853423
0108051463
0109013423
0000000000
0108953423
010a051463
0109113423
0000000000
0108a53423
0108051563
0109213423
0000000000
0108b53423
010a051563
0109313423
0000000000
0108c53423
0108051663
0109413423
0000000000
0108d53423
010a051663
0109513423
0000000000
0108e53423
0108051763
0109613423
0000000000
0108f53423
010a051763
0109713423
0000000000
010c853423
010c051463
0109813423
0000000000
010c953423
010e051463
0109913423
0000000000
010ca53423
010c051563
0109a13423
0000000000
010cb53423
010e051563
0109b13423
0000000000
010cc53423
010c051663
0109c13423
0000000000
010cd53423
010e051663
0109d13423
0000000000
010ce53423
010c051763
0109e13423
0000000000
010cf53423
010e051763
0109f13423
0000000000
010085b423
0100059463
010c013423
0000000000
010095b423
0102059463
010c113423
0000000000
0100a5b423
0100059563
010c213423
0000000000
0100b5b423
0102059563
010c313423
0000000000
0100c5b423
0100059663
010c413423
0000000000
0100d5b423
0102059663
010c513423
0000000000
0100e5b423
0100059763
010c613423
0000000000
0100f5b423
0102059763
010c713423
0000000000
010485b423
0104059463
010c813423
0000000000
010495b423
0106059463
010c913423
0000000000
0104a5b423
0104059563
010ca13423
0000000000
0104b5b423
0106059563
010cb13423
0000000000
0104c5b423
0104059663
010cc13423
0000000000
0104d5b423
0106059663
010cd13423
0000000000
0104e5b423
0104059763
010ce13423
0000000000
0104f5b423
0106059763
010cf13423
0000000000
010885b423
0108059463
010d013423
0000000000
010895b423
010a059463
010d113423
0000000000
0108a5b423
0108059563
010d213423
0000000000
0108b5b423
010a059563
010d313423
0000000000
0108c5b423
0108059663
010d413423
0000000000
0108d5b423
010a059663
010d513423
0000000000
0108e5b423
0108059763
010d613423
0000000000
0108f5b423
010a059763
010d713423
0000000000
010c85b423
010c059463
010d813423
0000000000
010c95b423
010e059463
010d913423
0000000000
010ca5b423
010c059563
010da13423
0000000000
010cb5b423
010e059563
010db13423
0000000000
010cc5b423
010c059663
010dc13423
0000000000
010cd5b423
010e059663
010dd13423
0000000000
010ce5b423
010c059763
010de13423
0000000000
010cf5b423
010e059763
010df13423
0000000000
0100863423
0100061463
0110013423
0000000000
0100963423
0102061463
0110113423
0000000000
0100a63423
0100061563
0110213423
0000000000
0100b63423
0102061563
0110313423
0000000000
0100c63423
0100061663
0110413423
0000000000
0100d63423
0102061663
0110513423
0000000000
0100e63423
0100061763
0110613423
0000000000
0100f63423
0102061763
0110713423
0000000000
0104863423
0104061463
0110813423
0000000000
0104963423
0106061463
0110913423
0000000000
0104a63423
0104061563
0110a13423
0000000000
0104b63423
0106061563
0110b13423
0000000000
0104c63423
0104061663
0110c13423
0000000000
0104d63423
0106061663
0110d13423
0000000000
0104e63423
0104061763
0110e13423
0000000000
0104f63423
0106061763
0110f13423
0000000000
0108863423
0108061463
0111013423
0000000000
0108963423
010a061463
0111113423
0000000000
0108a63423
0108061563
0111213423
0000000000
0108b63423
010a061563
0111313423
0000000000
0108c63423
0108061663
0111413423
0000000000
0108d63423
010a061663
0111513423
0000000000
0108e63423
0108061763
0111613423
0000000000
0108f63423
010a061763
0111713423
0000000000
010c863423
010c061463
0111813423
0000000000
010c963423
010e061463
0111913423
0000000000
010ca63423
010c061563
0111a13423
0000000000
010cb63423
010e061563
0111b13423
0000000000
010cc63423
010c061663
0111c13423
0000000000
010cd63423
010e061663
0111d13423
0000000000
010ce63423
010c061763
0111e13423
0000000000
010cf63423
010e061763
0111f13423
0000000000
010086b423
0100069463
0114013423
0000000000
010096b423
0102069463
0114113423
0000000000
0100a6b423
0100069563
0114213423
0000000000
0100b6b423
0102069563
0114313423
0000000000
0100c6b423
0100069663
0114413423
0000000000
0100d6b423
0102069663
0114513423
0000000000
0100e6b423
0100069763
0114613423
0000000000
0100f6b423
0102069763
0114713423
0000000000
010486b423
0104069463
0114813423
0000000000
010496b423
0106069463
0114913423
0000000000
0104a6b423
0104069563
0114a13423
0000000000
0104b6b423
0106069563
0114b13423
0000000000
0104c6b423
0104069663
0114c13423
0000000000
0104d6b423
0106069663
0114d13423
0000000000
0104e6b423
0104069763
0114e13423
0000000000
0104f6b423
0106069763
0114f13423
0000000000
010886b423
0108069463
0115013423
0000000000
010896b423
010a069463
0115113423
0000000000
0108a6b423
0108069563
0115213423
0000000000
0108b6b423
010a069563
0115313423
0000000000
0108c6b423
0108069663
0115413423
0000000000
0108d6b423
010a069663
0115513423
0000000000
0108e6b423
0108069763
0115613423
0000000000
0108f6b423
010a069763
0115713423
0000000000
010c86b423
010c069463
0115813423
0000000000
010c96b423
010e069463
0115913423
0000000000
010ca6b423
010c069563
0115a13423
0000000000
010cb6b423
010e069563
0115b13423
0000000000
010cc6b423
010c069663
0115c13423
0000000000
010cd6b423
010e069663
0115d13423
0000000000
010ce6b423
010c069763
0115e13423
0000000000
010cf6b423
010e069763
0115f13423
0000000000
0100873423
0100071463
0118013423
0000000000
0100973423
0102071463
0118113423
0000000000
0100a73423
0100071563
0118213423
0000000000
0100b73423
0102071563
0118313423
0000000000
0100c73423
0100071663
0118413423
0000000000
0100d73423
0102071663
0118513423
0000000000
0100e73423
0100071763
0118613423
0000000000
0100f73423
0102071763
0118713423
0000000000
0104873423
0104071463
0118813423
0000000000
0104973423
0106071463
0118913423
0000000000
0104a73423
0104071563
0118a13423
0000000000
0104b73423
0106071563
0118b13423
0000000000
0104c73423
0104071663
0118c13423
0000000000
0104d73423
0106071663
0118d13423
0000000000
0104e73423
0104071763
0118e13423
0000000000
0104f73423
0106071763
0118f13423
0000000000
0108873423
0108071463
0119013423
0000000000
0108973423
010a071463
0119113423
0000000000
0108a73423
0108071563
0119213423
0000000000
0108b73423
010a071563
0119313423
0000000000
0108c73423
0108071663
0119413423
0000000000
0108d73423
010a071663
0119513423
0000000000
0108e73423
0108071763
0119613423
0000000000
0108f73423
010a071763
0119713423
0000000000
010c873423
010c071463
0119813423
0000000000
010c973423
010e071463
0119913423
0000000000
010ca73423
010c071563
0119a13423
0000000000
010cb73423
010e071563
0119b13423
0000000000
010cc73423
010c071663
0119c13423
0000000000
010cd73423
010e071663
0119d13423
0000000000
010ce73423
010c071763
0119e13423
0000000000
010cf73423
010e071763
0119f13423
0000000000
010087b423
0100079463
011c013423
0000000000
010097b423
0102079463
011c113423
0000000000
0100a7b423
0100079563
011c213423
0000000000
0100b7b423
0102079563
011c313423
0000000000
0100c7b423
0100079663
011c413423
0000000000
0100d7b423
0102079663
011c513423
0000000000
0100e7b423
0100079763
011c613423
0000000000
0100f7b423
0102079763
011c713423
0000000000
010487b423
0104079463
011c813423
0000000000
010497b423
0106079463
011c913423
0000000000
0104a7b423
0104079563
011ca13423
0000000000
0104b7b423
0106079563
011cb13423
0000000000
0104c7b423
0104079663
011cc13423
0000000000
0104d7b423
0106079663
011cd13423
0000000000
0104e7b423
0104079763
011ce13423
0000000000
0104f7b423
0106079763
011cf13423
0000000000
010887b423
0108079463
011d013423
0000000000
010897b423
010a079463
011d113423
0000000000
0108a7b423
0108079563
011d213423
0000000000
0108b7b423
010a079563
011d313423
0000000000
0108c7b423
0108079663
011d413423
0000000000
0108d7b423
010a079663
011d513423
0000000000
0108e7b423
0108079763
011d613423
0000000000
0108f7b423
010a079763
011d713423
0000000000
010c87b423
010c079463
011d813423
0000000000
010c97b423
010e079463
011d913423
0000000000
010ca7b423
010c079563
011da13423
0000000000
010cb7b423
010e079563
011db13423
0000000000
010cc7b423
010c079663
011dc13423
0000000000
010cd7b423
010e079663
011dd13423
0000000000
010ce7b423
010c079763
011de13423
0000000000
010cf7b423
010e079763
011df13423
0000000000
0100843823
0100041863
0100013823
0000000000
0100943823
0102041863
0100113823
0000000000
0100a43823
0100041963
0100213823
0000000000
0100b43823
0102041963
0100313823
0000000000
0100c43823
0100041a63
0100413823
0000000000
0100d43823
0102041a63
0100513823
0000000000
0100e43823
0100041b63
0100613823
0000000000
0100f43823
0102041b63
0100713823
0000000000
0104843823
0104041863
0100813823
0000000000
0104943823
0106041863
0100913823
0000000000
0104a43823
0104041963
0100a13823
0000000000
0104b43823
0106041963
0100b13823
0000000000
0104c43823
0104041a63
0100c13823
0000000000
0104d43823
0106041a63
0100d13823
0000000000
0104e43823
0104041b63
0100e13823
0000000000
0104f43823
0106041b63
0100f13823
0000000000
0108843823
0108041863
0101013823
0000000000
0108943823
010a041863
0101113823
0000000000
0108a43823
0108041963
0101213823
0000000000
0108b43823
010a041963
0101313823
0000000000
0108c43823
0108041a63
0101413823
0000000000
0108d43823
010a041a63
0101513823
0000000000
0108e43823
0108041b63
0101613823
0000000000
0108f43823
010a041b63
0101713823
0000000000
010c843823
010c041863
0101813823
0000000000
010c943823
010e041863
0101913823
0000000000
010ca43823
010c041963
0101a13823
0000000000
010cb43823
010e041963
0101b13823
0000000000
010cc43823
010c041a63
0101c13823
0000000000
010cd43823
010e041a63
0101d13823
0000000000
010ce43823
010c041b63
0101e13823
0000000000
010cf43823
010e041b63
0101f13823
0000000000
010084b823
0100049863
0104013823
0000000000
010094b823
0102049863
0104113823
0000000000
0100a4b823
0100049963
0104213823
0000000000
0100b4b823
0102049963
0104313823
0000000000
0100c4b823
0100049a63
0104413823
0000000000
0100d4b823
0102049a63
0104513823
0000000000
0100e4b823
0100049b63
0104613823
0000000000
0100f4b823
0102049b63
0104713823
0000000000
010484b823
0104049863
0104813823
0000000000
010494b823
0106049863
0104913823
0000000000
0104a4b823
0104049963
0104a13823
0000000000
0104b4b823
0106049963
0104b13823
0000000000
0104c4b823
0104049a63
0104c13823
0000000000
0104d4b823
0106049a63
0104d13823
0000000000
0104e4b823
0104049b63
0104e13823
0000000000
0104f4b823
0106049b63
0104f13823
0000000000
010884b823
0108049863
0105013823
0000000000
010894b823
010a049863
0105113823
0000000000
0108a4b823
0108049963
0105213823
0000000000
0108b4b823
010a049963
0105313823
0000000000
0108c4b823
0108049a63
0105413823
0000000000
0108d4b823
010a049a63
0105513823
0000000000
0108e4b823
0108049b63
0105613823
0000000000
0108f4b823
010a049b63
0105713823
0000000000
010c84b823
010c049863
0105813823
0000000000
010c94b823
010e049863
0105913823
0000000000
010ca4b823
010c049963
0105a13823
0000000000
010cb4b823
010e049963
0105b13823
0000000000
010cc4b823
010c049a63
0105c13823
0000000000
010cd4b823
010e049a63
0105d13823
0000000000
010ce4b823
010c049b63
0105e13823
0000000000
010cf4b823
010e049b63
0105f13823
0000000000
0100853823
0100051863
0108013823
0000000000
0100953823
0102051863
0108113823
0000000000
0100a53823
0100051963
0108213823
0000000000
0100b53823
0102051963
0108313823
0000000000
0100c53823
0100051a63
0108413823
0000000000
0100d53823
0102051a63
0108513823
0000000000
0100e53823
0100051b63
0108613823
0000000000
0100f53823
0102051b63
0108713823
0000000000
0104853823
0104051863
0108813823
0000000000
0104953823
0106051863
0108913823
0000000000
0104a53823
0104051963
0108a13823
0000000000
0104b53823
0106051963
0108b13823
0000000000
0104c53823
0104051a63
0108c13823
0000000000
0104d53823
0106051a63
0108d13823
0000000000
0104e53823
0104051b63
0108e13823
0000000000
0104f53823
0106051b63
0108f13823
0000000000
0108853823
0108051863
0109013823
0000000000
0108953823
010a051863
0109113823
0000000000
0108a53823
0108051963
0109213823
0000000000
0108b53823
010a051963
0109313823
0000000000
0108c53823
0108051a63
0109413823
0000000000
0108d53823
010a051a63
0109513823
0000000000
0108e53823
0108051b63
0109613823
0000000000
0108f53823
010a051b63
0109713823
0000000000
010c853823
010c051863
0109813823
0000000000
010c953823
010e051863
0109913823
0000000000
010ca53823
010c051963
0109a13823
0000000000
010cb53823
010e051963
0109b13823
0000000000
010cc53823
010c051a63
0109c13823
0000000000
010cd53823
010e051a63
0109d13823
0000000000
010ce53823
010c051b63
0109e13823
0000000000
010cf53823
010e051b63
0109f13823
0000000000
010085b823
0100059863
010c013823
0000000000
010095b823
0102059863
010c113823
0000000000
0100a5b823
0100059963
010c213823
0000000000
0100b5b823
0102059963
010c313823
0000000000
0100c5b823
0100059a63
010c413823
0000000000
0100d5b823
0102059a63
010c513823
0000000000
0100e5b823
0100059b63
010c613823
0000000000
0100f5b823
0102059b63
010c713823
0000000000
010485b823
0104059863
010c813823
0000000000
010495b823
0106059863
010c913823
0000000000
0104a5b823
0104059963
010ca13823
0000000000
0104b5b823
0106059963
010cb13823
0000000000
0104c5b823
0104059a63
010cc13823
0000000000
0104d5b823
0106059a63
010cd13823
0000000000
0104e5b823
0104059b63
010ce13823
0000000000
0104f5b823
0106059b63
010cf13823
0000000000
010885b823
0108059863
010d013823
0000000000
010895b823
010a059863
010d113823
0000000000
0108a5b823
0108059963
010d213823
0000000000
0108b5b823
010a059963
010d313823
0000000000
0108c5b823
0108059a63
010d413823
0000000000
0108d5b823
010a059a63
010d513823
0000000000
0108e5b823
0108059b63
010d613823
0000000000
0108f5b823
010a059b63
010d713823
0000000000
010c85b823
010c059863
010d813823
0000000000
010c95b823
010e059863
010d913823
0000000000
010ca5b823
010c059963
010da13823
0000000000
010cb5b823
010e059963
010db13823
0000000000
010cc5b823
010c059a63
010dc13823
0000000000
010cd5b823
010e059a63
010dd13823
0000000000
010ce5b823
010c059b63
010de13823
0000000000
010cf5b823
010e059b63
010df13823
0000000000
0100863823
0100061863
0110013823
0000000000
0100963823
0102061863
0110113823
0000000000
0100a63823
0100061963
0110213823
0000000000
0100b63823
0102061963
0110313823
0000000000
0100c63823
0100061a63
0110413823
0000000000
0100d63823
0102061a63
0110513823
0000000000
0100e63823
0100061b63
0110613823
0000000000
0100f63823
0102061b63
0110713823
0000000000
0104863823
0104061863
0110813823
0000000000
0104963823
0106061863
0110913823
0000000000
0104a63823
0104061963
0110a13823
0000000000
0104b63823
0106061963
0110b13823
0000000000
0104c63823
0104061a63
0110c13823
0000000000
0104d63823
0106061a63
0110d13823
0000000000
0104e63823
0104061b63
0110e13823
0000000000
0104f63823
0106061b63
0110f13823
0000000000
0108863823
0108061863
0111013823
0000000000
0108963823
010a061863
0111113823
0000000000
0108a63823
0108061963
0111213823
0000000000
0108b63823
010a061963
0111313823
0000000000
0108c63823
0108061a63
0111413823
0000000000
0108d63823
010a061a63
0111513823
0000000000
0108e63823
0108061b63
0111613823
0000000000
0108f63823
010a061b63
0111713823
0000000000
010c863823
010c061863
0111813823
0000000000
010c963823
010e061863
0111913823
0000000000
010ca63823
010c061963
0111a13823
0000000000
010cb63823
010e061963
0111b13823
0000000000
010cc63823
010c061a63
0111c13823
0000000000
010cd63823
010e061a63
0111d13823
0000000000
010ce63823
010c061b63
0111e13823
0000000000
010cf63823
010e061b63
0111f13823
0000000000
010086b823
0100069863
0114013823
0000000000
010096b823
0102069863
0114113823
0000000000
0100a6b823
0100069963
0114213823
0000000000
0100b6b823
0102069963
0114313823
0000000000
0100c6b823
0100069a63
0114413823
0000000000
0100d6b823
0102069a63
0114513823
0000000000
0100e6b823
0100069b63
0114613823
0000000000
0100f6b823
0102069b63
0114713823
0000000000
010486b823
0104069863
0114813823
0000000000
010496b823
0106069863
0114913823
0000000000
0104a6b823
0104069963
0114a13823
0000000000
0104b6b823
0106069963
0114b13823
0000000000
0104c6b823
0104069a63
0114c13823
0000000000
0104d6b823
0106069a63
0114d13823
0000000000
0104e6b823
0104069b63
0114e13823
0000000000
0104f6b823
0106069b63
0114f13823
0000000000
010886b823
0108069863
0115013823
0000000000
010896b823
010a069863
0115113823
0000000000
0108a6b823
0108069963
0115213823
0000000000
0108b6b823
010a069963
0115313823
0000000000
0108c6b823
0108069a63
0115413823
0000000000
0108d6b823
010a069a63
0115513823
0000000000
0108e6b823
0108069b63
0115613823
0000000000
0108f6b823
010a069b63
0115713823
0000000000
010c86b823
010c069863
0115813823
0000000000
010c96b823
010e069863
0115913823
0000000000
010ca6b823
010c069963
0115a13823
0000000000
010cb6b823
010e069963
0115b13823
0000000000
010cc6b823
010c069a63
0115c13823
0000000000
010cd6b823
010e069a63
0115d13823
0000000000
010ce6b823
010c069b63
0115e13823
0000000000
010cf6b823
010e069b63
0115f13823
0000000000
0100873823
0100071863
0118013823
0000000000
0100973823
0102071863
0118113823
0000000000
0100a73823
0100071963
0118213823
0000000000
0100b73823
0102071963
0118313823
0000000000
0100c73823
0100071a63
0118413823
0000000000
0100d73823
0102071a63
0118513823
0000000000
0100e73823
0100071b63
0118613823
0000000000
0100f73823
0102071b63
0118713823
0000000000
0104873823
0104071863
0118813823
0000000000
0104973823
0106071863
0118913823
0000000000
0104a73823
0104071963
0118a13823
0000000000
0104b73823
0106071963
0118b13823
0000000000
0104c73823
0104071a63
0118c13823
0000000000
0104d73823
0106071a63
0118d13823
0000000000
0104e73823
0104071b63
0118e13823
0000000000
0104f73823
0106071b63
0118f13823
0000000000
0108873823
0108071863
0119013823
0000000000
0108973823
010a071863
0119113823
0000000000
0108a73823
0108071963
0119213823
0000000000
0108b73823
010a071963
0119313823
0000000000
0108c73823
0108071a63
0119413823
0000000000
0108d73823
010a071a63
0119513823
0000000000
0108e73823
0108071b63
0119613823
0000000000
0108f73823
010a071b63
0119713823
0000000000
010c873823
010c071863
0119813823
0000000000
010c973823
010e071863
0119913823
0000000000
010ca73823
010c071963
0119a13823
0000000000
010cb73823
010e071963
0119b13823
0000000000
010cc73823
010c071a63
0119c13823
0000000000
010cd73823
010e071a63
0119d13823
0000000000
010ce73823
010c071b63
0119e13823
0000000000
010cf73823
010e071b63
0119f13823
0000000000
010087b823
0100079863
011c013823
0000000000
010097b823
0102079863
011c113823
0000000000
0100a7b823
0100079963
011c213823
0000000000
0100b7b823
0102079963
011c313823
0000000000
0100c7b823
0100079a63
011c413823
0000000000
0100d7b823
0102079a63
011c513823
0000000000
0100e7b823
0100079b63
011c613823
0000000000
0100f7b823
0102079b63
011c713823
0000000000
010487b823
0104079863
011c813823
0000000000
010497b823
0106079863
011c913823
0000000000
0104a7b823
0104079963
011ca13823
0000000000
0104b7b823
0106079963
011cb13823
0000000000
0104c7b823
0104079a63
011cc13823
0000000000
0104d7b823
0106079a63
011cd13823
0000000000
0104e7b823
0104079b63
011ce13823
0000000000
0104f7b823
0106079b63
011cf13823
0000000000
010887b823
0108079863
011d013823
0000000000
010897b823
010a079863
011d113823
0000000000
0108a7b823
0108079963
011d213823
0000000000
0108b7b823
010a079963
011d313823
0000000000
0108c7b823
0108079a63
011d413823
0000000000
0108d7b823
010a079a63
011d513823
0000000000
0108e7b823
0108079b63
011d613823
0000000000
0108f7b823
010a079b63
011d713823
0000000000
010c87b823
010c079863
011d813823
0000000000
010c97b823
010e079863
011d913823
0000000000
010ca7b823
010c079963
011da13823
0000000000
010cb7b823
010e079963
011db13823
0000000000
010cc7b823
010c079a63
011dc13823
0000000000
010cd7b823
010e079a63
011dd13823
0000000000
010ce7b823
010c079b63
011de13823
0000000000
010cf7b823
010e079b63
011df13823
0000000000
0100843c23
0100041c63
0100013c23
0000000000
0100943c23
0102041c63
0100113c23
0000000000
0100a43c23
0100041d63
0100213c23
0000000000
0100b43c23
0102041d63
0100313c23
0000000000
0100c43c23
0100041e63
0100413c23
0000000000
0100d43c23
0102041e63
0100513c23
0000000000
0100e43c23
0100041f63
0100613c23
0000000000
0100f43c23
0102041f63
0100713c23
0000000000
0104843c23
0104041c63
0100813c23
0000000000
0104943c23
0106041c63
0100913c23
0000000000
0104a43c23
0104041d63
0100a13c23
0000000000
0104b43c23
0106041d63
0100b13c23
0000000000
0104c43c23
0104041e63
0100c13c23
0000000000
0104d43c23
0106041e63
0100d13c23
0000000000
0104e43c23
0104041f63
0100e13c23
0000000000
0104f43c23
0106041f63
0100f13c23
0000000000
0108843c23
0108041c63
0101013c23
0000000000
0108943c23
010a041c63
0101113c23
0000000000
0108a43c23
0108041d63
0101213c23
0000000000
0108b43c23
010a041d63
0101313c23
0000000000
0108c43c23
0108041e63
0101413c23
0000000000
0108d43c23
010a041e63
0101513c23
0000000000
0108e43c23
0108041f63
0101613c23
0000000000
0108f43c23
010a041f63
0101713c23
0000000000
010c843c23
010c041c63
0101813c23
0000000000
010c943c23
010e041c63
0101913c23
0000000000
010ca43c23
010c041d63
0101a13c23
0000000000
010cb43c23
010e041d63
0101b13c23
0000000000
010cc43c23
010c041e63
0101c13c23
0000000000
010cd43c23
010e041e63
0101d13c23
0000000000
010ce43c23
010c041f63
0101e13c23
0000000000
010cf43c23
010e041f63
0101f13c23
0000000000
010084bc23
0100049c63
0104013c23
0000000000
010094bc23
0102049c63
0104113c23
0000000000
0100a4bc23
0100049d63
0104213c23
0000000000
0100b4bc23
0102049d63
0104313c23
0000000000
0100c4bc23
0100049e63
0104413c23
0000000000
0100d4bc23
0102049e63
0104513c23
0000000000
0100e4bc23
0100049f63
0104613c23
0000000000
0100f4bc23
0102049f63
0104713c23
0000000000
010484bc23
0104049c63
0104813c23
0000000000
010494bc23
0106049c63
0104913c23
0000000000
0104a4bc23
0104049d63
0104a13c23
0000000000
0104b4bc23
0106049d63
0104b13c23
0000000000
0104c4bc23
0104049e63
0104c13c23
0000000000
0104d4bc23
0106049e63
0104d13c23
0000000000
0104e4bc23
0104049f63
0104e13c23
0000000000
0104f4bc23
0106049f63
0104f13c23
0000000000
010884bc23
0108049c63
0105013c23
0000000000
010894bc23
010a049c63
0105113c23
0000000000
0108a4bc23
0108049d63
0105213c23
0000000000
0108b4bc23
010a049d63
0105313c23
0000000000
0108c4bc23
0108049e63
0105413c23
0000000000
0108d4bc23
010a049e63
0105513c23
0000000000
0108e4bc23
0108049f63
0105613c23
0000000000
0108f4bc23
010a049f63
0105713c23
0000000000
010c84bc23
010c049c63
0105813c23
0000000000
010c94bc23
010e049c63
0105913c23
0000000000
010ca4bc23
010c049d63
0105a13c23
0000000000
010cb4bc23
010e049d63
0105b13c23
0000000000
010cc4bc23
010c049e63
0105c13c23
0000000000
010cd4bc23
010e049e63
0105d13c23
0000000000
010ce4bc23
010c049f63
0105e13c23
0000000000
010cf4bc23
010e049f63
0105f13c23
0000000000
0100853c23
0100051c63
0108013c23
0000000000
0100953c23
0102051c63
0108113c23
0000000000
0100a53c23
0100051d63
0108213c23
0000000000
0100b53c23
0102051d63
0108313c23
0000000000
0100c53c23
0100051e63
0108413c23
0000000000
0100d53c23
0102051e63
0108513c23
0000000000
0100e53c23
0100051f63
0108613c23
0000000000
0100f53c23
0102051f63
0108713c23
0000000000
0104853c23
0104051c63
0108813c23
0000000000
0104953c23
0106051c63
0108913c23
0000000000
0104a53c23
0104051d63
0108a13c23
0000000000
0104b53c23
0106051d63
0108b13c23
0000000000
0104c53c23
0104051e63
0108c13c23
0000000000
0104d53c23
0106051e63
0108d13c23
0000000000
0104e53c23
0104051f63
0108e13c23
0000000000
0104f53c23
0106051f63
0108f13c23
0000000000
0108853c23
0108051c63
0109013c23
0000000000
0108953c23
010a051c63
0109113c23
0000000000
0108a53c23
0108051d63
0109213c23
0000000000
0108b53c23
010a051d63
0109313c23
0000000000
0108c53c23
0108051e63
0109413c23
0000000000
0108d53c23
010a051e63
0109513c23
0000000000
0108e53c23
0108051f63
0109613c23
0000000000
0108f53c23
010a051f63
0109713c23
0000000000
010c853c23
010c051c63
0109813c23
0000000000
010c953c23
010e051c63
0109913c23
0000000000
010ca53c23
010c051d63
0109a13c23
0000000000
010cb53c23
010e051d63
0109b13c23
0000000000
010cc53c23
010c051e63
0109c13c23
0000000000
010cd53c23
010e051e63
0109d13c23
0000000000
010ce53c23
010c051f63
0109e13c23
0000000000
010cf53c23
010e051f63
0109f13c23
0000000000
010085bc23
0100059c63
010c013c23
0000000000
010095bc23
0102059c63
010c113c23
0000000000
0100a5bc23
0100059d63
010c213c23
0000000000
0100b5bc23
0102059d63
010c313c23
0000000000
0100c5bc23
0100059e63
010c413c23
0000000000
0100d5bc23
0102059e63
010c513c23
0000000000
0100e5bc23
0100059f63
010c613c23
0000000000
0100f5bc23
0102059f63
010c713c23
0000000000
010485bc23
0104059c63
010c813c23
0000000000
010495bc23
0106059c63
010c913c23
0000000000
0104a5bc23
0104059d63
010ca13c23
0000000000
0104b5bc23
0106059d63
010cb13c23
0000000000
0104c5bc23
0104059e63
010cc13c23
0000000000
0104d5bc23
0106059e63
010cd13c23
0000000000
0104e5bc23
0104059f63
010ce13c23
0000000000
0104f5bc23
0106059f63
010cf13c23
0000000000
010885bc23
0108059c63
010d013c23
0000000000
010895bc23
010a059c63
010d113c23
0000000000
0108a5bc23
0108059d63
010d213c23
0000000000
0108b5bc23
010a059d63
010d313c23
0000000000
0108c5bc23
0108059e63
010d413c23
0000000000
0108d5bc23
010a059e63
010d513c23
0000000000
0108e5bc23
0108059f63
010d613c23
0000000000
0108f5bc23
010a059f63
010d713c23
0000000000
010c85bc23
010c059c63
010d813c23
0000000000
010c95bc23
010e059c63
010d913c23
0000000000
010ca5bc23
010c059d63
010da13c23
0000000000
010cb5bc23
010e059d63
010db13c23
0000000000
010cc5bc23
010c059e63
010dc13c23
0000000000
010cd5bc23
010e059e63
010dd13c23
0000000000
010ce5bc23
010c059f63
010de13c23
0000000000
010cf5bc23
010e059f63
010df13c23
0000000000
0100863c23
0100061c63
0110013c23
0000000000
0100963c23
0102061c63
0110113c23
0000000000
0100a63c23
0100061d63
0110213c23
0000000000
0100b63c23
0102061d63
0110313c23
0000000000
0100c63c23
0100061e63
0110413c23
0000000000
0100d63c23
0102061e63
0110513c23
0000000000
0100e63c23
0100061f63
0110613c23
0000000000
0100f63c23
0102061f63
0110713c23
0000000000
0104863c23
0104061c63
0110813c23
0000000000
0104963c23
0106061c63
0110913c23
0000000000
0104a63c23
0104061d63
0110a13c23
0000000000
0104b63c23
0106061d63
0110b13c23
0000000000
0104c63c23
0104061e63
0110c13c23
0000000000
0104d63c23
0106061e63
0110d13c23
0000000000
0104e63c23
0104061f63
0110e13c23
0000000000
0104f63c23
0106061f63
0110f13c23
0000000000
0108863c23
0108061c63
0111013c23
0000000000
0108963c23
010a061c63
0111113c23
0000000000
0108a63c23
0108061d63
0111213c23
0000000000
0108b63c23
010a061d63
0111313c23
0000000000
0108c63c23
0108061e63
0111413c23
0000000000
0108d63c23
010a061e63
0111513c23
0000000000
0108e63c23
0108061f63
0111613c23
0000000000
0108f63c23
010a061f63
0111713c23
0000000000
010c863c23
010c061c63
0111813c23
0000000000
010c963c23
010e061c63
0111913c23
0000000000
010ca63c23
010c061d63
0111a13c23
0000000000
010cb63c23
010e061d63
0111b13c23
0000000000
010cc63c23
010c061e63
0111c13c23
0000000000
010cd63c23
010e061e63
0111d13c23
0000000000
010ce63c23
010c061f63
0111e13c23
0000000000
010cf63c23
010e061f63
0111f13c23
0000000000
010086bc23
0100069c63
0114013c23
0000000000
010096bc23
0102069c63
0114113c23
0000000000
0100a6bc23
0100069d63
0114213c23
0000000000
0100b6bc23
0102069d63
0114313c23
0000000000
0100c6bc23
0100069e63
0114413c23
0000000000
0100d6bc23
0102069e63
0114513c23
0000000000
0100e6bc23
0100069f63
0114613c23
0000000000
0100f6bc23
0102069f63
0114713c23
0000000000
010486bc23
0104069c63
0114813c23
0000000000
010496bc23
0106069c63
0114913c23
0000000000
0104a6bc23
0104069d63
0114a13c23
0000000000
0104b6bc23
0106069d63
0114b13c23
0000000000
0104c6bc23
0104069e63
0114c13c23
0000000000
0104d6bc23
0106069e63
0114d13c23
0000000000
0104e6bc23
0104069f63
0114e13c23
0000000000
0104f6bc23
0106069f63
0114f13c23
0000000000
010886bc23
0108069c63
0115013c23
0000000000
010896bc23
010a069c63
0115113c23
0000000000
0108a6bc23
0108069d63
0115213c23
0000000000
0108b6bc23
010a069d63
0115313c23
0000000000
0108c6bc23
0108069e63
0115413c23
0000000000
0108d6bc23
010a069e63
0115513c23
0000000000
0108e6bc23
0108069f63
0115613c23
0000000000
0108f6bc23
010a069f63
0115713c23
0000000000
010c86bc23
010c069c63
0115813c23
0000000000
010c96bc23
010e069c63
0115913c23
0000000000
010ca6bc23
010c069d63
0115a13c23
0000000000
010cb6bc23
010e069d63
0115b13c23
0000000000
010cc6bc23
010c069e63
0115c13c23
0000000000
010cd6bc23
010e069e63
0115d13c23
0000000000
010ce6bc23
010c069f63
0115e13c23
0000000000
010cf6bc23
010e069f63
0115f13c23
0000000000
0100873c23
0100071c63
0118013c23
0000000000
0100973c23
0102071c63
0118113c23
0000000000
0100a73c23
0100071d63
0118213c23
0000000000
0100b73c23
0102071d63
0118313c23
0000000000
0100c73c23
0100071e63
0118413c23
0000000000
0100d73c23
0102071e63
0118513c23
0000000000
0100e73c23
0100071f63
0118613c23
0000000000
0100f73c23
0102071f63
0118713c23
0000000000
0104873c23
0104071c63
0118813c23
0000000000
0104973c23
0106071c63
0118913c23
0000000000
0104a73c23
0104071d63
0118a13c23
0000000000
0104b73c23
0106071d63
0118b13c23
0000000000
0104c73c23
0104071e63
0118c13c23
0000000000
0104d73c23
0106071e63
0118d13c23
0000000000
0104e73c23
0104071f63
0118e13c23
0000000000
0104f73c23
0106071f63
0118f13c23
0000000000
0108873c23
0108071c63
0119013c23
0000000000
0108973c23
010a071c63
0119113c23
0000000000
0108a73c23
0108071d63
0119213c23
0000000000
0108b73c23
010a071d63
0119313c23
0000000000
0108c73c23
0108071e63
0119413c23
0000000000
0108d73c23
010a071e63
0119513c23
0000000000
0108e73c23
0108071f63
0119613c23
0000000000
0108f73c23
010a071f63
0119713c23
0000000000
010c873c23
010c071c63
0119813c23
0000000000
010c973c23
010e071c63
0119913c23
0000000000
010ca73c23
010c071d63
0119a13c23
0000000000
010cb73c23
010e071d63
0119b13c23
0000000000
010cc73c23
010c071e63
0119c13c23
0000000000
010cd73c23
010e071e63
0119d13c23
0000000000
010ce73c23
010c071f63
0119e13c23
0000000000
010cf73c23
010e071f63
0119f13c23
0000000000
010087bc23
0100079c63
011c013c23
0000000000
010097bc23
0102079c63
011c113c23
0000000000
0100a7bc23
0100079d63
011c213c23
0000000000
0100b7bc23
0102079d63
011c313c23
0000000000
0100c7bc23
0100079e63
011c413c23
0000000000
0100d7bc23
0102079e63
011c513c23
0000000000
0100e7bc23
0100079f63
011c613c23
0000000000
0100f7bc23
0102079f63
011c713c23
0000000000
010487bc23
0104079c63
011c813c23
0000000000
010497bc23
0106079c63
011c913c23
0000000000
0104a7bc23
0104079d63
011ca13c23
0000000000
0104b7bc23
0106079d63
011cb13c23
0000000000
0104c7bc23
0104079e63
011cc13c23
0000000000
0104d7bc23
0106079e63
011cd13c23
0000000000
0104e7bc23
0104079f63
011ce13c23
0000000000
0104f7bc23
0106079f63
011cf13c23
0000000000
010887bc23
0108079c63
011d013c23
0000000000
010897bc23
010a079c63
011d113c23
0000000000
0108a7bc23
0108079d63
011d213c23
0000000000
0108b7bc23
010a079d63
011d313c23
0000000000
0108c7bc23
0108079e63
011d413c23
0000000000
0108d7bc23
010a079e63
011d513c23
0000000000
0108e7bc23
0108079f63
011d613c23
0000000000
0108f7bc23
010a079f63
011d713c23
0000000000
010c87bc23
010c079c63
011d813c23
0000000000
010c97bc23
010e079c63
011d913c23
0000000000
010ca7bc23
010c079d63
011da13c23
0000000000
010cb7bc23
010e079d63
011db13c23
0000000000
010cc7bc23
010c079e63
011dc13c23
0000000000
010cd7bc23
010e079e63
011dd13c23
0000000000
010ce7bc23
010c079f63
011de13c23
0000000000
010cf7bc23
010e079f63
011df13c23
0000000000
0102843023
01f00410e3
0102013023
0000000000
0102943023
01f20410e3
0102113023
0000000000
0102a43023
01f00411e3
0102213023
0000000000
0102b43023
01f20411e3
0102313023
0000000000
0102c43023
01f00412e3
0102413023
0000000000
0102d43023
01f20412e3
0102513023
0000000000
0102e43023
01f00413e3
0102613023
0000000000
0102f43023
01f20413e3
0102713023
0000000000
0106843023
01f40410e3
0102813023
0000000000
0106943023
01f60410e3
0102913023
0000000000
0106a43023
01f40411e3
0102a13023
0000000000
0106b43023
01f60411e3
0102b13023
0000000000
0106c43023
01f40412e3
0102c13023
0000000000
0106d43023
01f60412e3
0102d13023
0000000000
0106e43023
01f40413e3
0102e13023
0000000000
0106f43023
01f60413e3
0102f13023
0000000000
010a843023
01f80410e3
0103013023
0000000000
010a943023
01fa0410e3
0103113023
0000000000
010aa43023
01f80411e3
0103213023
0000000000
010ab43023
01fa0411e3
0103313023
0000000000
010ac43023
01f80412e3
0103413023
0000000000
010ad43023
01fa0412e3
0103513023
0000000000
010ae43023
01f80413e3
0103613023
0000000000
010af43023
01fa0413e3
0103713023
0000000000
010e843023
01fc0410e3
0103813023
0000000000
010e943023
01fe0410e3
0103913023
0000000000
010ea43023
01fc0411e3
0103a13023
0000000000
010eb43023
01fe0411e3
0103b13023
0000000000
010ec43023
01fc0412e3
0103c13023
0000000000
010ed43023
01fe0412e3
0103d13023
0000000000
010ee43023
01fc0413e3
0103e13023
0000000000
010ef43023
01fe0413e3
0103f13023
0000000000
010284b023
01f00490e3
0106013023
0000000000
010294b023
01f20490e3
0106113023
0000000000
0102a4b023
01f00491e3
0106213023
0000000000
0102b4b023
01f20491e3
0106313023
0000000000
0102c4b023
01f00492e3
0106413023
0000000000
0102d4b023
01f20492e3
0106513023
0000000000
0102e4b023
01f00493e3
0106613023
0000000000
0102f4b023
01f20493e3
0106713023
0000000000
010684b023
01f40490e3
0106813023
0000000000
010694b023
01f60490e3
0106913023
0000000000
0106a4b023
01f40491e3
0106a13023
0000000000
0106b4b023
01f60491e3
0106b13023
0000000000
0106c4b023
01f40492e3
0106c13023
0000000000
0106d4b023
01f60492e3
0106d13023
0000000000
0106e4b023
01f40493e3
0106e13023
0000000000
0106f4b023
01f60493e3
0106f13023
0000000000
010a84b023
01f80490e3
0107013023
0000000000
010a94b023
01fa0490e3
0107113023
0000000000
010aa4b023
01f80491e3
0107213023
0000000000
010ab4b023
01fa0491e3
0107313023
0000000000
010ac4b023
01f80492e3
0107413023
0000000000
010ad4b023
01fa0492e3
0107513023
0000000000
010ae4b023
01f80493e3
0107613023
0000000000
010af4b023
01fa0493e3
0107713023
0000000000
010e84b023
01fc0490e3
0107813023
0000000000
010e94b023
01fe0490e3
0107913023
0000000000
010ea4b023
01fc0491e3
0107a13023
0000000000
010eb4b023
01fe0491e3
0107b13023
0000000000
010ec4b023
01fc0492e3
0107c13023
0000000000
010ed4b023
01fe0492e3
0107d13023
0000000000
010ee4b023
01fc0493e3
0107e13023
0000000000
010ef4b023
01fe0493e3
0107f13023
0000000000
0102853023
01f00510e3
010a013023
0000000000
0102953023
01f20510e3
010a113023
0000000000
0102a53023
01f00511e3
010a213023
0000000000
0102b53023
01f20511e3
010a313023
0000000000
0102c53023
01f00512e3
010a413023
0000000000
0102d53023
01f20512e3
010a513023
0000000000
0102e53023
01f00513e3
010a613023
0000000000
0102f53023
01f20513e3
010a713023
0000000000
0106853023
01f40510e3
010a813023
0000000000
0106953023
01f60510e3
010a913023
0000000000
0106a53023
01f40511e3
010aa13023
0000000000
0106b53023
01f60511e3
010ab13023
0000000000
0106c53023
01f40512e3
010ac13023
0000000000
0106d53023
01f60512e3
010ad13023
0000000000
0106e53023
01f40513e3
010ae13023
0000000000
0106f53023
01f60513e3
010af13023
0000000000
010a853023
01f80510e3
010b013023
0000000000
010a953023
01fa0510e3
010b113023
0000000000
010aa53023
01f80511e3
010b213023
0000000000
010ab53023
01fa0511e3
010b313023
0000000000
010ac53023
01f80512e3
010b413023
0000000000
010ad53023
01fa0512e3
010b513023
0000000000
010ae53023
01f80513e3
010b613023
0000000000
010af53023
01fa0513e3
010b713023
0000000000
010e853023
01fc0510e3
010b813023
0000000000
010e953023
01fe0510e3
010b913023
0000000000
010ea53023
01fc0511e3
010ba13023
0000000000
010eb53023
01fe0511e3
010bb13023
0000000000
010ec53023
01fc0512e3
010bc13023
0000000000
010ed53023
01fe0512e3
010bd13023
0000000000
010ee53023
01fc0513e3
010be13023
0000000000
010ef53023
01fe0513e3
010bf13023
0000000000
010285b023
01f00590e3
010e013023
0000000000
010295b023
01f20590e3
010e113023
0000000000
0102a5b023
01f00591e3
010e213023
0000000000
0102b5b023
01f20591e3
010e313023
0000000000
0102c5b023
01f00592e3
010e413023
0000000000
0102d5b023
01f20592e3
010e513023
0000000000
0102e5b023
01f00593e3
010e613023
0000000000
0102f5b023
01f20593e3
010e713023
0000000000
010685b023
01f40590e3
010e813023
0000000000
010695b023
01f60590e3
010e913023
0000000000
0106a5b023
01f40591e3
010ea13023
0000000000
0106b5b023
01f60591e3
010eb13023
0000000000
0106c5b023
01f40592e3
010ec13023
0000000000
0106d5b023
01f60592e3
010ed13023
0000000000
0106e5b023
01f40593e3
010ee13023
0000000000
0106f5b023
01f60593e3
010ef13023
0000000000
010a85b023
01f80590e3
010f013023
0000000000
010a95b023
01fa0590e3
010f113023
0000000000
010aa5b023
01f80591e3
010f213023
0000000000
010ab5b023
01fa0591e3
010f313023
0000000000
010ac5b023
01f80592e3
010f413023
0000000000
010ad5b023
01fa0592e3
010f513023
0000000000
010ae5b023
01f80593e3
010f613023
0000000000
010af5b023
01fa0593e3
010f713023
0000000000
010e85b023
01fc0590e3
010f813023
0000000000
010e95b023
01fe0590e3
010f913023
0000000000
010ea5b023
01fc0591e3
010fa13023
0000000000
010eb5b023
01fe0591e3
010fb13023
0000000000
010ec5b023
01fc0592e3
010fc13023
0000000000
010ed5b023
01fe0592e3
010fd13023
0000000000
010ee5b023
01fc0593e3
010fe13023
0000000000
010ef5b023
01fe0593e3
010ff13023
0000000000
0102863023
01f00610e3
0112013023
0000000000
0102963023
01f20610e3
0112113023
0000000000
0102a63023
01f00611e3
0112213023
0000000000
0102b63023
01f20611e3
0112313023
0000000000
0102c63023
01f00612e3
0112413023
0000000000
0102d63023
01f20612e3
0112513023
0000000000
0102e63023
01f00613e3
0112613023
0000000000
0102f63023
01f20613e3
0112713023
0000000000
0106863023
01f40610e3
0112813023
0000000000
0106963023
01f60610e3
0112913023
0000000000
0106a63023
01f40611e3
0112a13023
0000000000
0106b63023
01f60611e3
0112b13023
0000000000
0106c63023
01f40612e3
0112c13023
0000000000
0106d63023
01f60612e3
0112d13023
0000000000
0106e63023
01f40613e3
0112e13023
0000000000
0106f63023
01f60613e3
0112f13023
0000000000
010a863023
01f80610e3
0113013023
0000000000
010a963023
01fa0610e3
0113113023
0000000000
010aa63023
01f80611e3
0113213023
0000000000
010ab63023
01fa0611e3
0113313023
0000000000
010ac63023
01f80612e3
0113413023
0000000000
010ad63023
01fa0612e3
0113513023
0000000000
010ae63023
01f80613e3
0113613023
0000000000
010af63023
01fa0613e3
0113713023
0000000000
010e863023
01fc0610e3
0113813023
0000000000
010e963023
01fe0610e3
0113913023
0000000000
010ea63023
01fc0611e3
0113a13023
0000000000
010eb63023
01fe0611e3
0113b13023
0000000000
010ec63023
01fc0612e3
0113c13023
0000000000
010ed63023
01fe0612e3
0113d13023
0000000000
010ee63023
01fc0613e3
0113e13023
0000000000
010ef63023
01fe0613e3
0113f13023
0000000000
010286b023
01f00690e3
0116013023
0000000000
010296b023
01f20690e3
0116113023
0000000000
0102a6b023
01f00691e3
0116213023
0000000000
0102b6b023
01f20691e3
0116313023
0000000000
0102c6b023
01f00692e3
0116413023
0000000000
0102d6b023
01f20692e3
0116513023
0000000000
0102e6b023
01f00693e3
0116613023
0000000000
0102f6b023
01f20693e3
0116713023
0000000000
010686b023
01f40690e3
0116813023
0000000000
010696b023
01f60690e3
0116913023
0000000000
0106a6b023
01f40691e3
0116a13023
0000000000
0106b6b023
01f60691e3
0116b13023
0000000000
0106c6b023
01f40692e3
0116c13023
0000000000
0106d6b023
01f60692e3
0116d13023
0000000000
0106e6b023
01f40693e3
0116e13023
0000000000
0106f6b023
01f60693e3
0116f13023
0000000000
010a86b023
01f80690e3
0117013023
0000000000
010a96b023
01fa0690e3
0117113023
0000000000
010aa6b023
01f80691e3
0117213023
0000000000
010ab6b023
01fa0691e3
0117313023
0000000000
010ac6b023
01f80692e3
0117413023
0000000000
010ad6b023
01fa0692e3
0117513023
0000000000
010ae6b023
01f80693e3
0117613023
0000000000
010af6b023
01fa0693e3
0117713023
0000000000
010e86b023
01fc0690e3
0117813023
0000000000
010e96b023
01fe0690e3
0117913023
0000000000
010ea6b023
01fc0691e3
0117a13023
0000000000
010eb6b023
01fe0691e3
0117b13023
0000000000
010ec6b023
01fc0692e3
0117c13023
0000000000
010ed6b023
01fe0692e3
0117d13023
0000000000
010ee6b023
01fc0693e3
0117e13023
0000000000
010ef6b023
01fe0693e3
0117f13023
0000000000
0102873023
01f00710e3
011a013023
0000000000
0102973023
01f20710e3
011a113023
0000000000
0102a73023
01f00711e3
011a213023
0000000000
0102b73023
01f20711e3
011a313023
0000000000
0102c73023
01f00712e3
011a413023
0000000000
0102d73023
01f20712e3
011a513023
0000000000
0102e73023
01f00713e3
011a613023
0000000000
0102f73023
01f20713e3
011a713023
0000000000
0106873023
01f40710e3
011a813023
0000000000
0106973023
01f60710e3
011a913023
0000000000
0106a73023
01f40711e3
011aa13023
0000000000
0106b73023
01f60711e3
011ab13023
0000000000
0106c73023
01f40712e3
011ac13023
0000000000
0106d73023
01f60712e3
011ad13023
0000000000
0106e73023
01f40713e3
011ae13023
0000000000
0106f73023
01f60713e3
011af13023
0000000000
010a873023
01f80710e3
011b013023
0000000000
010a973023
01fa0710e3
011b113023
0000000000
010aa73023
01f80711e3
011b213023
0000000000
010ab73023
01fa0711e3
011b313023
0000000000
010ac73023
01f80712e3
011b413023
0000000000
010ad73023
01fa0712e3
011b513023
0000000000
010ae73023
01f80713e3
011b613023
0000000000
010af73023
01fa0713e3
011b713023
0000000000
010e873023
01fc0710e3
011b813023
0000000000
010e973023
01fe0710e3
011b913023
0000000000
010ea73023
01fc0711e3
011ba13023
0000000000
010eb73023
01fe0711e3
011bb13023
0000000000
010ec73023
01fc0712e3
011bc13023
0000000000
010ed73023
01fe0712e3
011bd13023
0000000000
010ee73023
01fc0713e3
011be13023
0000000000
010ef73023
01fe0713e3
011bf13023
0000000000
010287b023
01f00790e3
011e013023
0000000000
010297b023
01f20790e3
011e113023
0000000000
0102a7b023
01f00791e3
011e213023
0000000000
0102b7b023
01f20791e3
011e313023
0000000000
0102c7b023
01f00792e3
011e413023
0000000000
0102d7b023
01f20792e3
011e513023
0000000000
0102e7b023
01f00793e3
011e613023
0000000000
0102f7b023
01f20793e3
011e713023
0000000000
010687b023
01f40790e3
011e813023
0000000000
010697b023
01f60790e3
011e913023
0000000000
0106a7b023
01f40791e3
011ea13023
0000000000
0106b7b023
01f60791e3
011eb13023
0000000000
0106c7b023
01f40792e3
011ec13023
0000000000
0106d7b023
01f60792e3
011ed13023
0000000000
0106e7b023
01f40793e3
011ee13023
0000000000
0106f7b023
01f60793e3
011ef13023
0000000000
010a87b023
01f80790e3
011f013023
0000000000
010a97b023
01fa0790e3
011f113023
0000000000
010aa7b023
01f80791e3
011f213023
0000000000
010ab7b023
01fa0791e3
011f313023
0000000000
010ac7b023
01f80792e3
011f413023
0000000000
010ad7b023
01fa0792e3
011f513023
0000000000
010ae7b023
01f80793e3
011f613023
0000000000
010af7b023
01fa0793e3
011f713023
0000000000
010e87b023
01fc0790e3
011f813023
0000000000
010e97b023
01fe0790e3
011f913023
0000000000
010ea7b023
01fc0791e3
011fa13023
0000000000
010eb7b023
01fe0791e3
011fb13023
0000000000
010ec7b023
01fc0792e3
011fc13023
0000000000
010ed7b023
01fe0792e3
011fd13023
0000000000
010ee7b023
01fc0793e3
011fe13023
0000000000
010ef7b023
01fe0793e3
011ff13023
0000000000
0102843423
01f00414e3
0102013423
0000000000
0102943423
01f20414e3
0102113423
0000000000
0102a43423
01f00415e3
0102213423
0000000000
0102b43423
01f20415e3
0102313423
0000000000
0102c43423
01f00416e3
0102413423
0000000000
0102d43423
01f20416e3
0102513423
0000000000
0102e43423
01f00417e3
0102613423
0000000000
0102f43423
01f20417e3
0102713423
0000000000
0106843423
01f40414e3
0102813423
0000000000
0106943423
01f60414e3
0102913423
0000000000
0106a43423
01f40415e3
0102a13423
0000000000
0106b43423
01f60415e3
0102b13423
0000000000
0106c43423
01f40416e3
0102c13423
0000000000
0106d43423
01f60416e3
0102d13423
0000000000
0106e43423
01f40417e3
0102e13423
0000000000
0106f43423
01f60417e3
0102f13423
0000000000
010a843423
01f80414e3
0103013423
0000000000
010a943423
01fa0414e3
0103113423
0000000000
010aa43423
01f80415e3
0103213423
0000000000
010ab43423
01fa0415e3
0103313423
0000000000
010ac43423
01f80416e3
0103413423
0000000000
010ad43423
01fa0416e3
0103513423
0000000000
010ae43423
01f80417e3
0103613423
0000000000
010af43423
01fa0417e3
0103713423
0000000000
010e843423
01fc0414e3
0103813423
0000000000
010e943423
01fe0414e3
0103913423
0000000000
010ea43423
01fc0415e3
0103a13423
0000000000
010eb43423
01fe0415e3
0103b13423
0000000000
010ec43423
01fc0416e3
0103c13423
0000000000
010ed43423
01fe0416e3
0103d13423
0000000000
010ee43423
01fc0417e3
0103e13423
0000000000
010ef43423
01fe0417e3
0103f13423
0000000000
010284b423
01f00494e3
0106013423
0000000000
010294b423
01f20494e3
0106113423
0000000000
0102a4b423
01f00495e3
0106213423
0000000000
0102b4b423
01f20495e3
0106313423
0000000000
0102c4b423
01f00496e3
0106413423
0000000000
0102d4b423
01f20496e3
0106513423
0000000000
0102e4b423
01f00497e3
0106613423
0000000000
0102f4b423
01f20497e3
0106713423
0000000000
010684b423
01f40494e3
0106813423
0000000000
010694b423
01f60494e3
0106913423
0000000000
0106a4b423
01f40495e3
0106a13423
0000000000
0106b4b423
01f60495e3
0106b13423
0000000000
0106c4b423
01f40496e3
0106c13423
0000000000
0106d4b423
01f60496e3
0106d13423
0000000000
0106e4b423
01f40497e3
0106e13423
0000000000
0106f4b423
01f60497e3
0106f13423
0000000000
010a84b423
01f80494e3
0107013423
0000000000
010a94b423
01fa0494e3
0107113423
0000000000
010aa4b423
01f80495e3
0107213423
0000000000
010ab4b423
01fa0495e3
0107313423
0000000000
010ac4b423
01f80496e3
0107413423
0000000000
010ad4b423
01fa0496e3
0107513423
0000000000
010ae4b423
01f80497e3
0107613423
0000000000
010af4b423
01fa0497e3
0107713423
0000000000
010e84b423
01fc0494e3
0107813423
0000000000
010e94b423
01fe0494e3
0107913423
0000000000
010ea4b423
01fc0495e3
0107a13423
0000000000
010eb4b423
01fe0495e3
0107b13423
0000000000
010ec4b423
01fc0496e3
0107c13423
0000000000
010ed4b423
01fe0496e3
0107d13423
0000000000
010ee4b423
01fc0497e3
0107e13423
0000000000
010ef4b423
01fe0497e3
0107f13423
0000000000
0102853423
01f00514e3
010a013423
0000000000
0102953423
01f20514e3
010a113423
0000000000
0102a53423
01f00515e3
010a213423
0000000000
0102b53423
01f20515e3
010a313423
0000000000
0102c53423
01f00516e3
010a413423
0000000000
0102d53423
01f20516e3
010a513423
0000000000
0102e53423
01f00517e3
010a613423
0000000000
0102f53423
01f20517e3
010a713423
0000000000
0106853423
01f40514e3
010a813423
0000000000
0106953423
01f60514e3
010a913423
0000000000
0106a53423
01f40515e3
010aa13423
0000000000
0106b53423
01f60515e3
010ab13423
0000000000
0106c53423
01f40516e3
010ac13423
0000000000
0106d53423
01f60516e3
010ad13423
0000000000
0106e53423
01f40517e3
010ae13423
0000000000
0106f53423
01f60517e3
010af13423
0000000000
010a853423
01f80514e3
010b013423
0000000000
010a953423
01fa0514e3
010b113423
0000000000
010aa53423
01f80515e3
010b213423
0000000000
010ab53423
01fa0515e3
010b313423
0000000000
010ac53423
01f80516e3
010b413423
0000000000
010ad53423
01fa0516e3
010b513423
0000000000
010ae53423
01f80517e3
010b613423
0000000000
010af53423
01fa0517e3
010b713423
0000000000
010e853423
01fc0514e3
010b813423
0000000000
010e953423
01fe0514e3
010b913423
0000000000
010ea53423
01fc0515e3
010ba13423
0000000000
010eb53423
01fe0515e3
010bb13423
0000000000
010ec53423
01fc0516e3
010bc13423
0000000000
010ed53423
01fe0516e3
010bd13423
0000000000
010ee53423
01fc0517e3
010be13423
0000000000
010ef53423
01fe0517e3
010bf13423
0000000000
010285b423
01f00594e3
010e013423
0000000000
010295b423
01f20594e3
010e113423
0000000000
0102a5b423
01f00595e3
010e213423
0000000000
0102b5b423
01f20595e3
010e313423
0000000000
0102c5b423
01f00596e3
010e413423
0000000000
0102d5b423
01f20596e3
010e513423
0000000000
0102e5b423
01f00597e3
010e613423
0000000000
0102f5b423
01f20597e3
010e713423
0000000000
010685b423
01f40594e3
010e813423
0000000000
010695b423
01f60594e3
010e913423
0000000000
0106a5b423
01f40595e3
010ea13423
0000000000
0106b5b423
01f60595e3
010eb13423
0000000000
0106c5b423
01f40596e3
010ec13423
0000000000
0106d5b423
01f60596e3
010ed13423
0000000000
0106e5b423
01f40597e3
010ee13423
0000000000
0106f5b423
01f60597e3
010ef13423
0000000000
010a85b423
01f80594e3
010f013423
0000000000
010a95b423
01fa0594e3
010f113423
0000000000
010aa5b423
01f80595e3
010f213423
0000000000
010ab5b423
01fa0595e3
010f313423
0000000000
010ac5b423
01f80596e3
010f413423
0000000000
010ad5b423
01fa0596e3
010f513423
0000000000
010ae5b423
01f80597e3
010f613423
0000000000
010af5b423
01fa0597e3
010f713423
0000000000
010e85b423
01fc0594e3
010f813423
0000000000
010e95b423
01fe0594e3
010f913423
0000000000
010ea5b423
01fc0595e3
010fa13423
0000000000
010eb5b423
01fe0595e3
010fb13423
0000000000
010ec5b423
01fc0596e3
010fc13423
0000000000
010ed5b423
01fe0596e3
010fd13423
0000000000
010ee5b423
01fc0597e3
010fe13423
0000000000
010ef5b423
01fe0597e3
010ff13423
0000000000
0102863423
01f00614e3
0112013423
0000000000
0102963423
01f20614e3
0112113423
0000000000
0102a63423
01f00615e3
0112213423
0000000000
0102b63423
01f20615e3
0112313423
0000000000
0102c63423
01f00616e3
0112413423
0000000000
0102d63423
01f20616e3
0112513423
0000000000
0102e63423
01f00617e3
0112613423
0000000000
0102f63423
01f20617e3
0112713423
0000000000
0106863423
01f40614e3
0112813423
0000000000
0106963423
01f60614e3
0112913423
0000000000
0106a63423
01f40615e3
0112a13423
0000000000
0106b63423
01f60615e3
0112b13423
0000000000
0106c63423
01f40616e3
0112c13423
0000000000
0106d63423
01f60616e3
0112d13423
0000000000
0106e63423
01f40617e3
0112e13423
0000000000
0106f63423
01f60617e3
0112f13423
0000000000
010a863423
01f80614e3
0113013423
0000000000
010a963423
01fa0614e3
0113113423
0000000000
010aa63423
01f80615e3
0113213423
0000000000
010ab63423
01fa0615e3
0113313423
0000000000
010ac63423
01f80616e3
0113413423
0000000000
010ad63423
01fa0616e3
0113513423
0000000000
010ae63423
01f80617e3
0113613423
0000000000
010af63423
01fa0617e3
0113713423
0000000000
010e863423
01fc0614e3
0113813423
0000000000
010e963423
01fe0614e3
0113913423
0000000000
010ea63423
01fc0615e3
0113a13423
0000000000
010eb63423
01fe0615e3
0113b13423
0000000000
010ec63423
01fc0616e3
0113c13423
0000000000
010ed63423
01fe0616e3
0113d13423
0000000000
010ee63423
01fc0617e3
0113e13423
0000000000
010ef63423
01fe0617e3
0113f13423
0000000000
010286b423
01f00694e3
0116013423
0000000000
010296b423
01f20694e3
0116113423
0000000000
0102a6b423
01f00695e3
0116213423
0000000000
0102b6b423
01f20695e3
0116313423
0000000000
0102c6b423
01f00696e3
0116413423
0000000000
0102d6b423
01f20696e3
0116513423
0000000000
0102e6b423
01f00697e3
0116613423
0000000000
0102f6b423
01f20697e3
0116713423
0000000000
010686b423
01f40694e3
0116813423
0000000000
010696b423
01f60694e3
0116913423
0000000000
0106a6b423
01f40695e3
0116a13423
0000000000
0106b6b423
01f60695e3
0116b13423
0000000000
0106c6b423
01f40696e3
0116c13423
0000000000
0106d6b423
01f60696e3
0116d13423
0000000000
0106e6b423
01f40697e3
0116e13423
0000000000
0106f6b423
01f60697e3
0116f13423
0000000000
010a86b423
01f80694e3
0117013423
0000000000
010a96b423
01fa0694e3
0117113423
0000000000
010aa6b423
01f80695e3
0117213423
0000000000
010ab6b423
01fa0695e3
0117313423
0000000000
010ac6b423
01f80696e3
0117413423
0000000000
010ad6b423
01fa0696e3
0117513423
0000000000
010ae6b423
01f80697e3
0117613423
0000000000
010af6b423
01fa0697e3
0117713423
0000000000
010e86b423
01fc0694e3
0117813423
0000000000
010e96b423
01fe0694e3
0117913423
0000000000
010ea6b423
01fc0695e3
0117a13423
0000000000
010eb6b423
01fe0695e3
0117b13423
0000000000
010ec6b423
01fc0696e3
0117c13423
0000000000
010ed6b423
01fe0696e3
0117d13423
0000000000
010ee6b423
01fc0697e3
0117e13423
0000000000
010ef6b423
01fe0697e3
0117f13423
0000000000
0102873423
01f00714e3
011a013423
0000000000
0102973423
01f20714e3
011a113423
0000000000
0102a73423
01f00715e3
011a213423
0000000000
0102b73423
01f20715e3
011a313423
0000000000
0102c73423
01f00716e3
011a413423
0000000000
0102d73423
01f20716e3
011a513423
0000000000
0102e73423
01f00717e3
011a613423
0000000000
0102f73423
01f20717e3
011a713423
0000000000
0106873423
01f40714e3
011a813423
0000000000
0106973423
01f60714e3
011a913423
0000000000
0106a73423
01f40715e3
011aa13423
0000000000
0106b73423
01f60715e3
011ab13423
0000000000
0106c73423
01f40716e3
011ac13423
0000000000
0106d73423
01f60716e3
011ad13423
0000000000
0106e73423
01f40717e3
011ae13423
0000000000
0106f73423
01f60717e3
011af13423
0000000000
010a873423
01f80714e3
011b013423
0000000000
010a973423
01fa0714e3
011b113423
0000000000
010aa73423
01f80715e3
011b213423
0000000000
010ab73423
01fa0715e3
011b313423
0000000000
010ac73423
01f80716e3
011b413423
0000000000
010ad73423
01fa0716e3
011b513423
0000000000
010ae73423
01f80717e3
011b613423
0000000000
010af73423
01fa0717e3
011b713423
0000000000
010e873423
01fc0714e3
011b813423
0000000000
010e973423
01fe0714e3
011b913423
0000000000
010ea73423
01fc0715e3
011ba13423
0000000000
010eb73423
01fe0715e3
011bb13423
0000000000
010ec73423
01fc0716e3
011bc13423
0000000000
010ed73423
01fe0716e3
011bd13423
0000000000
010ee73423
01fc0717e3
011be13423
0000000000
010ef73423
01fe0717e3
011bf13423
0000000000
010287b423
01f00794e3
011e013423
0000000000
010297b423
01f20794e3
011e113423
0000000000
0102a7b423
01f00795e3
011e213423
0000000000
0102b7b423
01f20795e3
011e313423
0000000000
0102c7b423
01f00796e3
011e413423
0000000000
0102d7b423
01f20796e3
011e513423
0000000000
0102e7b423
01f00797e3
011e613423
0000000000
0102f7b423
01f20797e3
011e713423
0000000000
010687b423
01f40794e3
011e813423
0000000000
010697b423
01f60794e3
011e913423
0000000000
0106a7b423
01f40795e3
011ea13423
0000000000
0106b7b423
01f60795e3
011eb13423
0000000000
0106c7b423
01f40796e3
011ec13423
0000000000
0106d7b423
01f60796e3
011ed13423
0000000000
0106e7b423
01f40797e3
011ee13423
0000000000
0106f7b423
01f60797e3
011ef13423
0000000000
010a87b423
01f80794e3
011f013423
0000000000
010a97b423
01fa0794e3
011f113423
0000000000
010aa7b423
01f80795e3
011f213423
0000000000
010ab7b423
01fa0795e3
011f313423
0000000000
010ac7b423
01f80796e3
011f413423
0000000000
010ad7b423
01fa0796e3
011f513423
0000000000
010ae7b423
01f80797e3
011f613423
0000000000
010af7b423
01fa0797e3
011f713423
0000000000
010e87b423
01fc0794e3
011f813423
0000000000
010e97b423
01fe0794e3
011f913423
0000000000
010ea7b423
01fc0795e3
011fa13423
0000000000
010eb7b423
01fe0795e3
011fb13423
0000000000
010ec7b423
01fc0796e3
011fc13423
0000000000
010ed7b423
01fe0796e3
011fd13423
0000000000
010ee7b423
01fc0797e3
011fe13423
0000000000
010ef7b423
01fe0797e3
011ff13423
0000000000
0102843823
01f00418e3
0102013823
0000000000
0102943823
01f20418e3
0102113823
0000000000
0102a43823
01f00419e3
0102213823
0000000000
0102b43823
01f20419e3
0102313823
0000000000
0102c43823
01f0041ae3
0102413823
0000000000
0102d43823
01f2041ae3
0102513823
0000000000
0102e43823
01f0041be3
0102613823
0000000000
0102f43823
01f2041be3
0102713823
0000000000
0106843823
01f40418e3
0102813823
0000000000
0106943823
01f60418e3
0102913823
0000000000
0106a43823
01f40419e3
0102a13823
0000000000
0106b43823
01f60419e3
0102b13823
0000000000
0106c43823
01f4041ae3
0102c13823
0000000000
0106d43823
01f6041ae3
0102d13823
0000000000
0106e43823
01f4041be3
0102e13823
0000000000
0106f43823
01f6041be3
0102f13823
0000000000
010a843823
01f80418e3
0103013823
0000000000
010a943823
01fa0418e3
0103113823
0000000000
010aa43823
01f80419e3
0103213823
0000000000
010ab43823
01fa0419e3
0103313823
0000000000
010ac43823
01f8041ae3
0103413823
0000000000
010ad43823
01fa041ae3
0103513823
0000000000
010ae43823
01f8041be3
0103613823
0000000000
010af43823
01fa041be3
0103713823
0000000000
010e843823
01fc0418e3
0103813823
0000000000
010e943823
01fe0418e3
0103913823
0000000000
010ea43823
01fc0419e3
0103a13823
0000000000
010eb43823
01fe0419e3
0103b13823
0000000000
010ec43823
01fc041ae3
0103c13823
0000000000
010ed43823
01fe041ae3
0103d13823
0000000000
010ee43823
01fc041be3
0103e13823
0000000000
010ef43823
01fe041be3
0103f13823
0000000000
010284b823
01f00498e3
0106013823
0000000000
010294b823
01f20498e3
0106113823
0000000000
0102a4b823
01f00499e3
0106213823
0000000000
0102b4b823
01f20499e3
0106313823
0000000000
0102c4b823
01f0049ae3
0106413823
0000000000
0102d4b823
01f2049ae3
0106513823
0000000000
0102e4b823
01f0049be3
0106613823
0000000000
0102f4b823
01f2049be3
0106713823
0000000000
010684b823
01f40498e3
0106813823
0000000000
010694b823
01f60498e3
0106913823
0000000000
0106a4b823
01f40499e3
0106a13823
0000000000
0106b4b823
01f60499e3
0106b13823
0000000000
0106c4b823
01f4049ae3
0106c13823
0000000000
0106d4b823
01f6049ae3
0106d13823
0000000000
0106e4b823
01f4049be3
0106e13823
0000000000
0106f4b823
01f6049be3
0106f13823
0000000000
010a84b823
01f80498e3
0107013823
0000000000
010a94b823
01fa0498e3
0107113823
0000000000
010aa4b823
01f80499e3
0107213823
0000000000
010ab4b823
01fa0499e3
0107313823
0000000000
010ac4b823
01f8049ae3
0107413823
0000000000
010ad4b823
01fa049ae3
0107513823
0000000000
010ae4b823
01f8049be3
0107613823
0000000000
010af4b823
01fa049be3
0107713823
0000000000
010e84b823
01fc0498e3
0107813823
0000000000
010e94b823
01fe0498e3
0107913823
0000000000
010ea4b823
01fc0499e3
0107a13823
0000000000
010eb4b823
01fe0499e3
0107b13823
0000000000
010ec4b823
01fc049ae3
0107c13823
0000000000
010ed4b823
01fe049ae3
0107d13823
0000000000
010ee4b823
01fc049be3
0107e13823
0000000000
010ef4b823
01fe049be3
0107f13823
0000000000
0102853823
01f00518e3
010a013823
0000000000
0102953823
01f20518e3
010a113823
0000000000
0102a53823
01f00519e3
010a213823
0000000000
0102b53823
01f20519e3
010a313823
0000000000
0102c53823
01f0051ae3
010a413823
0000000000
0102d53823
01f2051ae3
010a513823
0000000000
0102e53823
01f0051be3
010a613823
0000000000
0102f53823
01f2051be3
010a713823
0000000000
0106853823
01f40518e3
010a813823
0000000000
0106953823
01f60518e3
010a913823
0000000000
0106a53823
01f40519e3
010aa13823
0000000000
0106b53823
01f60519e3
010ab13823
0000000000
0106c53823
01f4051ae3
010ac13823
0000000000
0106d53823
01f6051ae3
010ad13823
0000000000
0106e53823
01f4051be3
010ae13823
0000000000
0106f53823
01f6051be3
010af13823
0000000000
010a853823
01f80518e3
010b013823
0000000000
010a953823
01fa0518e3
010b113823
0000000000
010aa53823
01f80519e3
010b213823
0000000000
010ab53823
01fa0519e3
010b313823
0000000000
010ac53823
01f8051ae3
010b413823
0000000000
010ad53823
01fa051ae3
010b513823
0000000000
010ae53823
01f8051be3
010b613823
0000000000
010af53823
01fa051be3
010b713823
0000000000
010e853823
01fc0518e3
010b813823
0000000000
010e953823
01fe0518e3
010b913823
0000000000
010ea53823
01fc0519e3
010ba13823
0000000000
010eb53823
01fe0519e3
010bb13823
0000000000
010ec53823
01fc051ae3
010bc13823
0000000000
010ed53823
01fe051ae3
010bd13823
0000000000
010ee53823
01fc051be3
010be13823
0000000000
010ef53823
01fe051be3
010bf13823
0000000000
010285b823
01f00598e3
010e013823
0000000000
010295b823
01f20598e3
010e113823
0000000000
0102a5b823
01f00599e3
010e213823
0000000000
0102b5b823
01f20599e3
010e313823
0000000000
0102c5b823
01f0059ae3
010e413823
0000000000
0102d5b823
01f2059ae3
010e513823
0000000000
0102e5b823
01f0059be3
010e613823
0000000000
0102f5b823
01f2059be3
010e713823
0000000000
010685b823
01f40598e3
010e813823
0000000000
010695b823
01f60598e3
010e913823
0000000000
0106a5b823
01f40599e3
010ea13823
0000000000
0106b5b823
01f60599e3
010eb13823
0000000000
0106c5b823
01f4059ae3
010ec13823
0000000000
0106d5b823
01f6059ae3
010ed13823
0000000000
0106e5b823
01f4059be3
010ee13823
0000000000
0106f5b823
01f6059be3
010ef13823
0000000000
010a85b823
01f80598e3
010f013823
0000000000
010a95b823
01fa0598e3
010f113823
0000000000
010aa5b823
01f80599e3
010f213823
0000000000
010ab5b823
01fa0599e3
010f313823
0000000000
010ac5b823
01f8059ae3
010f413823
0000000000
010ad5b823
01fa059ae3
010f513823
0000000000
010ae5b823
01f8059be3
010f613823
0000000000
010af5b823
01fa059be3
010f713823
0000000000
010e85b823
01fc0598e3
010f813823
0000000000
010e95b823
01fe0598e3
010f913823
0000000000
010ea5b823
01fc0599e3
010fa13823
0000000000
010eb5b823
01fe0599e3
010fb13823
0000000000
010ec5b823
01fc059ae3
010fc13823
0000000000
010ed5b823
01fe059ae3
010fd13823
0000000000
010ee5b823
01fc059be3
010fe13823
0000000000
010ef5b823
01fe059be3
010ff13823
0000000000
0102863823
01f00618e3
0112013823
0000000000
0102963823
01f20618e3
0112113823
0000000000
0102a63823
01f00619e3
0112213823
0000000000
0102b63823
01f20619e3
0112313823
0000000000
0102c63823
01f0061ae3
0112413823
0000000000
0102d63823
01f2061ae3
0112513823
0000000000
0102e63823
01f0061be3
0112613823
0000000000
0102f63823
01f2061be3
0112713823
0000000000
0106863823
01f40618e3
0112813823
0000000000
0106963823
01f60618e3
0112913823
0000000000
0106a63823
01f40619e3
0112a13823
0000000000
0106b63823
01f60619e3
0112b13823
0000000000
0106c63823
01f4061ae3
0112c13823
0000000000
0106d63823
01f6061ae3
0112d13823
0000000000
0106e63823
01f4061be3
0112e13823
0000000000
0106f63823
01f6061be3
0112f13823
0000000000
010a863823
01f80618e3
0113013823
0000000000
010a963823
01fa0618e3
0113113823
0000000000
010aa63823
01f80619e3
0113213823
0000000000
010ab63823
01fa0619e3
0113313823
0000000000
010ac63823
01f8061ae3
0113413823
0000000000
010ad63823
01fa061ae3
0113513823
0000000000
010ae63823
01f8061be3
0113613823
0000000000
010af63823
01fa061be3
0113713823
0000000000
010e863823
01fc0618e3
0113813823
0000000000
010e963823
01fe0618e3
0113913823
0000000000
010ea63823
01fc0619e3
0113a13823
0000000000
010eb63823
01fe0619e3
0113b13823
0000000000
010ec63823
01fc061ae3
0113c13823
0000000000
010ed63823
01fe061ae3
0113d13823
0000000000
010ee63823
01fc061be3
0113e13823
0000000000
010ef63823
01fe061be3
0113f13823
0000000000
010286b823
01f00698e3
0116013823
0000000000
010296b823
01f20698e3
0116113823
0000000000
0102a6b823
01f00699e3
0116213823
0000000000
0102b6b823
01f20699e3
0116313823
0000000000
0102c6b823
01f0069ae3
0116413823
0000000000
0102d6b823
01f2069ae3
0116513823
0000000000
0102e6b823
01f0069be3
0116613823
0000000000
0102f6b823
01f2069be3
0116713823
0000000000
010686b823
01f40698e3
0116813823
0000000000
010696b823
01f60698e3
0116913823
0000000000
0106a6b823
01f40699e3
0116a13823
0000000000
0106b6b823
01f60699e3
0116b13823
0000000000
0106c6b823
01f4069ae3
0116c13823
0000000000
0106d6b823
01f6069ae3
0116d13823
0000000000
0106e6b823
01f4069be3
0116e13823
0000000000
0106f6b823
01f6069be3
0116f13823
0000000000
010a86b823
01f80698e3
0117013823
0000000000
010a96b823
01fa0698e3
0117113823
0000000000
010aa6b823
01f80699e3
0117213823
0000000000
010ab6b823
01fa0699e3
0117313823
0000000000
010ac6b823
01f8069ae3
0117413823
0000000000
010ad6b823
01fa069ae3
0117513823
0000000000
010ae6b823
01f8069be3
0117613823
0000000000
010af6b823
01fa069be3
0117713823
0000000000
010e86b823
01fc0698e3
0117813823
0000000000
010e96b823
01fe0698e3
0117913823
0000000000
010ea6b823
01fc0699e3
0117a13823
0000000000
010eb6b823
01fe0699e3
0117b13823
0000000000
010ec6b823
01fc069ae3
0117c13823
0000000000
010ed6b823
01fe069ae3
0117d13823
0000000000
010ee6b823
01fc069be3
0117e13823
0000000000
010ef6b823
01fe069be3
0117f13823
0000000000
0102873823
01f00718e3
011a013823
0000000000
0102973823
01f20718e3
011a113823
0000000000
0102a73823
01f00719e3
011a213823
0000000000
0102b73823
01f20719e3
011a313823
0000000000
0102c73823
01f0071ae3
011a413823
0000000000
0102d73823
01f2071ae3
011a513823
0000000000
0102e73823
01f0071be3
011a613823
0000000000
0102f73823
01f2071be3
011a713823
0000000000
0106873823
01f40718e3
011a813823
0000000000
0106973823
01f60718e3
011a913823
0000000000
0106a73823
01f40719e3
011aa13823
0000000000
0106b73823
01f60719e3
011ab13823
0000000000
0106c73823
01f4071ae3
011ac13823
0000000000
0106d73823
01f6071ae3
011ad13823
0000000000
0106e73823
01f4071be3
011ae13823
0000000000
0106f73823
01f6071be3
011af13823
0000000000
010a873823
01f80718e3
011b013823
0000000000
010a973823
01fa0718e3
011b113823
0000000000
010aa73823
01f80719e3
011b213823
0000000000
010ab73823
01fa0719e3
011b313823
0000000000
010ac73823
01f8071ae3
011b413823
0000000000
010ad73823
01fa071ae3
011b513823
0000000000
010ae73823
01f8071be3
011b613823
0000000000
010af73823
01fa071be3
011b713823
0000000000
010e873823
01fc0718e3
011b813823
0000000000
010e973823
01fe0718e3
011b913823
0000000000
010ea73823
01fc0719e3
011ba13823
0000000000
010eb73823
01fe0719e3
011bb13823
0000000000
010ec73823
01fc071ae3
011bc13823
0000000000
010ed73823
01fe071ae3
011bd13823
0000000000
010ee73823
01fc071be3
011be13823
0000000000
010ef73823
01fe071be3
011bf13823
0000000000
010287b823
01f00798e3
011e013823
0000000000
010297b823
01f20798e3
011e113823
0000000000
0102a7b823
01f00799e3
011e213823
0000000000
0102b7b823
01f20799e3
011e313823
0000000000
0102c7b823
01f0079ae3
011e413823
0000000000
0102d7b823
01f2079ae3
011e513823
0000000000
0102e7b823
01f0079be3
011e613823
0000000000
0102f7b823
01f2079be3
011e713823
0000000000
010687b823
01f40798e3
011e813823
0000000000
010697b823
01f60798e3
011e913823
0000000000
0106a7b823
01f40799e3
011ea13823
0000000000
0106b7b823
01f60799e3
011eb13823
0000000000
0106c7b823
01f4079ae3
011ec13823
0000000000
0106d7b823
01f6079ae3
011ed13823
0000000000
0106e7b823
01f4079be3
011ee13823
0000000000
0106f7b823
01f6079be3
011ef13823
0000000000
010a87b823
01f80798e3
011f013823
0000000000
010a97b823
01fa0798e3
011f113823
0000000000
010aa7b823
01f80799e3
011f213823
0000000000
010ab7b823
01fa0799e3
011f313823
0000000000
010ac7b823
01f8079ae3
011f413823
0000000000
010ad7b823
01fa079ae3
011f513823
0000000000
010ae7b823
01f8079be3
011f613823
0000000000
010af7b823
01fa079be3
011f713823
0000000000
010e87b823
01fc0798e3
011f813823
0000000000
010e97b823
01fe0798e3
011f913823
0000000000
010ea7b823
01fc0799e3
011fa13823
0000000000
010eb7b823
01fe0799e3
011fb13823
0000000000
010ec7b823
01fc079ae3
011fc13823
0000000000
010ed7b823
01fe079ae3
011fd13823
0000000000
010ee7b823
01fc079be3
011fe13823
0000000000
010ef7b823
01fe079be3
011ff13823
0000000000
0102843c23
01f0041ce3
0102013c23
0000000000
0102943c23
01f2041ce3
0102113c23
0000000000
0102a43c23
01f0041de3
0102213c23
0000000000
0102b43c23
01f2041de3
0102313c23
0000000000
0102c43c23
01f0041ee3
0102413c23
0000000000
0102d43c23
01f2041ee3
0102513c23
0000000000
0102e43c23
01f0041fe3
0102613c23
0000000000
0102f43c23
01f2041fe3
0102713c23
0000000000
0106843c23
01f4041ce3
0102813c23
0000000000
0106943c23
01f6041ce3
0102913c23
0000000000
0106a43c23
01f4041de3
0102a13c23
0000000000
0106b43c23
01f6041de3
0102b13c23
0000000000
0106c43c23
01f4041ee3
0102c13c23
0000000000
0106d43c23
01f6041ee3
0102d13c23
0000000000
0106e43c23
01f4041fe3
0102e13c23
0000000000
0106f43c23
01f6041fe3
0102f13c23
0000000000
010a843c23
01f8041ce3
0103013c23
0000000000
010a943c23
01fa041ce3
0103113c23
0000000000
010aa43c23
01f8041de3
0103213c23
0000000000
010ab43c23
01fa041de3
0103313c23
0000000000
010ac43c23
01f8041ee3
0103413c23
0000000000
010ad43c23
01fa041ee3
0103513c23
0000000000
010ae43c23
01f8041fe3
0103613c23
0000000000
010af43c23
01fa041fe3
0103713c23
0000000000
010e843c23
01fc041ce3
0103813c23
0000000000
010e943c23
01fe041ce3
0103913c23
0000000000
010ea43c23
01fc041de3
0103a13c23
0000000000
010eb43c23
01fe041de3
0103b13c23
0000000000
010ec43c23
01fc041ee3
0103c13c23
0000000000
010ed43c23
01fe041ee3
0103d13c23
0000000000
010ee43c23
01fc041fe3
0103e13c23
0000000000
010ef43c23
01fe041fe3
0103f13c23
0000000000
010284bc23
01f0049ce3
0106013c23
0000000000
010294bc23
01f2049ce3
0106113c23
0000000000
0102a4bc23
01f0049de3
0106213c23
0000000000
0102b4bc23
01f2049de3
0106313c23
0000000000
0102c4bc23
01f0049ee3
0106413c23
0000000000
0102d4bc23
01f2049ee3
0106513c23
0000000000
0102e4bc23
01f0049fe3
0106613c23
0000000000
0102f4bc23
01f2049fe3
0106713c23
0000000000
010684bc23
01f4049ce3
0106813c23
0000000000
010694bc23
01f6049ce3
0106913c23
0000000000
0106a4bc23
01f4049de3
0106a13c23
0000000000
0106b4bc23
01f6049de3
0106b13c23
0000000000
0106c4bc23
01f4049ee3
0106c13c23
0000000000
0106d4bc23
01f6049ee3
0106d13c23
0000000000
0106e4bc23
01f4049fe3
0106e13c23
0000000000
0106f4bc23
01f6049fe3
0106f13c23
0000000000
010a84bc23
01f8049ce3
0107013c23
0000000000
010a94bc23
01fa049ce3
0107113c23
0000000000
010aa4bc23
01f8049de3
0107213c23
0000000000
010ab4bc23
01fa049de3
0107313c23
0000000000
010ac4bc23
01f8049ee3
0107413c23
0000000000
010ad4bc23
01fa049ee3
0107513c23
0000000000
010ae4bc23
01f8049fe3
0107613c23
0000000000
010af4bc23
01fa049fe3
0107713c23
0000000000
010e84bc23
01fc049ce3
0107813c23
0000000000
010e94bc23
01fe049ce3
0107913c23
0000000000
010ea4bc23
01fc049de3
0107a13c23
0000000000
010eb4bc23
01fe049de3
0107b13c23
0000000000
010ec4bc23
01fc049ee3
0107c13c23
0000000000
010ed4bc23
01fe049ee3
0107d13c23
0000000000
010ee4bc23
01fc049fe3
0107e13c23
0000000000
010ef4bc23
01fe049fe3
0107f13c23
0000000000
0102853c23
01f0051ce3
010a013c23
0000000000
0102953c23
01f2051ce3
010a113c23
0000000000
0102a53c23
01f0051de3
010a213c23
0000000000
0102b53c23
01f2051de3
010a313c23
0000000000
0102c53c23
01f0051ee3
010a413c23
0000000000
0102d53c23
01f2051ee3
010a513c23
0000000000
0102e53c23
01f0051fe3
010a613c23
0000000000
0102f53c23
01f2051fe3
010a713c23
0000000000
0106853c23
01f4051ce3
010a813c23
0000000000
0106953c23
01f6051ce3
010a913c23
0000000000
0106a53c23
01f4051de3
010aa13c23
0000000000
0106b53c23
01f6051de3
010ab13c23
0000000000
0106c53c23
01f4051ee3
010ac13c23
0000000000
0106d53c23
01f6051ee3
010ad13c23
0000000000
0106e53c23
01f4051fe3
010ae13c23
0000000000
0106f53c23
01f6051fe3
010af13c23
0000000000
010a853c23
01f8051ce3
010b013c23
0000000000
010a953c23
01fa051ce3
010b113c23
0000000000
010aa53c23
01f8051de3
010b213c23
0000000000
010ab53c23
01fa051de3
010b313c23
0000000000
010ac53c23
01f8051ee3
010b413c23
0000000000
010ad53c23
01fa051ee3
010b513c23
0000000000
010ae53c23
01f8051fe3
010b613c23
0000000000
010af53c23
01fa051fe3
010b713c23
0000000000
010e853c23
01fc051ce3
010b813c23
0000000000
010e953c23
01fe051ce3
010b913c23
0000000000
010ea53c23
01fc051de3
010ba13c23
0000000000
010eb53c23
01fe051de3
010bb13c23
0000000000
010ec53c23
01fc051ee3
010bc13c23
0000000000
010ed53c23
01fe051ee3
010bd13c23
0000000000
010ee53c23
01fc051fe3
010be13c23
0000000000
010ef53c23
01fe051fe3
010bf13c23
0000000000
010285bc23
01f0059ce3
010e013c23
0000000000
010295bc23
01f2059ce3
010e113c23
0000000000
0102a5bc23
01f0059de3
010e213c23
0000000000
0102b5bc23
01f2059de3
010e313c23
0000000000
0102c5bc23
01f0059ee3
010e413c23
0000000000
0102d5bc23
01f2059ee3
010e513c23
0000000000
0102e5bc23
01f0059fe3
010e613c23
0000000000
0102f5bc23
01f2059fe3
010e713c23
0000000000
010685bc23
01f4059ce3
010e813c23
0000000000
010695bc23
01f6059ce3
010e913c23
0000000000
0106a5bc23
01f4059de3
010ea13c23
0000000000
0106b5bc23
01f6059de3
010eb13c23
0000000000
0106c5bc23
01f4059ee3
010ec13c23
0000000000
0106d5bc23
01f6059ee3
010ed13c23
0000000000
0106e5bc23
01f4059fe3
010ee13c23
0000000000
0106f5bc23
01f6059fe3
010ef13c23
0000000000
010a85bc23
01f8059ce3
010f013c23
0000000000
010a95bc23
01fa059ce3
010f113c23
0000000000
010aa5bc23
01f8059de3
010f213c23
0000000000
010ab5bc23
01fa059de3
010f313c23
0000000000
010ac5bc23
01f8059ee3
010f413c23
0000000000
010ad5bc23
01fa059ee3
010f513c23
0000000000
010ae5bc23
01f8059fe3
010f613c23
0000000000
010af5bc23
01fa059fe3
010f713c23
0000000000
010e85bc23
01fc059ce3
010f813c23
0000000000
010e95bc23
01fe059ce3
010f913c23
0000000000
010ea5bc23
01fc059de3
010fa13c23
0000000000
010eb5bc23
01fe059de3
010fb13c23
0000000000
010ec5bc23
01fc059ee3
010fc13c23
0000000000
010ed5bc23
01fe059ee3
010fd13c23
0000000000
010ee5bc23
01fc059fe3
010fe13c23
0000000000
010ef5bc23
01fe059fe3
010ff13c23
0000000000
0102863c23
01f0061ce3
0112013c23
0000000000
0102963c23
01f2061ce3
0112113c23
0000000000
0102a63c23
01f0061de3
0112213c23
0000000000
0102b63c23
01f2061de3
0112313c23
0000000000
0102c63c23
01f0061ee3
0112413c23
0000000000
0102d63c23
01f2061ee3
0112513c23
0000000000
0102e63c23
01f0061fe3
0112613c23
0000000000
0102f63c23
01f2061fe3
0112713c23
0000000000
0106863c23
01f4061ce3
0112813c23
0000000000
0106963c23
01f6061ce3
0112913c23
0000000000
0106a63c23
01f4061de3
0112a13c23
0000000000
0106b63c23
01f6061de3
0112b13c23
0000000000
0106c63c23
01f4061ee3
0112c13c23
0000000000
0106d63c23
01f6061ee3
0112d13c23
0000000000
0106e63c23
01f4061fe3
0112e13c23
0000000000
0106f63c23
01f6061fe3
0112f13c23
0000000000
010a863c23
01f8061ce3
0113013c23
0000000000
010a963c23
01fa061ce3
0113113c23
0000000000
010aa63c23
01f8061de3
0113213c23
0000000000
010ab63c23
01fa061de3
0113313c23
0000000000
010ac63c23
01f8061ee3
0113413c23
0000000000
010ad63c23
01fa061ee3
0113513c23
0000000000
010ae63c23
01f8061fe3
0113613c23
0000000000
010af63c23
01fa061fe3
0113713c23
0000000000
010e863c23
01fc061ce3
0113813c23
0000000000
010e963c23
01fe061ce3
0113913c23
0000000000
010ea63c23
01fc061de3
0113a13c23
0000000000
010eb63c23
01fe061de3
0113b13c23
0000000000
010ec63c23
01fc061ee3
0113c13c23
0000000000
010ed63c23
01fe061ee3
0113d13c23
0000000000
010ee63c23
01fc061fe3
0113e13c23
0000000000
010ef63c23
01fe061fe3
0113f13c23
0000000000
010286bc23
01f0069ce3
0116013c23
0000000000
010296bc23
01f2069ce3
0116113c23
0000000000
0102a6bc23
01f0069de3
0116213c23
0000000000
0102b6bc23
01f2069de3
0116313c23
0000000000
0102c6bc23
01f0069ee3
0116413c23
0000000000
0102d6bc23
01f2069ee3
0116513c23
0000000000
0102e6bc23
01f0069fe3
0116613c23
0000000000
0102f6bc23
01f2069fe3
0116713c23
0000000000
010686bc23
01f4069ce3
0116813c23
0000000000
010696bc23
01f6069ce3
0116913c23
0000000000
0106a6bc23
01f4069de3
0116a13c23
0000000000
0106b6bc23
01f6069de3
0116b13c23
0000000000
0106c6bc23
01f4069ee3
0116c13c23
0000000000
0106d6bc23
01f6069ee3
0116d13c23
0000000000
0106e6bc23
01f4069fe3
0116e13c23
0000000000
0106f6bc23
01f6069fe3
0116f13c23
0000000000
010a86bc23
01f8069ce3
0117013c23
0000000000
010a96bc23
01fa069ce3
0117113c23
0000000000
010aa6bc23
01f8069de3
0117213c23
0000000000
010ab6bc23
01fa069de3
0117313c23
0000000000
010ac6bc23
01f8069ee3
0117413c23
0000000000
010ad6bc23
01fa069ee3
0117513c23
0000000000
010ae6bc23
01f8069fe3
0117613c23
0000000000
010af6bc23
01fa069fe3
0117713c23
0000000000
010e86bc23
01fc069ce3
0117813c23
0000000000
010e96bc23
01fe069ce3
0117913c23
0000000000
010ea6bc23
01fc069de3
0117a13c23
0000000000
010eb6bc23
01fe069de3
0117b13c23
0000000000
010ec6bc23
01fc069ee3
0117c13c23
0000000000
010ed6bc23
01fe069ee3
0117d13c23
0000000000
010ee6bc23
01fc069fe3
0117e13c23
0000000000
010ef6bc23
01fe069fe3
0117f13c23
0000000000
0102873c23
01f0071ce3
011a013c23
0000000000
0102973c23
01f2071ce3
011a113c23
0000000000
0102a73c23
01f0071de3
011a213c23
0000000000
0102b73c23
01f2071de3
011a313c23
0000000000
0102c73c23
01f0071ee3
011a413c23
0000000000
0102d73c23
01f2071ee3
011a513c23
0000000000
0102e73c23
01f0071fe3
011a613c23
0000000000
0102f73c23
01f2071fe3
011a713c23
0000000000
0106873c23
01f4071ce3
011a813c23
0000000000
0106973c23
01f6071ce3
011a913c23
0000000000
0106a73c23
01f4071de3
011aa13c23
0000000000
0106b73c23
01f6071de3
011ab13c23
0000000000
0106c73c23
01f4071ee3
011ac13c23
0000000000
0106d73c23
01f6071ee3
011ad13c23
0000000000
0106e73c23
01f4071fe3
011ae13c23
0000000000
0106f73c23
01f6071fe3
011af13c23
0000000000
010a873c23
01f8071ce3
011b013c23
0000000000
010a973c23
01fa071ce3
011b113c23
0000000000
010aa73c23
01f8071de3
011b213c23
0000000000
010ab73c23
01fa071de3
011b313c23
0000000000
010ac73c23
01f8071ee3
011b413c23
0000000000
010ad73c23
01fa071ee3
011b513c23
0000000000
010ae73c23
01f8071fe3
011b613c23
0000000000
010af73c23
01fa071fe3
011b713c23
0000000000
010e873c23
01fc071ce3
011b813c23
0000000000
010e973c23
01fe071ce3
011b913c23
0000000000
010ea73c23
01fc071de3
011ba13c23
0000000000
010eb73c23
01fe071de3
011bb13c23
0000000000
010ec73c23
01fc071ee3
011bc13c23
0000000000
010ed73c23
01fe071ee3
011bd13c23
0000000000
010ee73c23
01fc071fe3
011be13c23
0000000000
010ef73c23
01fe071fe3
011bf13c23
0000000000
010287bc23
01f0079ce3
011e013c23
0000000000
010297bc23
01f2079ce3
011e113c23
0000000000
0102a7bc23
01f0079de3
011e213c23
0000000000
0102b7bc23
01f2079de3
011e313c23
0000000000
0102c7bc23
01f0079ee3
011e413c23
0000000000
0102d7bc23
01f2079ee3
011e513c23
0000000000
0102e7bc23
01f0079fe3
011e613c23
0000000000
0102f7bc23
01f2079fe3
011e713c23
0000000000
010687bc23
01f4079ce3
011e813c23
0000000000
010697bc23
01f6079ce3
011e913c23
0000000000
0106a7bc23
01f4079de3
011ea13c23
0000000000
0106b7bc23
01f6079de3
011eb13c23
0000000000
0106c7bc23
01f4079ee3
011ec13c23
0000000000
0106d7bc23
01f6079ee3
011ed13c23
0000000000
0106e7bc23
01f4079fe3
011ee13c23
0000000000
0106f7bc23
01f6079fe3
011ef13c23
0000000000
010a87bc23
01f8079ce3
011f013c23
0000000000
010a97bc23
01fa079ce3
011f113c23
0000000000
010aa7bc23
01f8079de3
011f213c23
0000000000
010ab7bc23
01fa079de3
011f313c23
0000000000
010ac7bc23
01f8079ee3
011f413c23
0000000000
010ad7bc23
01fa079ee3
011f513c23
0000000000
010ae7bc23
01f8079fe3
011f613c23
0000000000
010af7bc23
01fa079fe3
011f713c23
0000000000
010e87bc23
01fc079ce3
011f813c23
0000000000
010e97bc23
01fe079ce3
011f913c23
0000000000
010ea7bc23
01fc079de3
011fa13c23
0000000000
010eb7bc23
01fe079de3
011fb13c23
0000000000
010ec7bc23
01fc079ee3
011fc13c23
0000000000
010ed7bc23
01fe079ee3
011fd13c23
0000000000
010ee7bc23
01fc079fe3
011fe13c23
0000000000
010ef7bc23
01fe079fe3
011ff13c23
0000000000
